年,月,日,時,分,縣市,區,死,受傷,2-30,天候,光線,道路類別,速限,道路型態,事故位置,路面鋪裝,路面狀態,路面缺陷,障礙物,視距,號誌種類,號誌動作,分向設施,快車道或一般車道間,快慢車道間,路面邊線,事故類型及型態,主要肇因,受傷程度,主要傷處,保護裝備,行動電話,當事者區分,車輛用途,當事者行動狀態,駕駛資格情形,駕駛執照種類,飲酒情形,車輛撞擊部位最初,車輛撞擊部位其他,肇事因素個別,肇事因素主要,肇事逃逸,職業,旅次目的,車種,GPS緯度,GPS經度,事故類別
2022,11,5,13,6,臺中市,西區,0,0,0,8,,,50,,,,,,,,,,,,,,,16,,,,,B03,,,1,,1,,,16,,1,5,,B03,120.672193,24.135509,3
2022,11,5,13,10,臺中市,烏日區,0,0,0,8,,,50,,,,,,,,,,,,,,,17,,,,,A11,,,1,,2,,,17,,1,21,,A11,120.621962,24.106298,3
2022,11,5,13,16,臺中市,西屯區,0,0,0,8,,,80,,,,,,,,,,,,,,,65,,,,,,,,,,,,,65,,1,,,,120.634948,24.179291,3
2022,11,5,13,23,臺中市,西屯區,0,2,0,8,1,5,50,3,1,1,5,4,5,7,4,4,5,5,5,2,16,44,2,9,3,4,C03,7,1,1,10,2,14,,44,19,1,22,8,C03,120.643514,24.17645,2
2022,11,5,13,25,臺中市,西區,0,0,0,,,,50,,,,,,,,,,,,,,,16,,,,,B03,,,1,,1,,,16,,1,21,,B03,120.668101,24.130483,3
2022,11,5,13,26,臺中市,豐原區,0,1,0,8,1,5,50,4,1,1,5,4,5,7,1,1,10,5,5,2,16,26,2,9,1,1,C03,7,5,4,8,2,13,,26,26,1,21,8,C03,120.757827,24.275863,2
2022,11,5,13,27,臺中市,神岡區,0,2,0,8,1,5,50,3,1,1,5,4,5,7,1,1,1,4,5,1,16,25,3,10,1,1,B03,7,9,1,8,2,2,,25,25,1,21,8,B03,120.690661,24.247903,2
2022,11,5,13,33,臺中市,北屯區,0,0,0,8,,,30,,,,,,,,,,,,,,,23,,,,,B03,,,1,,2,,,23,,1,21,,B03,120.670746,24.181295,3
2022,11,5,13,36,臺中市,太平區,0,1,0,8,1,5,50,14,9,1,5,4,5,7,1,1,5,5,5,2,17,19,3,10,1,1,B03,7,1,1,8,2,4,,19,19,1,22,8,B03,120.714972,24.141447,2
2022,11,5,13,39,臺中市,梧棲區,0,0,0,8,,,30,,,,,,,,,,,,,,,8,,,,,C03,,,1,,2,,,44,23,1,5,,C03,120.547336,24.228465,3
2022,11,5,13,49,臺中市,南屯區,0,0,0,8,,,50,,,,,,,,,,,,,,,23,,,,,B03,,,1,,1,,,23,,1,5,,B03,120.624147,24.149373,3
2022,11,5,14,0,臺中市,北區,0,0,0,,,,50,,,,,,,,,,,,,,,17,,,,,B03,,,1,,1,,,17,,1,21,,B03,120.685238,24.16221,3
2022,11,5,14,2,臺中市,北區,0,0,0,8,,,50,,,,,,,,,,,,,,,25,,,,,C03,,,1,,1,,,25,,1,22,,C03,120.685377,24.152791,3
2022,11,5,14,6,臺中市,沙鹿區,0,0,0,8,,,50,,,,,,,,,,,,,,,7,,,,,A31,,,1,,2,,,7,,1,10,,A31,120.558873,24.234542,3
2022,11,5,14,7,臺中市,北屯區,0,0,0,8,,,30,,,,,,,,,,,,,,,12,,,,,B03,,,1,,1,,,12,,1,22,,B03,120.741079,24.183132,3
2022,11,5,14,8,臺中市,沙鹿區,0,0,0,8,,,50,,,,,,,,,,,,,,,23,,,,,B03,,,1,,2,,,23,,1,22,,B03,120.557373,24.234239,3
2022,11,5,14,12,臺中市,烏日區,0,0,0,8,,,60,,,,,,,,,,,,,,,56,,,,,H02,,,8,,10,,,56,,1,20,,H02,120.6367,24.107396,3
2022,11,5,14,18,臺中市,東區,0,0,0,8,,,50,,,,,,,,,,,,,,,23,,,,,B03,,,1,,2,,,23,,1,22,,B03,120.690471,24.140038,3
2022,11,5,14,19,臺中市,北屯區,0,1,0,8,1,5,50,4,1,1,5,4,5,7,1,1,10,5,5,2,15,25,2,9,1,1,C03,7,9,6,18,2,11,,25,25,1,4,8,C03,120.685221,24.190465,2
2022,11,5,14,20,臺中市,南區,0,0,0,,,,,,,,,,,,,,,,,,,67,,,,,,,,,,,,,67,,1,,,,120.683392,24.122385,3
2022,11,5,14,20,臺中市,豐原區,0,0,0,8,,,50,,,,,,,,,,,,,,,23,,,,,B03,,,1,,2,,,23,23,1,19,,B03,120.725898,24.246366,3
2022,11,5,14,22,臺中市,北屯區,0,1,0,8,1,5,50,14,9,1,5,4,5,7,4,4,9,5,5,2,16,16,2,7,1,1,C03,7,9,1,10,2,11,,16,16,1,21,8,C03,120.679902,24.181458,2
2022,11,5,14,24,臺中市,南屯區,0,1,0,8,1,5,50,14,9,1,5,4,5,7,4,4,9,4,5,2,12,16,3,10,1,1,B03,7,9,1,8,8,5,,16,16,1,22,8,B03,120.611366,24.147147,2
2022,11,5,14,28,臺中市,太平區,0,0,0,8,,,30,,,,,,,,,,,,,,,5,,,,,B03,,,1,,2,,,5,,1,21,,B03,120.724415,24.134543,3
2022,11,5,14,30,臺中市,大雅區,0,0,0,8,,,50,,,,,,,,,,,,,,,16,,,,,B03,,,1,,2,,,16,,1,22,,B03,120.649809,24.213705,4
2022,11,5,14,36,臺中市,大里區,0,0,0,8,,,50,,,,,,,,,,,,,,,12,,,,,B03,,,1,,11,,,12,,1,3,,B03,120.68976,24.112548,3
2022,11,5,14,37,臺中市,龍井區,0,0,0,,,,50,,,,,,,,,,,,,,,35,,,,,B12,,,1,,2,,,35,,1,5,,B12,120.583772,24.182011,3
2022,11,5,14,44,臺中市,西屯區,0,1,0,8,1,5,50,3,1,1,5,4,5,7,1,1,5,4,4,2,16,6,3,10,1,1,B03,7,5,1,8,2,8,,6,6,1,22,8,B03,120.661821,24.176325,2
2022,11,5,14,46,臺中市,北屯區,0,1,0,8,1,5,50,4,1,1,5,4,5,7,1,1,10,5,5,2,18,13,2,9,1,1,C03,7,9,1,10,2,12,,13,13,1,22,8,C03,120.684084,24.172353,2
2022,11,5,14,52,臺中市,西區,0,0,0,,,,50,,,,,,,,,,,,,,,12,,,,,B03,,,1,,2,,,12,,1,5,,B03,120.65764,24.151293,3
2022,11,5,14,52,臺中市,北屯區,0,1,0,8,1,5,50,5,1,1,5,4,5,7,1,1,10,5,5,2,16,6,3,10,1,1,B03,7,6,1,8,2,6,,6,6,1,21,8,B03,120.686425,24.18823,2
2022,11,5,14,54,臺中市,南屯區,0,1,0,8,1,5,50,4,1,1,5,4,5,7,2,1,10,5,5,2,16,19,2,9,1,1,C03,7,1,1,10,2,14,,19,19,1,5,8,C03,120.637279,24.147006,2
2022,11,5,15,5,臺中市,北屯區,0,1,0,8,1,5,50,4,1,1,5,4,5,7,1,1,10,5,5,2,13,16,2,9,3,4,C03,7,9,1,10,2,11,,16,16,1,21,8,C03,120.690256,24.170313,2
2022,11,5,15,6,臺中市,北區,0,0,0,8,,,50,,,,,,,,,,,,,,,42,,,,,A12,,,1,,1,,,42,,1,22,,A12,120.669363,24.157046,3
2022,11,5,15,25,臺中市,北區,0,1,0,8,1,5,50,4,2,1,5,4,5,7,2,1,3,2,4,1,16,25,3,10,3,4,B03,7,11,1,8,2,5,,25,25,1,22,9,B03,120.699678,24.160396,2
2022,11,5,15,28,臺中市,沙鹿區,0,0,0,8,,,60,,,,,,,,,,,,,,,42,,,,,B03,,,1,,2,,,42,,1,19,,B03,120.566694,24.204254,3
2022,11,5,15,30,臺中市,南區,0,3,0,8,1,5,50,4,1,1,5,4,5,7,1,1,10,5,5,2,16,8,2,9,1,1,C03,7,9,1,10,2,12,,44,8,1,22,8,C03,120.679466,24.12648,2
2022,11,5,15,33,臺中市,外埔區,0,0,0,6,1,5,50,14,9,1,4,4,5,7,1,1,1,3,5,1,13,23,3,10,1,1,B03,7,9,1,8,2,1,,23,23,1,4,8,B03,120.653136,24.320872,3
2022,11,5,15,36,臺中市,清水區,0,0,0,8,,,50,,,,,,,,,,,,,,,23,,,,,B03,,,1,,2,,,23,,1,21,,B03,120.579015,24.278485,3
2022,11,5,15,38,臺中市,太平區,0,0,0,8,,,30,,,,,,,,,,,,,,,12,,,,,B01,,,1,,2,,,12,,1,21,,B01,120.731316,24.149546,3
2022,11,5,15,39,臺中市,北屯區,0,0,0,8,,,50,,,,,,,,,,,,,,,12,,,,,B03,,,1,,2,,,12,,1,21,,B03,120.747554,24.195418,3
2022,11,5,15,41,臺中市,西區,0,0,0,8,,,30,,,,,,,,,,,,,,,6,,,,,B03,,,1,8,2,,,6,6,1,5,,B03,120.656643,24.156329,3
2022,11,5,15,44,臺中市,北屯區,0,1,0,8,1,5,50,3,1,1,5,4,5,7,4,4,10,5,5,1,18,43,2,7,3,4,C03,7,14,1,10,2,15,,43,43,1,21,8,C03,120.690435,24.202085,2
2022,11,5,15,52,臺中市,西屯區,0,0,0,8,,,50,,,,,,,,,,,,,,,23,,,,,B03,,,1,,1,,,23,,1,22,,B03,120.634169,24.172527,3
2022,11,5,15,56,臺中市,沙鹿區,0,1,0,8,1,5,40,14,8,1,5,4,5,7,4,4,10,5,5,2,18,23,2,7,3,4,C03,7,9,1,10,2,14,,23,23,1,22,9,C03,120.590907,24.252325,2
2022,11,5,15,59,臺中市,沙鹿區,0,2,0,7,1,5,50,3,1,1,4,4,5,6,4,4,10,5,5,2,17,10,3,10,1,1,B03,7,11,1,8,2,5,,10,10,1,4,8,B03,120.568763,24.236967,2
2022,11,5,16,0,臺中市,西屯區,0,2,0,7,1,5,70,3,1,1,5,4,5,7,4,4,10,5,5,2,12,9,3,10,1,1,B03,7,6,1,8,2,6,,9,9,1,22,8,B03,120.627225,24.177463,2
2022,11,5,16,0,臺中市,龍井區,0,1,0,7,1,5,30,4,1,1,5,4,5,7,4,4,10,5,5,2,15,6,2,9,1,1,C03,7,9,1,10,2,11,,6,6,1,12,8,C03,120.544236,24.180838,2
2022,11,5,16,0,臺中市,大肚區,0,0,0,,,,50,,,,,,,,,,,,,,,6,,,,,A11,,,1,,2,,,6,,1,10,,A11,120.567144,24.122517,3
2022,11,5,16,1,臺中市,南區,0,1,0,8,1,5,50,4,1,1,5,4,5,7,1,1,9,4,5,2,16,8,2,8,1,1,C03,7,5,1,8,2,11,12,8,8,1,5,1,C03,120.658888,24.117019,2
2022,11,5,16,1,臺中市,東勢區,0,0,0,8,,,30,,,,,,,,,,,,,,,12,,,,,B03,,,1,,1,,,44,44,1,20,,B03,120.79508,24.286453,3
2022,11,5,16,4,臺中市,大甲區,0,3,0,8,1,5,50,4,1,1,5,4,5,7,4,4,10,5,5,1,15,6,2,9,1,1,C03,7,9,1,10,2,11,,6,6,1,22,8,C03,120.626213,24.348041,2
2022,11,5,16,10,臺中市,北屯區,0,1,0,7,1,5,50,3,1,1,5,4,5,7,1,1,10,5,5,2,16,10,3,10,1,1,B12,7,11,1,8,2,4,,10,10,1,21,8,B12,120.704431,24.184845,2
2022,11,5,16,13,臺中市,后里區,0,1,0,6,1,5,50,4,2,1,4,4,5,7,4,4,4,5,4,1,16,26,2,9,2,1,F03,7,5,8,20,2,16,,26,26,1,21,8,F03,120.720271,24.3091,2
2022,11,5,16,14,臺中市,太平區,0,0,0,8,,,50,,,,,,,,,,,,,,,23,,,,,B03,,,1,,2,,,23,,1,22,,B03,120.726744,24.149958,3
2022,11,5,16,16,臺中市,沙鹿區,0,2,0,8,1,5,50,4,1,1,5,4,5,7,1,1,10,5,5,2,15,6,2,9,1,1,C03,7,9,1,10,2,11,,6,6,1,22,9,C03,120.560627,24.236035,2
2022,11,5,16,20,臺中市,北區,0,1,0,8,1,5,40,4,1,1,5,4,5,7,1,1,10,5,5,2,12,25,2,9,3,4,C03,7,9,1,10,2,15,,25,25,1,5,8,C03,120.674905,24.161646,2
2022,11,5,16,26,臺中市,西區,0,0,0,8,,,50,,,,,,,,,,,,,,,7,,,,,B01,,,1,,1,,,7,,1,21,,B01,120.67182,24.145915,3
2022,11,5,16,28,臺中市,東區,0,0,0,,,,50,,,,,,,,,,,,,,,42,2,9,1,1,B03,7,11,1,10,2,14,,42,42,1,22,9,B03,120.701628,24.142675,3
2022,11,5,16,38,臺中市,大甲區,0,1,0,8,1,5,60,14,7,1,5,4,5,7,4,4,1,4,4,1,17,19,3,10,1,1,B03,7,1,1,1,2,8,4,19,19,1,22,7,B03,120.617833,24.351884,2
2022,11,5,16,39,臺中市,龍井區,0,0,0,,,,60,,,,,,,,,,,,,,,7,,,,,B03,,,1,,1,,,7,,1,22,,B03,120.581758,24.175784,3
2022,11,5,16,40,臺中市,北區,0,2,0,8,1,5,50,3,1,1,5,4,5,7,4,4,5,4,5,2,16,6,2,9,1,1,C03,7,5,1,10,2,11,,6,6,1,22,8,C03,120.687195,24.148519,2
2022,11,5,16,42,臺中市,西屯區,0,2,0,6,2,5,40,4,1,1,4,4,5,7,2,1,10,5,5,2,13,16,2,9,1,1,C03,7,9,1,10,2,11,,16,16,1,22,8,C03,120.649332,24.162486,2
2022,11,5,16,46,臺中市,南區,0,1,0,8,1,5,50,3,1,1,5,4,5,7,1,1,10,5,5,2,17,9,3,10,1,1,B03,7,6,1,8,2,6,,9,9,1,22,8,B03,120.668341,24.119066,2
2022,11,5,16,58,臺中市,西區,0,0,0,,,,50,,,,,,,,,,,,,,,23,,,,,B03,,,1,,2,,,23,,1,5,,B03,120.653239,24.148434,3
2022,11,5,17,2,臺中市,太平區,0,0,0,8,,,50,,,,,,,,,,,,,,,42,,,,,B02,,,1,,2,1,,42,42,1,22,,B02,120.702626,24.148099,3
2022,11,5,17,5,臺中市,烏日區,0,2,0,6,3,5,30,3,1,1,4,4,5,1,4,4,5,5,5,2,16,6,2,9,1,4,C03,7,5,1,10,2,15,,6,6,1,21,9,C03,120.637243,24.104322,2
2022,11,5,17,5,臺中市,烏日區,0,1,0,6,1,5,70,14,7,1,4,4,5,7,4,4,1,3,1,2,13,16,2,7,1,1,B12,7,9,1,8,2,1,,16,16,1,22,9,B12,120.611121,24.100449,2
2022,11,5,17,13,臺中市,南屯區,0,0,0,6,,,50,,,,,,,,,,,,,,,44,,,,,C03,,,1,,9,,,44,,1,22,,C03,120.647213,24.124355,3
2022,11,5,17,14,臺中市,西屯區,0,2,0,6,3,5,50,14,9,1,4,4,5,7,4,4,5,4,5,2,12,6,3,10,1,1,B03,7,6,1,8,2,5,,6,6,1,22,8,B03,120.636683,24.165058,2
2022,11,5,17,19,臺中市,西區,0,2,0,6,2,5,40,14,8,1,4,4,5,7,4,4,1,4,1,2,13,42,2,9,1,1,C03,7,9,1,10,2,12,,42,42,1,5,8,C03,120.668766,24.151448,2
2022,11,5,17,19,臺中市,西屯區,0,1,0,6,3,5,40,14,8,1,4,4,5,7,4,4,5,4,4,2,18,42,2,9,1,1,C03,7,9,1,10,2,12,,42,42,1,22,8,C03,120.642965,24.170204,2
2022,11,5,17,22,臺中市,清水區,0,0,0,8,,,30,,,,,,,,,,,,,,,12,,,,,B03,,,1,,2,,,12,,1,5,,B03,120.554699,24.29391,3
2022,11,5,17,24,臺中市,西屯區,0,0,0,8,,,50,,,,,,,,,,,,,,,23,,,,,B03,,,1,,1,,,23,,1,22,,B03,120.632574,24.180008,3
2022,11,5,17,27,臺中市,西區,0,1,0,6,3,5,50,3,1,1,4,4,5,7,1,1,10,5,5,2,17,25,3,10,1,1,B03,7,6,1,8,2,15,,25,25,1,21,8,B03,120.666567,24.150869,2
2022,11,5,17,30,臺中市,西屯區,0,0,0,,,,,,,,,,,,,,,,,,,43,,,,,B03,,,,,,6,,43,43,1,,,B03,120.587809,24.177777,3
2022,11,5,17,30,臺中市,大里區,0,0,0,8,,,30,,,,,,,,,,,,,,,12,,,,,B03,,,1,,2,,,12,,1,22,,B03,120.666179,24.106827,3
2022,11,5,17,30,臺中市,大肚區,0,2,0,8,3,5,70,4,1,1,5,4,5,7,1,1,1,4,4,1,12,23,2,9,1,1,C03,7,9,1,10,2,11,,23,23,1,21,8,C03,120.549346,24.148538,2
2022,11,5,17,33,臺中市,北屯區,0,1,0,8,3,5,30,4,1,1,5,4,5,7,1,1,10,5,5,2,16,8,2,9,1,1,C03,7,5,1,10,2,14,,8,8,1,21,8,C03,120.67612,24.201276,2
2022,11,5,17,40,臺中市,外埔區,0,0,0,8,2,5,50,14,9,1,5,4,5,7,4,4,9,5,5,1,13,16,3,10,1,1,B03,7,9,1,8,2,1,,16,16,1,21,8,B03,120.651858,24.347221,3
2022,11,5,17,41,臺中市,太平區,0,1,0,8,3,5,50,4,1,1,5,4,5,7,4,4,10,5,5,2,16,10,2,8,1,1,C03,7,9,1,10,2,11,,23,10,1,22,8,C03,120.703186,24.15013,2
2022,11,5,17,46,臺中市,后里區,0,1,0,8,3,5,50,14,9,1,5,4,5,7,4,4,5,3,5,2,16,19,3,10,1,1,B03,7,1,1,8,2,8,,19,19,1,4,8,B03,120.717654,24.305737,2
2022,11,5,17,47,臺中市,西區,0,0,0,6,,,30,,,,,,,,,,,,,,,43,,,,,,,,,,,,,43,,1,,,,120.657921,24.145662,3
2022,11,5,17,48,臺中市,南區,0,0,0,,,,50,,,,,,,,,,,,,,,23,,,,,B03,,,1,,2,,,23,,1,22,,B03,120.669472,24.128911,3
2022,11,5,17,55,臺中市,西屯區,0,0,0,8,,,40,,,,,,,,,,,,,,,12,,,,,B03,,,1,,1,,,12,12,1,22,,B03,120.652085,24.159913,3
2022,11,5,17,55,臺中市,西屯區,0,0,0,8,,,50,,,,,,,,,,,,,,,23,,,,,B03,,,1,,1,,,23,23,1,22,,B03,120.631873,24.16997,3
2022,11,5,17,55,臺中市,大肚區,0,0,0,,,,50,,,,,,,,,,,,,,,42,,,,,F03,,,1,,2,,,42,,1,22,,F03,120.54369,24.150593,3
2022,11,5,17,57,臺中市,太平區,0,1,0,8,3,5,50,3,1,1,5,4,5,7,4,4,10,5,5,2,16,19,3,10,1,1,B03,7,1,1,8,2,8,,19,19,1,22,8,B03,120.7326,24.14156,2
2022,11,5,17,58,臺中市,潭子區,0,1,0,6,3,5,60,14,9,1,4,4,5,7,4,4,1,4,4,1,18,23,2,9,1,1,C03,7,9,1,10,2,12,,23,23,1,22,8,C03,120.709508,24.234438,2
2022,11,5,18,0,臺中市,大雅區,0,2,0,8,3,5,30,4,1,1,5,4,5,7,3,3,10,5,5,2,16,6,2,9,1,1,C03,7,9,4,8,2,12,,6,6,1,22,9,C03,120.667231,24.239474,2
2022,11,5,18,1,臺中市,龍井區,0,1,0,8,3,5,50,3,2,1,5,4,5,7,4,4,5,4,5,1,12,1,3,10,1,1,B03,7,4,1,8,2,4,,1,1,1,20,8,B03,120.524028,24.209606,2
2022,11,5,18,4,臺中市,西區,0,0,0,,,,50,,,,,,,,,,,,,,,23,,,,,B03,,,1,,1,,,23,23,1,21,,B03,120.661095,24.162528,3
2022,11,5,18,6,臺中市,豐原區,0,0,0,8,,,30,,,,,,,,,,,,,,,23,,,,,B03,,,1,,2,,,23,23,1,22,,B03,120.713943,24.249316,3
2022,11,5,18,6,臺中市,豐原區,0,2,0,6,3,5,50,4,1,1,4,4,5,7,1,1,10,5,5,2,17,23,3,10,1,1,B03,7,9,1,8,2,1,,23,23,1,21,8,B03,120.720199,24.262594,2
2022,11,5,18,10,臺中市,豐原區,0,2,0,8,1,5,50,4,1,1,5,4,5,7,1,1,5,4,4,2,16,6,2,8,1,1,C03,7,5,1,10,2,12,,6,6,1,22,8,C03,120.733631,24.255478,2
2022,11,5,18,15,臺中市,潭子區,0,0,0,8,,,50,,,,,,,,,,,,,,,6,,,,,B02,,,1,,2,,,6,6,1,22,,B02,120.702427,24.188273,3
2022,11,5,18,16,臺中市,西屯區,0,0,0,8,,,50,,,,,,,,,,,,,,,25,,,,,C03,,,1,,2,,,25,,1,22,,C03,120.635211,24.166875,3
2022,11,5,18,18,臺中市,西區,0,2,0,8,3,5,5,5,1,1,5,4,5,7,1,1,10,5,5,2,16,26,3,10,1,1,B03,7,6,1,8,2,2,,26,26,1,21,8,B03,120.668527,24.132092,2
2022,11,5,18,19,臺中市,西區,0,1,0,8,3,5,50,4,1,1,5,4,5,7,1,1,10,5,5,2,16,9,3,10,1,1,B03,7,6,1,8,2,5,,9,9,2,22,9,B03,120.661673,24.150865,2
2022,11,5,18,25,臺中市,西屯區,0,2,0,8,3,5,50,4,1,1,5,4,5,7,2,1,10,5,5,2,16,26,3,10,1,1,C03,7,6,1,10,2,12,,26,26,1,22,8,C03,120.648294,24.167899,2
2022,11,5,18,30,臺中市,后里區,0,1,0,8,3,5,50,14,7,1,5,4,5,7,4,4,5,5,4,2,16,26,3,10,1,1,B03,7,5,1,8,2,5,,26,26,1,21,8,B03,120.695876,24.311723,2
2022,11,5,18,35,臺中市,北屯區,0,0,0,8,,,50,,,,,,,,,,,,,,,16,,,,,C03,,,1,,2,,,16,,1,22,,C03,120.676423,24.201396,3
2022,11,5,18,46,臺中市,北區,0,1,0,8,3,5,50,4,2,1,4,4,5,7,1,1,10,4,5,2,18,42,2,9,1,1,C03,7,9,1,10,2,15,,42,42,1,22,8,C03,120.676738,24.165173,2
2022,11,5,18,47,臺中市,西區,0,0,0,8,,,50,,,,,,,,,,,,,,,12,,,,,B03,,,1,8,1,,,12,12,1,5,,B03,120.668649,24.147795,3
2022,11,5,18,47,臺中市,西屯區,0,0,0,8,,,50,,,,,,,,,,,,,,,7,,,,,B03,,,1,,1,,,7,,1,22,,B03,120.646228,24.17028,3
2022,11,5,18,47,臺中市,西屯區,0,0,0,8,,,50,,,,,,,,,,,,,,,44,,,,,B03,,,1,,1,,,44,,1,22,,B03,120.656498,24.198513,3
2022,11,5,18,48,臺中市,西屯區,0,0,0,8,,,40,,,,,,,,,,,,,,,12,,,,,B03,,,1,,1,,,12,,1,22,,B03,120.632399,24.18011,3
2022,11,5,18,49,臺中市,烏日區,0,0,0,8,,,50,,,,,,,,,,,,,,,7,,,,,B12,,,1,,2,,,7,,1,21,,B12,120.583828,24.111433,3
2022,11,5,18,50,臺中市,南區,0,2,0,8,3,5,50,14,8,1,5,4,5,7,4,4,9,4,5,2,12,17,2,9,1,1,C03,7,9,1,10,2,14,,44,17,1,5,1,C03,120.649138,24.122116,2
2022,11,5,18,52,臺中市,沙鹿區,0,2,0,8,3,5,40,14,8,1,5,4,5,7,4,4,1,5,4,1,14,12,2,3,1,1,B03,7,2,1,8,2,3,,12,12,1,21,8,B03,120.580488,24.201249,2
2022,11,5,19,0,臺中市,大雅區,0,0,0,8,,,30,,,,,,,,,,,,,,,6,,,,,B03,,,1,,2,,,6,,1,22,,B03,120.642849,24.208061,3
2022,11,5,19,0,臺中市,太平區,0,1,0,8,3,5,50,3,9,1,5,4,5,7,4,4,5,4,5,1,29,42,2,9,1,1,C03,7,9,1,10,2,12,,42,42,1,22,8,C03,120.717651,24.133648,2
2022,11,5,19,3,臺中市,西屯區,0,1,0,8,3,5,50,4,1,1,5,4,5,7,2,1,10,5,5,2,17,42,2,9,1,1,C03,7,9,1,10,2,12,,42,42,1,22,8,C03,120.633777,24.161175,2
2022,11,5,19,8,臺中市,北屯區,0,1,0,8,3,5,50,4,1,1,5,4,5,7,2,1,10,5,5,2,16,6,3,10,1,1,B03,7,5,1,8,2,5,,6,6,1,21,8,B03,120.706151,24.169273,2
2022,11,5,19,11,臺中市,大肚區,0,0,0,,,,30,,,,,,,,,,,,,,,12,,,,,B03,,,1,,2,,,12,,1,22,,B03,120.575928,24.170723,3
2022,11,5,19,12,臺中市,南屯區,0,1,0,8,3,5,30,3,1,1,5,4,5,7,4,4,10,5,5,2,17,6,2,8,1,1,C03,7,6,1,10,2,11,,6,6,1,20,5,C03,120.629486,24.153558,2
2022,11,5,19,20,臺中市,太平區,0,1,0,8,3,5,50,3,1,1,5,4,5,7,1,1,10,5,5,2,13,16,2,9,1,1,C03,7,14,6,10,2,11,,16,16,1,22,8,C03,120.725936,24.149911,2
2022,11,5,19,20,臺中市,豐原區,0,1,0,8,3,5,30,14,9,1,5,4,5,7,4,4,8,3,4,1,16,26,2,9,1,1,C03,7,5,1,10,2,12,,26,26,1,22,5,C03,120.724361,24.25238,2
2022,11,5,19,21,臺中市,烏日區,0,1,0,7,3,5,50,4,2,1,5,4,5,7,4,4,5,4,4,1,17,38,3,10,3,1,B03,7,13,1,8,9,4,,38,40,1,21,8,B03,120.625027,24.106351,2
2022,11,5,19,29,臺中市,北屯區,0,0,0,6,,,80,,,,,,,,,,,,,,,7,,,,,B12,,8,1,8,2,6,,44,7,1,21,8,B12,120.718609,24.160878,3
2022,11,5,19,30,臺中市,西區,0,0,0,,,,50,,,,,,,,,,,,,,,7,,,,,C03,,,1,,2,,,7,,1,21,,C03,120.653229,24.151206,3
2022,11,5,19,30,臺中市,北區,0,2,0,8,3,5,50,4,2,1,5,4,5,7,3,1,5,4,5,2,15,6,2,8,3,4,C03,7,9,1,10,2,12,,6,6,1,22,9,C03,120.673124,24.145288,2
2022,11,5,19,42,臺中市,烏日區,0,1,0,8,3,5,50,4,1,1,5,4,5,7,3,1,10,5,4,2,16,6,3,10,1,1,B03,7,5,1,8,2,8,,6,6,1,21,8,B03,120.628378,24.110074,2
2022,11,5,19,53,臺中市,西區,0,0,0,8,,,50,,,,,,,,,,,,,,,17,,,,,B03,,,1,,2,,,17,,1,21,,B03,120.67007,24.144217,3
2022,11,5,19,55,臺中市,梧棲區,0,0,0,,,,70,,,,,,,,,,,,,,,16,,,,,B03,,,1,,2,,,16,,1,4,,B03,120.556671,24.242548,3
2022,11,5,19,57,臺中市,北屯區,0,0,0,8,,,50,,,,,,,,,,,,,,,23,,,,,B03,,,1,,1,,,23,,1,21,,B03,120.68607,24.178646,3
2022,11,5,20,0,臺中市,沙鹿區,0,0,0,8,,,30,,,,,,,,,,,,,,,42,,,,,B03,,,1,,9,,,42,,1,5,,B03,120.572586,24.240998,3
2022,11,5,20,2,臺中市,西區,0,0,0,8,,,50,,,,,,,,,,,,,,,23,,,,,B03,,,1,8,1,,,23,23,1,22,,B03,120.661803,24.154396,3
2022,11,5,20,3,臺中市,豐原區,0,0,0,8,,,60,,,,,,,,,,,,,,,26,,,,,B03,,,1,,2,,,26,,1,22,,B03,120.722996,24.23641,3
2022,11,5,20,4,臺中市,南區,0,1,0,7,3,5,50,4,1,1,5,4,5,7,1,1,10,5,5,2,16,10,2,9,1,1,C03,7,11,1,10,2,14,,10,10,1,20,9,C03,120.660708,24.12375,2
2022,11,5,20,9,臺中市,西屯區,0,0,0,8,,,50,,,,,,,,,,,,,,,23,,,,,B11,,,1,,2,,,23,,1,22,,B11,120.646173,24.17164,3
2022,11,5,20,14,臺中市,西屯區,0,0,0,8,,,50,,,,,,,,,,,,,,,23,,,,,B03,,,1,,1,,,23,23,1,22,,B03,120.613903,24.190001,3
2022,11,5,20,14,臺中市,西屯區,0,1,0,8,3,5,50,4,1,1,5,4,5,7,1,1,10,5,5,2,12,43,2,9,1,1,C03,7,9,4,1,2,13,,43,43,1,22,8,C03,120.645024,24.178827,2
2022,11,5,20,15,臺中市,大雅區,0,0,0,8,,,50,,,,,,,,,,,,,,,19,,,,,B03,,,1,,2,,,19,,1,22,,B03,120.64644,24.225149,3
2022,11,5,20,19,臺中市,北屯區,0,0,0,8,,,50,,,,,,,,,,,,,,,6,,,,,B03,,,1,,2,,,6,,1,21,,B03,120.685671,24.177425,3
2022,11,5,20,26,臺中市,西屯區,0,0,0,8,,,50,,,,,,,,,,,,,,,23,,,,,B03,,,1,,2,,,23,,1,22,,B03,120.643039,24.163958,3