年,月,日,時,分,縣市,區,死,受傷,2-30,天候,光線,道路類別,速限,道路型態,事故位置,路面鋪裝,路面狀態,路面缺陷,障礙物,視距,號誌種類,號誌動作,分向設施,快車道或一般車道間,快慢車道間,路面邊線,事故類型及型態,主要肇因,受傷程度,主要傷處,保護裝備,行動電話,當事者區分,車輛用途,當事者行動狀態,駕駛資格情形,駕駛執照種類,飲酒情形,車輛撞擊部位最初,車輛撞擊部位其他,肇事因素個別,肇事因素主要,肇事逃逸,職業,旅次目的,車種,GPS緯度,GPS經度,事故類別
2022,11,5,20,38,臺中市,龍井區,0,1,0,8,4,5,70,8,9,1,5,4,1,7,4,4,1,5,5,2,20,23,2,9,3,4,B12,7,9,1,8,2,1,,23,23,1,9,1,B12,120.504565,24.192083,2
2022,11,5,20,40,臺中市,東區,0,0,0,,,,50,,,,,,,,,,,,,,,23,,,,,B03,,,1,,2,,,23,,1,22,,B03,120.687866,24.136488,3
2022,11,5,20,45,臺中市,西屯區,0,0,0,8,,,30,,,,,,,,,,,,,,,42,,,,,B03,,,1,,1,,,42,,1,22,,B03,120.652405,24.158584,3
2022,11,5,20,53,臺中市,潭子區,0,2,0,8,1,5,50,5,1,1,5,4,5,7,1,1,1,4,4,1,16,25,2,9,1,1,C03,7,1,1,10,2,14,,25,25,1,22,8,C03,120.697633,24.216544,2
2022,11,5,21,5,臺中市,烏日區,0,0,0,8,,,60,,,,,,,,,,,,,,,23,,,,,B03,,,1,,2,,,23,,1,21,,B03,120.619676,24.105543,3
2022,11,5,21,5,臺中市,神岡區,0,1,0,8,3,5,50,4,1,1,5,4,5,7,3,1,5,5,5,1,3,23,3,10,1,1,B03,7,9,1,7,2,1,,23,23,1,22,8,B03,120.660155,24.254187,2
2022,11,5,21,13,臺中市,北屯區,0,0,0,8,,,50,,,,,,,,,,,,,,,23,,,,,B03,,,1,,2,,,23,,1,21,,B03,120.686535,24.178093,3
2022,11,5,21,20,臺中市,西屯區,0,0,0,8,,,40,,,,,,,,,,,,,,,16,,,,,C03,,,1,,1,,,16,,1,22,,C03,120.655333,24.159819,3
2022,11,5,21,21,臺中市,東區,0,0,0,6,,,50,,,,,,,,,,,,,,,23,,,,,B03,,,1,,2,,,23,,1,5,,B03,120.701425,24.13893,3
2022,11,5,21,22,臺中市,北屯區,0,0,0,8,,,50,,,,,,,,,,,,,,,16,,,,,B03,,,1,,1,,,16,,1,21,,B03,120.690753,24.192893,3
2022,11,5,21,26,臺中市,大甲區,0,2,0,8,3,5,50,4,1,1,5,4,5,7,1,1,10,5,5,2,16,6,2,9,1,1,F02,7,5,8,20,7,16,,6,6,1,4,1,F02,120.653981,24.390613,2
2022,11,5,21,46,臺中市,北屯區,0,0,0,8,,,50,,,,,,,,,,,,,,,6,,,,,B03,,,1,,1,,,14,43,1,22,,B03,120.711481,24.17012,3
2022,11,5,21,47,臺中市,西屯區,0,0,0,8,,,50,,,,,,,,,,,,,,,7,,,,,B03,,,1,,2,,,7,,1,22,,B03,120.655936,24.159027,3
2022,11,5,21,52,臺中市,北區,0,2,0,8,3,5,50,14,9,1,5,4,5,7,4,4,3,4,5,2,13,16,2,9,3,4,C03,7,9,2,18,2,11,,16,16,1,5,8,C03,120.676511,24.156423,2
2022,11,5,22,5,臺中市,南屯區,0,1,0,8,3,5,50,14,9,1,5,4,5,7,4,4,1,4,5,2,16,19,3,10,3,4,B03,7,1,1,8,2,8,,19,19,1,22,8,B03,120.646797,24.150458,2
2022,11,5,22,10,臺中市,北區,0,0,0,8,,,50,,,,,,,,,,,,,,,23,,,,,B02,,,1,,2,,,23,,1,21,,B02,120.684085,24.149878,3
2022,11,5,22,13,臺中市,西區,0,2,0,8,3,5,50,14,7,1,5,4,5,6,4,4,5,4,4,2,17,7,2,9,1,1,C03,7,7,1,10,2,14,,7,7,1,21,8,C03,120.672978,24.135694,2
2022,11,5,22,30,臺中市,南屯區,0,0,0,8,,,50,,,,,,,,,,,,,,,44,,,,,C03,,,1,,9,,,44,,1,22,,C03,120.651382,24.151331,3
2022,11,5,22,30,臺中市,烏日區,0,0,0,8,,,50,,,,,,,,,,,,,,,12,,,,,B03,,,1,,2,,,12,,1,21,,B03,120.641441,24.110095,3
2022,11,5,22,38,臺中市,西屯區,0,2,0,8,3,5,50,4,1,1,5,4,5,7,1,1,10,5,5,2,16,25,3,10,1,1,B03,7,5,1,8,2,5,,25,25,1,22,8,B03,120.593226,24.182685,2
2022,11,5,22,47,臺中市,北區,0,1,0,8,3,5,50,4,1,1,5,4,5,7,1,1,1,5,5,2,18,23,2,9,1,1,C03,7,6,1,10,2,12,,23,23,1,21,8,C03,120.667934,24.162978,2
2022,11,5,22,47,臺中市,西屯區,0,1,0,8,3,5,50,4,1,1,5,4,5,7,3,1,10,5,5,2,16,6,3,10,1,1,B03,7,9,1,8,2,4,,6,6,1,22,8,B03,120.643238,24.19595,2
2022,11,5,22,48,臺中市,龍井區,0,0,0,8,,,50,,,,,,,,,,,,,,,43,,,,,C03,,,6,,2,,,23,,1,22,,C03,120.58904,24.180694,3
2022,11,5,23,11,臺中市,大雅區,0,0,0,8,,,30,,,,,,,,,,,,,,,6,,,,,B03,,,1,,2,,,6,6,1,22,,B03,120.66212,24.232677,3
2022,11,5,23,15,臺中市,大肚區,0,0,0,8,3,5,50,4,2,1,5,4,5,7,3,1,5,5,5,1,17,43,3,10,3,4,C03,7,21,1,10,8,15,,43,43,1,22,9,C03,120.580994,24.17378,3
2022,11,5,23,25,臺中市,龍井區,0,0,0,,,,50,,,,,,,,,,,,,,,18,,,,,B03,,,1,,2,,,18,,1,9,,B03,120.550711,24.213314,3
2022,11,5,23,33,臺中市,西屯區,0,2,0,8,3,5,30,4,1,1,5,4,5,7,4,4,10,5,5,2,16,6,3,10,1,1,C03,7,9,1,10,2,11,,6,6,1,22,8,C03,120.667152,24.177108,2
2022,11,6,0,1,臺中市,太平區,0,1,0,8,3,5,50,14,9,1,5,4,5,7,4,4,5,5,4,1,16,26,3,10,1,1,B03,7,11,1,8,2,8,,26,26,1,18,8,B03,120.708723,24.159481,2
2022,11,6,0,20,臺中市,北屯區,0,1,0,8,3,5,50,4,4,1,5,4,5,7,1,1,1,5,5,2,13,23,3,10,1,1,B03,7,9,1,8,2,5,,23,23,1,5,8,B03,120.691984,24.182429,2
2022,11,6,0,30,臺中市,北屯區,0,0,0,8,,,50,,,,,,,,,,,,,,,23,,,,,B03,,,1,8,1,,,23,23,1,21,,B03,120.71197,24.167238,3
2022,11,6,0,35,臺中市,豐原區,0,1,0,8,1,5,50,14,9,1,5,4,5,7,4,4,1,1,5,2,17,26,3,10,1,1,B03,7,8,1,8,2,5,,26,26,1,4,5,B03,120.713997,24.245055,2
2022,11,6,0,42,臺中市,西屯區,0,2,0,8,3,5,40,14,8,1,5,4,5,7,4,4,10,5,4,2,16,6,2,7,3,4,C03,7,3,1,10,2,11,,6,6,1,22,8,C03,120.643708,24.170623,2
2022,11,6,1,0,臺中市,北屯區,0,1,0,8,3,5,50,3,1,1,5,4,5,7,4,4,10,5,5,2,16,26,2,9,1,1,C03,7,4,1,10,2,12,14,26,26,1,5,8,C03,120.691531,24.169918,2
2022,11,6,1,33,臺中市,太平區,0,0,0,8,,,50,,,,,,,,,,,,,,,23,,,,,B03,,,4,,2,,,23,,1,22,,B03,120.704074,24.153143,3
2022,11,6,1,40,臺中市,北區,0,0,0,8,,,50,,,,,,,,,,,,,,,23,,,,,B03,,,1,,2,,,44,23,1,21,,B03,120.678695,24.147906,3
2022,11,6,1,46,臺中市,北區,0,0,0,8,,,40,,,,,,,,,,,,,,,26,,,,,B03,,,1,,2,,,26,,1,21,,B03,120.665732,24.153946,3
2022,11,6,2,9,臺中市,西屯區,0,1,0,8,3,5,50,3,1,1,5,4,5,7,4,4,10,5,5,2,16,6,3,10,3,4,B03,7,5,1,8,2,8,,6,6,1,22,8,B03,120.643646,24.170703,2
2022,11,6,2,17,臺中市,北區,0,1,0,8,1,5,50,3,1,1,5,4,5,7,4,4,10,5,5,2,16,10,3,10,1,1,B03,7,11,6,8,2,4,,10,10,1,22,9,B03,120.670493,24.158453,2
2022,11,6,3,9,臺中市,龍井區,0,1,0,8,3,5,50,15,9,1,5,4,5,7,4,4,5,5,5,1,17,19,3,10,3,4,B02,7,1,5,8,2,4,,19,19,1,22,9,B02,120.587055,24.18967,2
2022,11,6,4,14,臺中市,南屯區,0,1,0,8,3,5,40,14,8,1,5,4,5,7,4,4,1,4,1,2,13,23,2,9,1,1,C03,7,7,2,18,2,11,,23,23,1,16,8,C03,120.622854,24.148216,2
2022,11,6,4,58,臺中市,大雅區,0,2,0,8,3,5,50,4,1,1,5,4,5,7,3,1,10,4,4,1,13,23,2,1,1,1,B03,7,8,1,8,2,5,,23,7,1,22,9,B03,120.65005,24.21204,2
2022,11,6,5,16,臺中市,大里區,0,0,0,8,3,5,50,4,2,1,5,4,5,7,2,1,5,4,5,1,20,8,3,10,1,1,B03,7,5,1,8,7,1,,8,8,1,22,8,B03,120.6887,24.119771,3
2022,11,6,7,33,臺中市,沙鹿區,0,2,0,8,1,5,30,4,1,1,5,4,5,7,4,4,10,5,5,2,15,6,2,9,1,1,C03,7,9,1,10,2,14,,6,6,1,22,9,C03,120.550045,24.217085,2
2022,11,6,7,48,臺中市,東勢區,0,0,0,8,,,50,,,,,,,,,,,,,,,23,,,,,B03,,,1,,2,,,23,23,1,22,,B03,120.830081,24.253684,3
2022,11,6,7,55,臺中市,龍井區,0,1,0,8,1,5,60,4,1,1,5,4,5,7,1,1,10,5,5,2,16,9,3,10,1,1,B03,7,6,1,8,11,5,,9,9,2,2,8,B03,120.581758,24.175784,2
2022,11,6,8,19,臺中市,西屯區,0,0,0,8,,,30,,,,,,,,,,,,,,,42,,,,,B12,,,1,,1,,,42,,1,22,,B12,120.61694,24.164209,3
2022,11,6,8,30,臺中市,霧峰區,0,0,0,8,,,50,,,,,,,,,,,,,,,19,,,,,B03,,,1,,2,,,19,,1,6,,B03,120.698804,24.06635,3
2022,11,6,8,36,臺中市,北屯區,1,0,0,8,1,5,50,4,1,1,5,4,5,7,1,1,10,5,5,2,16,26,1,9,1,1,C03,7,5,1,10,9,14,,26,26,1,20,8,C03,120.680543,24.200708,1
2022,11,6,8,40,臺中市,東勢區,0,0,0,8,,,40,,,,,,,,,,,,,,,23,,,,,B03,,,1,,2,,,23,,1,22,,B03,120.767092,24.284068,3
2022,11,6,8,42,臺中市,北屯區,0,0,0,8,1,5,50,14,9,1,5,4,5,7,4,4,5,5,5,2,16,26,3,10,1,1,B03,7,9,1,8,8,1,,26,26,1,22,8,B03,120.686297,24.171234,3
2022,11,6,8,50,臺中市,大甲區,0,0,0,8,,,50,,,,,,,,,,,,,,,26,,,,,C03,,,1,,1,,,26,,1,22,,C03,120.624952,24.347659,3
2022,11,6,8,52,臺中市,太平區,0,1,0,8,1,5,30,4,1,1,5,4,5,7,4,4,10,5,5,2,16,6,3,10,1,1,B03,7,9,1,8,2,1,,6,6,1,22,8,B03,120.728302,24.154941,2
2022,11,6,8,54,臺中市,太平區,0,1,0,8,1,5,40,14,9,1,5,4,5,7,4,4,5,4,5,1,13,16,2,9,1,1,C03,7,9,1,10,2,11,14,16,16,1,22,8,C03,120.762464,24.113367,2
2022,11,6,9,6,臺中市,北區,0,2,0,8,1,5,50,14,9,1,5,4,5,7,4,4,5,5,5,2,17,19,2,8,1,1,C03,7,1,1,10,2,11,,19,19,1,22,8,C03,120.688985,24.158894,2
2022,11,6,9,8,臺中市,潭子區,0,0,0,8,,,60,,,,,,,,,,,,,,,23,,,,,B03,,,1,,2,,,23,,1,22,,B03,120.705267,24.209873,3
2022,11,6,9,18,臺中市,西區,0,3,0,8,1,5,50,4,1,1,5,4,5,7,2,1,10,5,5,2,12,17,2,9,1,1,C03,7,9,1,10,2,14,,17,17,1,22,9,C03,120.675763,24.138754,2
2022,11,6,9,30,臺中市,神岡區,0,1,0,8,1,5,30,3,1,1,5,4,5,7,4,4,10,5,5,2,17,6,2,8,1,1,C03,7,6,1,10,2,14,,6,6,1,21,8,C03,120.656598,24.255618,2
2022,11,6,9,35,臺中市,潭子區,0,1,0,8,1,5,50,4,1,1,5,4,5,7,1,1,9,4,4,2,12,8,3,10,1,1,B12,7,5,6,18,2,8,,8,8,1,22,8,B12,120.710406,24.229778,2
2022,11,6,9,36,臺中市,烏日區,0,2,0,8,1,5,30,4,1,1,5,4,5,7,4,4,10,5,5,1,16,6,2,9,1,4,C03,7,9,1,10,2,13,,6,6,1,21,9,C03,120.640966,24.078753,2
2022,11,6,9,45,臺中市,西區,0,1,0,8,1,5,50,14,8,1,5,4,5,7,4,4,5,4,4,2,13,23,2,9,1,1,C03,7,9,1,10,2,11,,23,23,1,5,5,C03,120.671429,24.137197,2
2022,11,6,9,49,臺中市,西屯區,0,0,0,8,,,40,,,,,,,,,,,,,,,8,,,,,C03,,,1,,1,,,8,8,1,22,,C03,120.642388,24.169428,3
2022,11,6,9,50,臺中市,霧峰區,0,0,0,8,,,40,,,,,,,,,,,,,,,23,,,,,B03,,,1,,2,,,23,,1,6,,B03,120.718851,24.069603,3
2022,11,6,9,51,臺中市,太平區,0,1,0,8,1,5,30,11,9,1,5,4,5,7,4,4,5,4,5,1,29,23,2,9,1,1,C03,7,9,1,10,2,14,11,23,23,1,22,8,C03,120.81696,24.069349,2
2022,11,6,9,55,臺中市,豐原區,0,1,0,8,1,5,30,3,1,5,5,4,5,7,4,4,10,5,5,1,16,6,3,10,1,1,B03,7,5,1,8,2,4,,6,6,1,22,8,B03,120.747378,24.262757,2
2022,11,6,9,56,臺中市,北屯區,0,0,0,8,,,50,,,,,,,,,,,,,,,12,,,,,B03,,,1,,1,,,12,,1,5,,B03,120.741276,24.179421,3
2022,11,6,9,57,臺中市,北屯區,0,1,0,8,1,5,50,14,9,1,5,4,5,7,1,1,1,2,5,2,13,23,3,10,1,1,C03,7,12,1,10,2,11,,23,23,1,22,8,C03,120.671456,24.17374,2
2022,11,6,10,17,臺中市,東勢區,0,0,0,8,1,5,60,3,1,1,5,4,5,7,4,4,10,5,5,2,15,23,,,,,B03,,,1,,1,,,23,,1,7,,B03,120.82548,24.25484,3
2022,11,6,10,23,臺中市,北區,0,3,0,8,1,5,50,4,1,1,5,4,5,7,1,1,1,4,4,2,15,25,2,9,1,1,B03,7,9,1,8,2,1,,25,25,1,21,8,B03,120.68134,24.152752,2
2022,11,6,10,25,臺中市,北屯區,0,1,0,8,1,5,50,14,9,1,5,4,5,7,4,4,5,4,5,2,18,23,2,9,1,1,C02,7,9,1,9,2,12,,23,23,1,4,8,C02,120.674001,24.190656,2
2022,11,6,10,38,臺中市,烏日區,0,1,0,8,1,5,50,14,9,1,5,4,5,7,4,4,5,5,5,1,12,1,3,10,1,4,C03,7,4,1,10,2,15,,1,1,1,19,9,C03,120.638247,24.106867,2
2022,11,6,10,42,臺中市,南區,0,1,0,8,1,5,50,3,1,1,5,4,5,7,4,4,10,5,5,2,14,12,3,10,1,1,B03,7,2,1,8,2,7,,12,12,1,22,8,B03,120.665989,24.121761,2
2022,11,6,10,46,臺中市,北區,0,1,0,8,1,5,50,3,1,1,5,4,5,7,4,4,10,5,5,2,12,6,3,10,1,1,B03,7,6,1,8,2,6,,6,6,1,5,8,B03,120.664463,24.159226,2
2022,11,6,10,46,臺中市,東區,0,1,0,8,1,5,50,4,2,1,5,4,5,7,1,1,5,5,5,2,12,23,2,9,1,1,C03,7,15,1,10,2,11,12,23,23,1,21,8,C03,120.701676,24.13172,2
2022,11,6,10,50,臺中市,大雅區,0,0,0,8,,,50,,,,,,,,,,,,,,,4,,,,,C03,,,1,,2,,,4,,1,22,,C03,120.635872,24.215506,3
2022,11,6,10,51,臺中市,中區,0,0,0,,,,50,,,,,,,,,,,,,,,17,,,,,B01,,,1,,1,,,44,,1,5,,B01,120.682517,24.140754,3
2022,11,6,10,55,臺中市,大肚區,0,0,0,8,,,60,,,,,,,,,,,,,,,23,,,,,B03,,,1,,2,,,23,,1,2,,B03,120.582778,24.172555,3
2022,11,6,11,0,臺中市,豐原區,0,0,0,8,,,40,,,,,,,,,,,,,,,12,,,,,B03,,,1,,2,,,12,,1,22,,B03,120.711928,24.255378,3
2022,11,6,11,11,臺中市,南屯區,0,1,0,8,1,5,50,4,1,1,5,4,5,7,2,1,1,4,3,2,12,9,3,10,3,4,B03,7,6,1,8,2,5,,9,9,1,4,9,B03,120.612212,24.150327,2
2022,11,6,11,12,臺中市,沙鹿區,0,1,0,8,1,5,40,14,8,1,5,4,5,7,4,4,1,4,2,1,17,23,2,9,2,1,F01,7,9,8,20,2,16,,23,23,1,22,8,F01,120.576861,24.225975,2
2022,11,6,11,15,臺中市,太平區,0,1,0,8,1,5,40,14,9,1,5,4,5,7,4,4,9,5,5,1,18,42,2,9,1,1,C03,7,9,2,18,2,12,,42,42,1,22,8,C03,120.721947,24.112324,2
2022,11,6,11,19,臺中市,沙鹿區,0,2,0,8,1,5,40,4,1,1,5,4,5,7,1,1,10,5,5,2,16,25,2,9,1,1,C03,7,9,1,10,2,12,,25,25,1,22,9,C03,120.574062,24.229745,2
2022,11,6,11,30,臺中市,神岡區,0,0,0,8,,,50,,,,,,,,,,,,,,,42,,,,,B02,,,1,,2,,,42,,1,22,,B02,120.650427,24.270356,3
2022,11,6,11,44,臺中市,西屯區,0,0,0,8,,,40,,,,,,,,,,,,,,,42,,,,,B03,,,1,,1,,,42,42,1,1,,B03,120.615946,24.182604,3
2022,11,6,11,45,臺中市,大里區,0,0,0,8,,,50,,,,,,,,,,,,,,,23,,,,,B12,,,6,,2,,,23,,1,20,,B12,120.695612,24.088025,3
2022,11,6,11,48,臺中市,北屯區,0,2,0,8,1,5,50,4,1,1,5,4,5,7,2,1,10,5,5,2,17,23,2,9,1,1,C03,7,9,1,10,2,12,,23,23,1,4,8,C03,120.699521,24.165051,2
2022,11,6,11,49,臺中市,南區,0,1,0,8,1,5,50,14,5,1,5,4,5,7,4,4,1,4,1,2,23,23,2,1,1,1,C03,7,9,1,10,8,11,12,23,23,1,21,8,C03,120.658423,24.127731,2
2022,11,6,11,50,臺中市,大雅區,0,2,0,8,1,5,50,4,1,1,5,4,5,7,1,1,10,5,5,2,17,6,3,10,1,1,B12,7,5,1,8,2,8,,6,6,1,22,8,B12,120.645845,24.225776,2
2022,11,6,11,51,臺中市,潭子區,0,0,0,8,,,50,,,,,,,,,,,,,,,6,,,,,B03,,,1,,2,,,6,,1,22,,B03,120.703756,24.194757,3
2022,11,6,11,56,臺中市,南區,0,1,0,8,1,5,40,4,2,1,5,4,5,7,2,1,10,5,5,2,17,23,2,9,2,1,F01,7,9,8,20,2,16,,23,23,1,20,8,F01,120.65362,24.113626,2
2022,11,6,11,57,臺中市,神岡區,0,0,0,8,,,30,,,,,,,,,,,,,,,23,,,,,B03,,,1,,11,,,23,23,2,21,,B03,120.658405,24.263971,3
2022,11,6,12,2,臺中市,北區,0,0,0,,,,50,,,,,,,,,,,,,,,23,,,,,C03,,,1,,11,,,23,23,1,22,,C03,120.678532,24.158996,3
2022,11,6,12,7,臺中市,大肚區,0,1,0,8,1,5,40,14,9,1,5,4,5,7,4,4,5,4,5,1,16,23,2,4,1,1,C03,7,1,1,10,2,12,,23,23,1,20,7,C03,120.545891,24.15179,2
2022,11,6,12,13,臺中市,西屯區,0,0,0,8,,,40,,,,,,,,,,,,,,,23,,,,,B03,,,1,,1,,,23,,1,22,,B03,120.644411,24.16524,3
2022,11,6,12,18,臺中市,太平區,0,1,0,8,1,5,30,3,1,1,5,4,5,7,4,4,10,5,5,2,16,23,3,10,1,1,B03,7,5,1,8,2,4,,23,23,1,22,8,B03,120.737247,24.143626,2
2022,11,6,12,20,臺中市,中區,0,0,0,,,,50,,,,,,,,,,,,,,,7,,,,,B03,,,1,,2,,,7,,1,21,,B03,120.684311,24.137227,3
2022,11,6,12,26,臺中市,豐原區,0,1,0,8,1,5,50,4,1,1,5,4,5,7,1,1,10,5,5,2,16,8,3,10,1,1,B03,7,5,1,8,2,8,,8,8,1,22,8,B03,120.733306,24.251486,2
2022,11,6,12,30,臺中市,大里區,0,0,0,8,,,50,,,,,,,,,,,,,,,44,,,,,B03,,,1,,9,,,44,,1,5,,B03,120.694541,24.087562,3
2022,11,6,12,35,臺中市,北區,0,0,0,8,,,50,,,,,,,,,,,,,,,1,,,,,B03,,,1,,1,,,1,,1,22,,B03,120.667561,24.153802,3
2022,11,6,12,38,臺中市,南區,0,2,0,8,1,5,50,4,1,1,5,4,5,7,1,1,1,4,4,2,13,23,3,10,1,1,B03,7,9,1,8,2,8,,23,23,1,22,8,B03,120.657269,24.116791,2
2022,11,6,12,41,臺中市,西屯區,0,0,0,8,,,50,,,,,,,,,,,,,,,12,,,,,B11,,,1,,1,,,12,,1,1,,B11,120.648341,24.174274,3
2022,11,6,12,49,臺中市,豐原區,0,0,0,8,,,50,,,,,,,,,,,,,,,6,,,,,B03,,,1,,2,,,6,,1,19,,B03,120.714672,24.250536,3
2022,11,6,12,53,臺中市,豐原區,0,0,0,8,,,30,,,,,,,,,,,,,,,8,,,,,C03,,,1,,2,,,8,,1,22,,C03,120.747816,24.253418,3
2022,11,6,13,1,臺中市,石岡區,0,1,0,8,1,5,30,3,1,1,5,4,5,7,4,4,10,5,5,2,17,5,3,10,1,1,B03,7,6,1,8,2,8,,5,5,1,22,8,B03,120.784461,24.272481,2
2022,11,6,13,2,臺中市,潭子區,0,1,0,8,1,5,60,3,1,1,5,4,5,7,1,1,1,4,4,1,16,26,3,10,1,1,B03,7,6,1,8,2,5,,26,26,1,22,8,B03,120.70392,24.202416,2
2022,11,6,13,2,臺中市,南屯區,0,0,0,8,,,50,,,,,,,,,,,,,,,44,,,,,B03,,,1,,2,,,44,,1,22,,B03,120.646123,24.131741,3
2022,11,6,13,5,臺中市,西區,0,1,0,8,1,5,50,14,9,1,5,4,5,7,4,4,1,4,5,2,12,17,3,10,1,1,C03,7,9,1,10,2,12,,17,17,1,5,7,C03,120.654748,24.151233,2
2022,11,6,13,11,臺中市,沙鹿區,0,1,0,8,1,5,50,4,1,1,5,4,5,7,1,1,10,5,5,2,17,19,3,10,1,1,F06,7,1,8,20,1,16,,19,19,1,5,9,F06,120.559515,24.237249,2
2022,11,6,13,13,臺中市,豐原區,0,0,0,8,,,50,,,,,,,,,,,,,,,16,,,,,B03,,,1,,2,,,16,16,1,21,,B03,120.757827,24.275863,3
2022,11,6,13,16,臺中市,西屯區,0,1,0,8,1,5,50,4,1,1,5,4,5,7,1,1,8,4,4,1,16,25,3,10,1,4,B03,7,9,1,8,2,2,,25,25,1,4,8,B03,120.643331,24.19596,2
2022,11,6,13,20,臺中市,豐原區,0,2,0,8,1,5,40,14,8,1,5,4,5,7,4,4,1,4,4,1,12,43,2,7,1,1,C03,7,9,1,10,2,12,,43,43,2,22,8,C03,120.732086,24.258603,2
2022,11,6,13,21,臺中市,西區,0,1,0,8,1,5,50,3,2,1,5,4,5,7,4,4,5,4,4,2,12,7,3,10,1,1,B03,7,8,1,8,2,2,,7,7,1,5,8,B03,120.665484,24.148111,2
2022,11,6,13,27,臺中市,清水區,0,2,0,8,1,5,50,4,1,1,5,4,5,7,4,4,10,5,5,2,15,6,2,9,1,1,C03,7,9,1,10,2,11,,6,6,1,5,5,C03,120.557956,24.263875,2
2022,11,6,13,31,臺中市,西屯區,0,0,0,8,,,50,,,,,,,,,,,,,,,23,,,,,B03,,,1,,1,,,23,,1,22,,B03,120.646166,24.16388,3
2022,11,6,13,36,臺中市,后里區,0,1,0,8,1,5,30,4,1,1,5,4,5,7,4,4,10,5,5,2,15,6,3,10,1,1,B03,7,9,1,8,2,1,,6,6,1,21,1,B03,120.725928,24.305515,2
2022,11,6,13,45,臺中市,大甲區,0,0,0,,,,50,,,,,,,,,,,,,,,23,,,,,B03,,,1,,2,,,23,23,1,21,,B03,120.62005,24.34734,3
2022,11,6,13,51,臺中市,西屯區,0,0,0,8,,,40,,,,,,,,,,,,,,,6,,,,,B03,,,1,,2,,,6,,1,22,,B03,120.63874,24.169642,3
2022,11,6,13,54,臺中市,西屯區,0,2,0,8,1,5,30,3,1,1,5,4,5,7,4,4,5,5,5,2,17,6,2,9,1,1,C03,7,6,1,10,2,14,,6,6,1,1,9,C03,120.618104,24.185066,2
2022,11,6,13,56,臺中市,北屯區,0,0,0,8,,,50,,,,,,,,,,,,,,,23,,,,,B03,,,1,,1,,,23,,1,22,,B03,120.723,24.181584,3
2022,11,6,14,0,臺中市,西區,0,0,0,,,,50,,,,,,,,,,,,,,,6,,,,,B03,,,1,,1,,,6,,1,21,,B03,120.672401,24.138948,3
2022,11,6,14,2,臺中市,梧棲區,0,2,0,8,1,5,60,3,2,1,5,4,5,7,4,4,1,4,4,1,16,26,3,10,1,1,B03,7,6,1,8,2,2,,26,26,1,4,8,B03,120.540245,24.2597,2
2022,11,6,14,2,臺中市,后里區,0,1,0,8,1,5,50,3,2,1,5,4,5,7,1,1,4,3,4,1,16,44,3,10,1,1,B03,7,9,1,8,2,5,,44,44,1,4,8,B03,120.722301,24.302633,2
2022,11,6,14,7,臺中市,北屯區,0,1,0,8,1,5,50,14,8,1,5,4,5,7,4,4,5,5,4,2,17,7,3,10,1,1,C03,7,8,1,10,2,12,,7,7,1,4,8,C03,120.696491,24.164668,2
2022,11,6,14,8,臺中市,梧棲區,0,1,0,8,1,5,40,4,1,1,5,4,5,7,1,1,5,4,5,1,15,25,3,10,1,1,B12,7,9,3,18,2,5,,25,25,1,4,8,B12,120.535406,24.235745,2
2022,11,6,14,12,臺中市,西區,0,0,0,,,,50,,,,,,,,,,,,,,,23,,,,,C03,,,1,,9,,,23,,1,5,,C03,120.674964,24.149214,3
2022,11,6,14,15,臺中市,西區,0,0,0,8,,,50,,,,,,,,,,,,,,,23,,,,,B01,,,1,,2,,,23,,1,22,,B01,120.661702,24.156315,3
2022,11,6,14,15,臺中市,南區,0,1,0,8,1,5,50,4,1,1,5,4,5,7,2,1,10,5,5,2,18,23,2,9,1,1,C03,7,9,1,10,2,14,,23,23,1,21,8,C03,120.666799,24.11689,2
2022,11,6,14,25,臺中市,東區,0,0,0,8,,,50,,,,,,,,,,,,,,,23,,,,,B03,,,1,,2,,,23,,1,22,,B03,120.683957,24.134808,3
2022,11,6,14,27,臺中市,西屯區,0,0,0,8,,,50,,,,,,,,,,,,,,,23,,,,,B03,,,1,,1,,,23,,1,22,,B03,120.611105,24.187293,3
2022,11,6,14,28,臺中市,北區,0,1,0,8,1,5,50,4,9,1,5,4,5,7,1,1,1,4,5,2,17,43,4,11,3,4,C03,7,15,7,19,11,11,,43,43,1,22,9,C03,120.691825,24.160146,2
2022,11,6,14,31,臺中市,豐原區,0,0,0,8,,,30,,,,,,,,,,,,,,,6,,,,,B12,,,1,,2,,,6,6,1,22,,B12,120.729908,24.236368,3
2022,11,6,14,34,臺中市,北屯區,0,1,0,8,1,5,50,14,9,1,5,4,5,7,4,4,5,5,5,2,16,40,3,10,1,1,B03,7,13,1,8,2,4,,40,40,1,22,8,B03,120.712085,24.180123,2
2022,11,6,14,40,臺中市,龍井區,0,0,0,8,,,50,,,,,,,,,,,,,,,43,,,,,C03,,,1,,1,,,43,,1,12,,C03,120.561863,24.198898,3
2022,11,6,14,41,臺中市,梧棲區,0,1,0,8,1,5,40,14,8,1,5,4,5,7,4,4,1,4,1,1,12,6,3,10,1,1,B03,7,8,1,8,2,6,,6,6,1,4,8,B03,120.522172,24.248445,2
2022,11,6,14,50,臺中市,沙鹿區,0,1,0,8,1,5,50,4,1,1,5,4,5,7,4,4,10,5,5,2,15,6,2,9,1,1,C03,7,9,4,7,2,14,,6,6,1,21,8,C03,120.572369,24.226989,2