年,月,日,時,分,縣市,區,死,受傷,2-30,天候,光線,道路類別,速限,道路型態,事故位置,路面鋪裝,路面狀態,路面缺陷,障礙物,視距,號誌種類,號誌動作,分向設施,快車道或一般車道間,快慢車道間,路面邊線,事故類型及型態,主要肇因,受傷程度,主要傷處,保護裝備,行動電話,當事者區分,車輛用途,當事者行動狀態,駕駛資格情形,駕駛執照種類,飲酒情形,車輛撞擊部位最初,車輛撞擊部位其他,肇事因素個別,肇事因素主要,肇事逃逸,職業,旅次目的,車種,GPS緯度,GPS經度,事故類別
2022,11,7,22,40,臺中市,西區,0,1,0,8,3,5,50,4,1,1,5,4,5,7,1,1,1,5,5,2,18,23,2,9,3,4,C03,7,9,1,10,2,14,,23,23,1,21,8,C03,120.657273,24.142999,2
2022,11,7,22,53,臺中市,太平區,0,1,0,8,3,5,50,3,1,1,5,4,5,7,4,4,10,5,5,2,13,23,3,10,3,4,B03,7,9,1,8,2,8,,23,23,1,9,8,B03,120.711673,24.141,2
2022,11,7,23,27,臺中市,西區,0,1,0,8,3,5,50,4,1,1,5,4,5,7,1,1,10,5,5,2,16,27,3,10,1,1,B03,7,5,1,8,2,7,,27,27,1,4,1,B03,120.674271,24.148307,2
2022,11,7,23,51,臺中市,南屯區,0,0,0,8,,,40,,,,,,,,,,,,,,,23,,,,,B03,,,1,,2,,,23,,1,4,,B03,120.623497,24.149515,3
2022,11,8,0,49,臺中市,南區,0,2,0,6,3,5,50,4,1,1,4,4,5,7,2,1,10,5,5,2,12,7,2,9,1,1,C03,7,8,1,10,2,12,,7,7,1,21,8,C03,120.68295,24.134424,2
2022,11,8,0,55,臺中市,梧棲區,0,0,0,8,,,70,,,,,,,,,,,,,,,23,,,,,B03,,,1,,1,,,23,,1,22,,B03,120.542484,24.247522,3
2022,11,8,1,33,臺中市,西區,0,1,0,7,3,5,50,4,1,1,5,4,5,7,1,1,10,5,5,2,15,25,2,9,1,1,C03,7,9,1,10,2,11,,25,25,1,5,7,C03,120.673597,24.149171,2
2022,11,8,2,11,臺中市,北屯區,0,0,0,8,,,60,,,,,,,,,,,,,,,23,,,,,B03,,,1,8,3,,,23,23,2,21,,B03,120.732134,24.161174,3
2022,11,8,2,45,臺中市,北區,0,2,0,8,3,5,50,4,1,1,4,4,5,7,1,1,5,5,5,2,15,25,2,9,1,1,C03,7,9,1,10,2,12,,25,25,1,22,8,C03,120.666736,24.169773,2
2022,11,8,3,26,臺中市,西屯區,0,2,0,8,3,5,50,14,7,1,5,4,5,7,4,4,9,4,4,2,13,16,2,9,1,1,C03,7,9,1,10,2,11,,16,16,1,12,8,C03,120.618378,24.164568,2
2022,11,8,6,19,臺中市,南屯區,0,0,0,,,,50,,,,,,,,,,,,,,,16,,,,,B11,,,1,,1,,,16,,1,22,,B11,120.649788,24.142261,3
2022,11,8,6,33,臺中市,西屯區,0,0,0,8,,,50,,,,,,,,,,,,,,,43,,,,,,,,,,,,,43,,1,,,,120.626596,24.183813,3
2022,11,8,6,42,臺中市,北屯區,0,0,0,6,,,50,,,,,,,,,,,,,,,19,,,,,B12,,,1,8,1,,,19,19,1,21,,B12,120.699258,24.168435,3
2022,11,8,6,45,臺中市,西屯區,0,1,0,6,1,5,30,14,9,1,4,4,5,7,4,4,10,5,5,2,11,42,2,9,3,4,C03,7,9,1,10,2,14,,42,42,1,22,8,C03,120.616336,24.170951,2
2022,11,8,7,4,臺中市,龍井區,0,0,0,6,,,40,,,,,,,,,,,,,,,19,,,,,C03,,,1,,2,,,19,,1,12,,C03,120.504433,24.210566,3
2022,11,8,7,9,臺中市,西屯區,0,1,0,6,1,5,40,3,1,1,4,4,5,7,4,4,1,4,1,2,16,6,3,10,1,1,B12,7,6,1,8,2,8,,6,6,1,22,8,B12,120.635321,24.172405,2
2022,11,8,7,17,臺中市,梧棲區,0,0,0,6,,,50,,,,,,,,,,,,,,,23,,,,,B03,,,1,,2,,,23,,1,3,,B03,120.541497,24.245068,3
2022,11,8,7,22,臺中市,龍井區,0,1,0,6,1,5,40,4,1,1,4,4,5,7,1,1,10,5,5,2,17,42,2,9,1,1,C03,7,15,1,10,2,11,,42,42,1,5,1,C03,120.58326,24.187035,2
2022,11,8,7,25,臺中市,北屯區,0,1,0,6,1,5,50,14,9,1,4,4,5,7,4,4,1,4,5,2,18,43,2,9,1,1,C03,7,9,1,10,2,14,,43,43,1,18,8,C03,120.70031,24.177846,2
2022,11,8,7,26,臺中市,神岡區,0,0,0,6,,,30,,,,,,,,,,,,,,,12,,,,,B03,,,1,,1,,,12,,1,22,,B03,120.68532,24.247783,3
2022,11,8,7,30,臺中市,南區,0,0,0,6,1,5,50,14,7,1,4,4,5,7,1,1,1,2,5,2,13,16,3,10,1,1,B03,7,9,1,8,2,1,,16,16,1,22,8,B03,120.67777,24.129335,3
2022,11,8,7,30,臺中市,北屯區,0,1,0,6,1,5,50,4,1,1,4,4,5,7,1,1,3,4,5,2,18,23,2,9,1,1,C03,7,6,1,10,1,12,,23,23,1,22,8,C03,120.686626,24.197848,2
2022,11,8,7,33,臺中市,東區,0,1,0,6,1,5,50,14,9,1,4,4,5,7,4,4,9,5,5,2,13,16,3,10,1,1,B03,7,9,1,8,2,1,,16,16,1,5,8,B03,120.700999,24.135767,2
2022,11,8,7,33,臺中市,太平區,0,1,0,6,1,5,50,3,2,1,4,4,5,7,4,4,1,4,5,2,13,16,3,10,1,1,C03,7,9,1,10,2,11,,16,16,1,22,8,C03,120.716972,24.154238,2
2022,11,8,7,35,臺中市,北屯區,0,1,0,6,1,5,50,14,9,1,4,4,5,7,4,4,1,4,5,2,18,43,2,9,1,1,C03,7,9,1,10,2,12,,43,43,1,22,8,C03,120.698241,24.172787,2
2022,11,8,7,35,臺中市,大里區,0,1,0,6,1,5,50,3,1,1,4,4,5,7,1,1,10,5,5,2,16,6,3,10,1,1,C03,7,5,4,8,2,11,,6,6,1,20,8,C03,120.729169,24.094199,2
2022,11,8,7,35,臺中市,豐原區,0,3,0,6,1,5,50,14,7,1,4,4,5,7,4,4,5,5,4,2,17,40,3,10,1,1,B03,7,14,1,8,2,2,,40,40,1,22,8,B03,120.724104,24.249334,2
2022,11,8,7,36,臺中市,北屯區,0,1,0,6,1,5,50,14,9,1,4,4,5,7,4,4,9,5,5,2,18,23,2,9,1,1,C03,7,9,1,10,2,12,,23,23,1,5,8,C03,120.686026,24.167633,2
2022,11,8,7,37,臺中市,北區,0,1,0,6,1,5,50,4,2,1,4,4,5,7,2,1,8,3,5,2,18,43,2,8,1,1,C03,7,6,1,10,2,15,,43,43,1,3,8,C03,120.677148,24.151451,2
2022,11,8,7,37,臺中市,南區,0,0,0,6,,,50,,,,,,,,,,,,,,,23,,,,,C03,,,1,,2,,,23,,1,22,,C03,120.671346,24.128698,3
2022,11,8,7,39,臺中市,梧棲區,0,2,0,6,1,5,30,3,1,1,4,4,5,7,1,1,10,5,5,2,16,26,2,9,1,1,C03,7,9,1,10,2,12,,26,26,1,5,1,C03,120.520921,24.244728,2
2022,11,8,7,40,臺中市,龍井區,0,1,0,6,1,5,50,4,1,1,4,4,5,7,4,4,5,5,5,1,17,16,2,8,1,1,C03,7,9,1,9,2,11,,16,16,1,21,8,C03,120.596907,24.188623,2
2022,11,8,7,41,臺中市,太平區,0,1,0,6,1,5,50,4,1,1,4,4,5,7,4,4,10,5,5,2,29,42,2,9,1,1,C03,7,9,1,10,2,14,,42,42,1,22,8,C03,120.706474,24.150204,2
2022,11,8,7,42,臺中市,南區,0,1,0,6,1,5,50,14,9,1,4,4,5,7,3,1,10,5,5,2,16,6,3,10,1,1,C03,7,5,1,10,2,11,,6,6,1,5,8,C03,120.648668,24.114576,2
2022,11,8,7,42,臺中市,北屯區,0,1,0,6,1,5,30,3,1,1,4,4,5,7,4,4,10,5,5,2,16,6,3,10,1,1,B03,7,5,1,8,2,8,,6,6,1,21,8,B03,120.684378,24.170172,2
2022,11,8,7,42,臺中市,梧棲區,0,0,0,8,,,50,,,,,,,,,,,,,,,23,,,,,B03,,,1,,9,,,23,,1,22,,B03,120.541855,24.243993,3
2022,11,8,7,43,臺中市,南區,0,1,0,6,1,5,50,5,1,1,4,4,5,7,1,1,1,5,5,2,16,25,3,10,1,1,B03,7,5,1,8,2,7,,25,25,1,22,8,B03,120.661788,24.121919,2
2022,11,8,7,44,臺中市,西屯區,0,0,0,6,,,50,,,,,,,,,,,,,,,16,,,,,C03,,,1,,1,,,16,,1,21,,C03,120.614048,24.175656,3
2022,11,8,7,45,臺中市,霧峰區,0,1,0,6,1,5,40,14,8,1,4,4,5,7,4,4,1,4,1,1,18,23,2,9,1,1,C03,7,9,1,9,3,11,,23,23,1,21,1,C03,120.66298,24.083548,2
2022,11,8,7,45,臺中市,梧棲區,0,1,0,6,1,5,40,3,2,1,4,4,5,7,1,1,1,4,4,1,17,16,2,9,1,1,C03,7,9,1,10,2,13,11,44,16,1,5,1,C03,120.520458,24.244656,2
2022,11,8,7,45,臺中市,梧棲區,0,1,0,6,1,5,70,4,7,1,4,4,5,7,1,1,1,4,1,1,17,16,2,9,1,1,A31,7,9,1,1,2,8,,16,16,1,10,8,A31,120.528339,24.253023,2
2022,11,8,7,47,臺中市,梧棲區,0,1,0,6,1,5,40,14,8,1,4,4,5,7,4,4,1,4,1,1,16,6,3,10,1,1,B03,7,8,1,8,2,5,,6,6,1,2,1,B03,120.533556,24.244287,2
2022,11,8,7,49,臺中市,北屯區,0,0,0,,,,50,,,,,,,,,,,,,,,23,,,,,B03,,,1,,1,,,23,,1,21,,B03,120.688586,24.16298,3
2022,11,8,7,49,臺中市,東勢區,0,1,0,6,1,5,50,14,9,1,4,4,5,7,4,4,5,5,5,1,17,19,3,10,1,1,B03,7,1,1,8,2,8,,19,19,1,20,8,B03,120.83762,24.250953,2
2022,11,8,7,50,臺中市,北屯區,0,0,0,6,,,80,,,,,,,,,,,,,,,23,,,,,B03,,,1,,1,,,23,,1,4,,B03,120.718821,24.16339,3
2022,11,8,7,50,臺中市,清水區,0,0,0,6,,,60,,,,,,,,,,,,,,,26,,,,,B03,,,1,,2,,,26,26,1,21,,B03,120.581002,24.301469,3
2022,11,8,7,51,臺中市,西屯區,0,0,0,6,,,50,,,,,,,,,,,,,,,23,,,,,C03,,,1,,1,,,23,,1,22,,C03,120.636147,24.170269,3
2022,11,8,7,51,臺中市,豐原區,0,1,0,6,1,5,50,3,1,1,4,4,5,7,4,4,10,5,5,2,18,23,2,9,1,1,C03,7,9,1,10,2,11,,23,23,1,22,8,C03,120.704102,24.239239,2
2022,11,8,7,55,臺中市,南區,0,1,0,6,1,5,50,4,1,1,4,4,5,7,1,1,10,5,5,2,16,8,2,9,1,1,C03,7,5,1,10,2,14,,8,8,1,22,8,C03,120.663763,24.116894,2
2022,11,8,7,55,臺中市,沙鹿區,0,0,0,6,1,5,50,11,9,1,4,4,5,7,4,4,4,3,4,1,11,23,,,,,B12,,,6,,2,,,23,,1,22,,B12,120.584018,24.243549,3
2022,11,8,7,56,臺中市,北屯區,0,1,0,6,1,5,50,3,1,1,4,4,5,7,4,4,5,5,5,2,18,23,2,9,1,1,C03,7,9,1,10,2,14,,23,23,1,22,8,C03,120.662736,24.189678,2
2022,11,8,7,59,臺中市,東區,0,2,0,6,1,5,50,3,1,1,4,4,5,7,4,4,10,5,5,2,16,6,2,8,1,1,C03,7,5,1,10,2,12,,6,6,1,5,8,C03,120.70434,24.130856,2
2022,11,8,7,59,臺中市,南屯區,0,1,0,6,2,5,50,14,7,1,4,4,5,7,4,4,9,5,4,2,13,23,2,9,1,1,C03,7,9,1,10,2,11,,23,23,1,20,2,C03,120.612736,24.153419,2
2022,11,8,8,0,臺中市,東區,0,1,0,6,1,5,50,4,1,1,4,4,5,7,1,1,10,5,5,2,13,16,2,9,1,1,C03,7,9,1,10,2,11,,16,16,1,22,8,C03,120.708148,24.140637,2
2022,11,8,8,0,臺中市,新社區,0,1,0,6,1,5,30,16,9,1,4,4,5,7,4,4,10,5,5,2,12,1,3,10,1,1,B03,7,4,1,8,1,2,,1,1,1,21,8,B03,120.793451,24.205776,2
2022,11,8,8,0,臺中市,神岡區,0,0,0,6,,,50,,,,,,,,,,,,,,,23,,,,,B03,,,1,,2,,,23,,1,22,,B03,120.699045,24.264253,3
2022,11,8,8,3,臺中市,北屯區,0,1,0,6,1,5,50,4,1,1,4,4,5,7,1,1,10,5,5,2,16,9,3,10,1,1,B12,7,6,1,8,2,2,,9,9,1,21,8,B12,120.670806,24.200736,2
2022,11,8,8,4,臺中市,西區,0,1,0,6,1,5,50,14,9,1,4,4,5,7,4,4,5,5,5,2,18,23,2,9,1,1,C03,7,9,1,10,2,12,,23,23,1,22,8,C03,120.658817,24.145097,2
2022,11,8,8,10,臺中市,沙鹿區,0,0,0,6,,,50,,,,,,,,,,,,,,,16,,,,,B03,,,1,,2,,,16,,1,3,,B03,120.582699,24.244437,3
2022,11,8,8,13,臺中市,西屯區,0,0,0,6,,,50,,,,,,,,,,,,,,,23,,,,,B03,,,1,,1,,,23,,1,22,,B03,120.636602,24.156564,3
2022,11,8,8,18,臺中市,西區,0,1,0,6,1,5,50,14,9,1,4,4,5,7,4,4,5,4,5,2,18,23,2,9,1,1,C03,7,9,1,10,2,12,,23,23,1,22,9,C03,120.667246,24.146617,2
2022,11,8,8,18,臺中市,東區,0,0,0,6,,,30,,,,,,,,,,,,,,,23,,,,,B03,,,1,,2,,,23,,1,22,,B03,120.706198,24.136143,3
2022,11,8,8,19,臺中市,西區,0,2,0,6,1,5,50,14,9,1,4,4,5,7,4,4,1,4,4,2,13,16,2,9,1,1,C03,7,9,1,10,2,11,,16,16,1,5,1,C03,120.657091,24.141794,2
2022,11,8,8,19,臺中市,烏日區,0,2,0,6,1,5,70,14,9,1,4,4,5,7,4,4,10,5,5,2,13,16,2,9,1,1,C03,7,9,1,10,2,11,,16,16,1,21,1,C03,120.599642,24.110249,2
2022,11,8,8,20,臺中市,東區,0,1,0,6,1,5,50,4,1,1,4,4,5,7,1,1,10,5,5,2,16,6,3,10,1,1,C03,7,5,1,10,2,12,,6,6,1,5,8,C03,120.68388,24.13485,2
2022,11,8,8,20,臺中市,南屯區,0,0,0,6,,,40,,,,,,,,,,,,,,,23,,,,,B12,,,1,,1,,,23,,1,22,,B12,120.623528,24.140243,3
2022,11,8,8,24,臺中市,中區,0,1,0,6,1,5,50,3,1,1,4,4,5,7,4,4,1,4,5,2,18,42,2,9,1,1,C03,7,9,1,10,2,14,,42,42,1,17,2,C03,120.682106,24.145266,2
2022,11,8,8,25,臺中市,大雅區,0,0,0,6,,,30,,,,,,,,,,,,,,,6,,,,,B12,,,1,,2,,,6,,1,22,,B12,120.65435,24.211016,3
2022,11,8,8,26,臺中市,北屯區,0,1,0,6,1,5,50,5,1,1,4,4,5,7,4,4,10,5,5,2,18,23,2,9,1,1,C03,7,6,1,10,2,12,,23,23,1,21,8,C03,120.740547,24.180401,2
2022,11,8,8,28,臺中市,豐原區,0,0,0,8,,,30,,,,,,,,,,,,,,,5,,,,,B03,,,1,,2,,,5,,1,22,,B03,120.752193,24.271743,3
2022,11,8,8,29,臺中市,北屯區,0,1,0,6,1,5,50,4,1,1,4,4,5,7,1,1,10,5,5,2,17,8,3,10,1,1,B03,7,5,1,8,2,8,,8,8,1,21,8,B03,120.686593,24.196528,2
2022,11,8,8,32,臺中市,北屯區,0,2,0,6,1,5,40,14,8,1,4,4,5,7,4,4,1,4,4,2,12,43,3,10,1,1,C03,7,9,1,10,2,13,,43,43,1,22,8,C03,120.685621,24.177224,2
2022,11,8,8,33,臺中市,南屯區,0,1,0,6,1,5,50,3,1,1,4,4,5,7,4,4,10,5,5,2,17,10,3,10,1,1,B03,7,11,1,1,2,15,,10,10,1,22,8,B03,120.641964,24.132081,2
2022,11,8,8,35,臺中市,大里區,0,1,0,6,1,5,50,14,7,1,4,4,5,7,4,4,5,5,4,1,16,23,2,9,1,1,F03,7,9,8,20,2,16,,23,23,1,9,1,F03,120.725783,24.091757,2
2022,11,8,8,37,臺中市,南屯區,0,0,0,6,1,5,50,3,1,1,4,4,5,7,2,1,10,5,5,2,16,26,3,10,1,1,B03,7,6,1,8,1,5,,26,26,1,2,1,B03,120.614025,24.139097,3
2022,11,8,8,37,臺中市,西屯區,0,1,0,8,1,5,50,14,9,1,5,4,5,7,4,4,1,4,5,2,17,42,3,10,3,4,B03,7,1,1,8,2,15,,42,19,1,22,9,B03,120.653191,24.167496,2
2022,11,8,8,39,臺中市,北區,0,1,0,6,1,5,50,14,9,1,4,4,5,7,4,4,1,5,5,2,13,23,2,9,1,1,C03,7,9,1,10,2,11,,23,23,1,5,8,C03,120.679298,24.165404,2
2022,11,8,8,39,臺中市,南區,0,1,0,6,1,5,50,3,1,1,4,4,5,7,4,4,10,5,5,2,18,23,2,9,1,1,C03,7,9,1,10,2,14,,23,23,1,22,8,C03,120.652772,24.119811,2
2022,11,8,8,44,臺中市,北區,0,0,0,6,1,5,50,14,8,1,4,4,5,7,4,4,8,3,4,2,12,19,,,,,C03,,,1,,1,,,19,,1,22,,C03,120.682413,24.163187,3
2022,11,8,8,47,臺中市,西屯區,0,2,0,6,1,5,50,4,1,1,4,4,5,7,1,1,10,5,5,2,16,6,3,10,1,1,B03,7,5,1,8,2,2,,6,6,1,22,8,B03,120.640361,24.18693,2
2022,11,8,8,48,臺中市,北屯區,0,0,0,6,,,50,,,,,,,,,,,,,,,16,,,,,C03,,9,1,10,2,11,,16,16,1,21,,C03,120.67931,24.172847,3
2022,11,8,8,52,臺中市,北屯區,0,1,0,6,1,5,50,15,6,1,4,4,5,7,4,4,10,5,5,2,16,23,3,10,1,1,B12,7,11,1,8,2,7,,23,23,1,21,8,B12,120.687165,24.181651,2
2022,11,8,8,53,臺中市,北屯區,0,1,0,6,1,5,50,14,9,1,4,4,5,7,4,4,5,4,5,2,16,19,3,10,1,1,B11,7,1,1,8,2,1,,19,19,1,21,8,B11,120.676196,24.19605,2
2022,11,8,8,55,臺中市,南屯區,0,0,0,8,,,50,,,,,,,,,,,,,,,23,,,,,B02,,,1,,9,,,23,,1,22,,B02,120.62776,24.11799,3
2022,11,8,9,2,臺中市,東區,0,0,0,6,1,5,50,14,7,1,5,4,5,7,4,4,1,4,5,2,13,16,3,10,1,1,B03,7,9,1,8,2,1,,16,16,1,22,8,B03,120.708419,24.134347,3
2022,11,8,9,7,臺中市,北屯區,0,1,0,6,1,5,50,5,1,1,4,4,5,7,4,4,10,5,5,2,15,6,3,10,1,1,B03,7,9,1,8,2,1,,6,6,1,21,8,B03,120.66073,24.193671,2
2022,11,8,9,9,臺中市,南屯區,0,0,0,7,1,5,40,14,16,1,5,4,5,7,4,4,10,5,5,2,13,23,3,10,1,1,B03,7,9,1,8,1,1,,23,23,1,22,8,B03,120.622868,24.141115,3
2022,11,8,9,10,臺中市,北屯區,0,2,0,6,1,5,50,4,1,1,4,4,5,7,1,1,3,2,4,2,16,6,2,9,1,1,B03,7,5,1,8,2,2,,6,6,1,22,8,B03,120.67837,24.184174,2
2022,11,8,9,11,臺中市,北屯區,1,0,0,6,1,5,50,14,9,1,4,4,5,7,4,4,1,4,5,2,17,23,1,9,1,1,C03,7,9,1,10,9,11,,23,23,1,22,8,C03,120.688871,24.171793,1
2022,11,8,9,12,臺中市,大雅區,0,1,0,6,4,5,60,14,12,1,4,4,5,7,4,4,3,4,4,1,12,6,3,10,1,1,B03,7,8,1,8,2,2,,6,6,1,22,9,B03,120.645628,24.224741,2
2022,11,8,9,13,臺中市,西屯區,0,0,0,6,,,40,,,,,,,,,,,,,,,23,,,,,B12,,,1,,1,,,23,,1,22,,B12,120.633777,24.161175,3
2022,11,8,9,15,臺中市,北屯區,0,1,0,6,1,5,50,14,9,1,4,4,5,7,4,4,1,3,5,2,13,23,2,9,1,1,C03,7,9,1,10,2,11,,23,23,1,21,8,C03,120.693916,24.164583,2
2022,11,8,9,18,臺中市,太平區,0,0,0,6,,,40,,,,,,,,,,,,,,,12,,,,,B03,,,1,,2,2,,12,12,1,22,,B03,120.731349,24.127414,3
2022,11,8,9,20,臺中市,北區,0,1,0,6,1,5,50,4,18,1,4,4,5,7,1,1,10,5,5,2,3,15,3,10,1,1,B03,7,5,1,8,2,1,,15,15,1,22,8,B03,120.678273,24.171302,2
2022,11,8,9,25,臺中市,北區,0,0,0,6,,,50,,,,,,,,,,,,,,,42,,,,,B03,,,1,,11,,,42,,1,22,,B03,120.672436,24.164769,3
2022,11,8,9,28,臺中市,太平區,0,0,0,6,,,30,,,,,,,,,,,,,,,23,,,,,B12,,,1,,2,,,23,,1,22,,B12,120.71653,24.13938,3
2022,11,8,9,30,臺中市,北屯區,0,1,0,6,1,5,50,14,8,1,4,4,5,7,4,4,1,4,4,2,12,23,2,9,1,1,B11,7,9,1,8,2,1,,23,23,1,22,8,B11,120.674987,24.188411,2
2022,11,8,9,32,臺中市,太平區,0,0,0,6,,,50,,,,,,,,,,,,,,,42,,,,,B03,,,1,,2,1,,42,42,1,22,,B03,120.702178,24.111041,3
2022,11,8,9,33,臺中市,西屯區,0,1,0,6,1,5,40,14,7,1,4,4,5,7,4,4,5,4,4,2,12,40,3,10,2,1,B12,7,13,1,8,2,4,,40,40,1,21,4,B12,120.639396,24.17705,2
2022,11,8,9,35,臺中市,沙鹿區,0,0,0,8,1,5,60,14,7,1,5,4,5,7,1,1,8,3,1,1,14,12,,,,,B03,,,1,,2,,,12,,1,22,,B03,120.562399,24.240498,3
2022,11,8,9,36,臺中市,西區,0,2,0,6,1,5,50,4,1,1,4,4,5,7,1,1,10,5,5,2,15,25,2,9,1,1,C03,7,9,1,10,2,11,,25,25,1,22,9,C03,120.660431,24.162154,2
2022,11,8,9,46,臺中市,梧棲區,0,0,0,8,,,50,,,,,,,,,,,,,,,23,,,,,B03,,,1,,2,,,23,,1,9,,B03,120.531126,24.239635,3
2022,11,8,9,50,臺中市,沙鹿區,0,1,0,8,1,5,40,14,8,1,5,4,5,7,4,4,1,4,4,2,17,40,3,10,1,1,B03,7,13,1,8,2,4,,40,40,1,5,5,B03,120.567238,24.228667,2
2022,11,8,9,52,臺中市,西區,0,1,0,6,1,5,50,14,9,1,4,4,5,7,4,4,5,4,4,2,17,23,2,9,1,1,C03,7,9,1,10,2,11,,23,23,1,5,7,C03,120.667397,24.140328,2
2022,11,8,10,1,臺中市,西屯區,0,0,0,6,,,50,,,,,,,,,,,,,,,12,,,,,B03,,,1,,1,,,12,,1,22,,B03,120.621391,24.191227,3
2022,11,8,10,3,臺中市,北屯區,0,1,0,6,1,5,50,5,4,1,4,4,5,7,1,1,10,5,5,2,17,6,3,10,1,1,B03,7,6,1,7,2,5,,6,6,1,21,8,B03,120.710796,24.174715,2
2022,11,8,10,3,臺中市,西屯區,0,1,0,6,1,5,50,4,1,1,4,4,5,7,1,1,10,5,5,2,17,42,2,9,3,4,C03,7,9,1,10,2,15,,42,42,1,22,9,C03,120.664697,24.178159,2
2022,11,8,10,4,臺中市,西屯區,0,1,0,6,1,5,50,14,9,1,4,4,5,7,4,4,5,4,5,2,17,43,2,9,1,1,C03,7,9,1,10,2,11,,43,43,1,22,8,C03,120.610182,24.187817,2
2022,11,8,10,7,臺中市,西區,0,0,0,6,,,50,,,,,,,,,,,,,,,23,,,,,B03,,,1,8,1,,,23,23,1,22,,B03,120.65994,24.148931,3
2022,11,8,10,10,臺中市,西屯區,0,1,0,6,1,5,40,4,2,1,4,4,5,7,2,1,5,4,4,2,18,42,2,9,1,1,C03,7,9,1,10,2,12,,42,42,1,21,8,C03,120.637803,24.180533,2
2022,11,8,10,10,臺中市,沙鹿區,0,0,0,8,1,5,50,14,9,1,5,4,5,7,4,4,4,3,4,1,14,19,,,,,B12,,,1,,2,,,19,19,2,3,,B12,120.571105,24.207932,3
2022,11,8,10,13,臺中市,北屯區,0,1,0,6,1,5,40,14,8,1,4,4,5,7,4,4,5,5,4,2,18,23,2,9,1,1,C03,7,9,1,10,2,12,,23,23,1,22,8,C03,120.682457,24.177825,2
2022,11,8,10,19,臺中市,石岡區,0,1,0,6,1,5,40,3,1,1,4,4,5,7,4,4,1,5,5,2,14,12,3,10,1,1,B03,7,2,1,7,2,3,,12,12,1,5,8,B03,120.779836,24.274106,2
2022,11,8,10,20,臺中市,太平區,0,1,0,6,1,5,50,4,1,1,4,4,5,7,1,1,10,5,5,2,16,25,2,8,1,1,C03,7,9,1,10,2,14,,25,25,1,22,8,C03,120.722036,24.149288,2
2022,11,8,10,21,臺中市,北屯區,0,0,0,6,,,40,,,,,,,,,,,,,,,23,,,,,B03,7,9,1,8,1,1,,23,23,1,21,8,B03,120.721048,24.172072,3
2022,11,8,10,25,臺中市,龍井區,0,0,0,8,,,50,,,,,,,,,,,,,,,17,,,,,B03,,,1,,2,,,17,,1,21,,B03,120.579667,24.175171,3
2022,11,8,10,27,臺中市,南屯區,0,1,0,6,1,5,50,4,2,1,4,4,5,7,2,1,5,4,5,2,18,42,2,9,3,4,C03,7,9,1,10,2,15,,42,42,1,4,9,C03,120.643691,24.146835,2
2022,11,8,10,29,臺中市,太平區,0,0,0,8,,,30,,,,,,,,,,,,,,,23,,,,,B12,,,1,,2,,,23,,1,22,,B12,120.70568,24.124391,3
2022,11,8,10,36,臺中市,南屯區,0,0,0,8,1,5,50,14,9,1,5,4,5,7,4,4,5,4,5,2,12,7,3,10,1,1,B03,7,9,1,7,1,4,2,7,7,1,22,8,B03,120.636552,24.135762,3
2022,11,8,10,37,臺中市,西區,0,1,0,7,1,5,40,14,7,1,4,4,5,7,4,4,1,4,4,2,17,40,3,10,1,1,B03,7,13,1,8,2,4,,40,40,1,22,8,B03,120.657343,24.151241,2
2022,11,8,10,39,臺中市,梧棲區,0,0,0,8,,,30,,,,,,,,,,,,,,,12,,,,,B03,,,1,,1,,,12,,1,20,,B03,120.540179,24.254558,3
2022,11,8,10,41,臺中市,北屯區,0,0,0,6,,,50,,,,,,,,,,,,,,,16,,,,,C03,,,1,,1,,,16,,1,22,,C03,120.71395,24.164315,3
2022,11,8,10,50,臺中市,北區,0,1,0,6,1,5,50,3,1,1,4,4,5,7,4,4,10,5,4,2,13,23,2,9,1,1,C03,7,9,1,10,2,11,,23,23,1,5,8,C03,120.686122,24.152438,2
2022,11,8,10,50,臺中市,沙鹿區,0,0,0,8,,,50,,,,,,,,,,,,,,,12,,,,,B03,,,1,,2,,,12,,1,4,,B03,120.564695,24.241194,3
2022,11,8,10,50,臺中市,豐原區,0,1,0,6,1,5,40,14,9,1,4,4,5,7,4,4,10,5,5,1,17,42,2,9,1,1,C03,7,9,1,10,2,14,,42,42,1,22,8,C03,120.729319,24.264622,2
2022,11,8,10,51,臺中市,南區,0,1,0,7,1,5,40,3,2,1,4,4,5,7,4,4,1,4,4,2,16,6,3,10,1,1,B03,7,6,1,8,2,5,,6,6,1,5,8,B03,120.68002,24.127439,2
2022,11,8,10,55,臺中市,北區,0,1,0,8,1,5,50,3,7,1,5,4,5,7,4,4,1,4,4,2,16,19,3,10,1,1,A04,7,1,1,2,2,7,,19,19,1,5,8,A04,120.673187,24.166413,2
2022,11,8,11,1,臺中市,南屯區,0,0,0,,,,50,,,,,,,,,,,,,,,38,,,,,C03,,,1,,2,,,38,,1,4,,C03,120.634278,24.152423,3
2022,11,8,11,5,臺中市,東區,0,0,0,6,,,50,,,,,,,,,,,,,,,6,,,,,B03,,,1,,1,,,6,,1,22,,B03,120.699021,24.143536,3
2022,11,8,11,8,臺中市,東區,0,0,0,,,,40,,,,,,,,,,,,,,,40,,,,,B03,,,1,,2,,,40,,1,5,,B03,120.69631,24.138823,3