年,月,日,時,分,縣市,區,死,受傷,2-30,天候,光線,道路類別,速限,道路型態,事故位置,路面鋪裝,路面狀態,路面缺陷,障礙物,視距,號誌種類,號誌動作,分向設施,快車道或一般車道間,快慢車道間,路面邊線,事故類型及型態,主要肇因,受傷程度,主要傷處,保護裝備,行動電話,當事者區分,車輛用途,當事者行動狀態,駕駛資格情形,駕駛執照種類,飲酒情形,車輛撞擊部位最初,車輛撞擊部位其他,肇事因素個別,肇事因素主要,肇事逃逸,職業,旅次目的,車種,GPS緯度,GPS經度,事故類別
2022,11,9,10,5,臺中市,北屯區,0,1,0,8,1,5,50,4,1,1,5,4,5,7,4,4,10,5,5,2,16,19,2,9,1,1,C03,7,1,1,10,2,11,,19,19,1,21,8,C03,120.683422,24.171644,2
2022,11,9,10,5,臺中市,西屯區,0,2,0,8,1,5,30,3,1,1,5,4,5,7,4,4,5,4,5,2,16,6,2,8,1,1,F03,7,5,8,20,2,16,,6,6,1,18,8,F03,120.643322,24.190257,2
2022,11,9,10,15,臺中市,豐原區,0,0,0,8,,,50,,,,,,,,,,,,,,,19,,,,,A11,,,1,,2,,,19,,1,22,,A11,120.722034,24.253252,3
2022,11,9,10,19,臺中市,西區,0,0,0,8,,,50,,,,,,,,,,,,,,,12,,,,,B03,,,1,,1,,,12,,1,21,,B03,120.661462,24.136091,3
2022,11,9,10,32,臺中市,后里區,0,1,0,8,1,5,50,4,2,1,5,4,5,7,3,1,10,5,5,1,18,42,2,9,2,1,F01,7,9,8,20,2,16,,42,42,1,18,6,F01,120.742061,24.332353,2
2022,11,9,10,40,臺中市,西屯區,0,0,0,8,,,50,,,,,,,,,,,,,,,13,,,,,B03,,,1,,2,,,13,,1,22,,B03,120.65585,24.19224,3
2022,11,9,10,43,臺中市,西屯區,0,0,0,8,,,70,,,,,,,,,,,,,,,16,,,,,B03,,,1,,1,,,16,,1,22,,B03,120.587583,24.18558,3
2022,11,9,10,45,臺中市,清水區,0,1,0,8,1,5,50,4,1,1,5,4,5,7,4,4,8,4,5,2,15,6,2,9,1,1,C03,7,9,1,10,2,12,,6,6,1,21,8,C03,120.57858,24.270977,2
2022,11,9,10,50,臺中市,北屯區,0,2,0,8,1,5,50,3,1,1,5,4,5,7,4,4,10,5,5,2,16,19,2,9,1,1,F01,7,1,8,20,2,16,,19,19,1,20,9,F01,120.690556,24.173373,2
2022,11,9,10,51,臺中市,北區,0,1,0,8,1,5,50,14,9,1,5,4,5,7,4,4,5,5,5,2,16,7,3,10,1,1,C04,7,7,6,10,2,14,,7,7,1,22,8,C04,120.689791,24.160066,2
2022,11,9,10,55,臺中市,南屯區,0,0,0,8,,,50,,,,,,,,,,,,,,,42,,,,,B03,,,1,,1,,,42,,1,22,,B03,120.625808,24.140843,3
2022,11,9,10,57,臺中市,北屯區,0,0,0,6,,,50,,,,,,,,,,,,,,,23,,,,,B03,,9,1,8,1,1,,23,23,1,21,8,B03,120.686539,24.202474,3
2022,11,9,10,59,臺中市,沙鹿區,0,0,0,8,,,30,,,,,,,,,,,,,,,42,,,,,B03,,,1,,2,,,42,,1,9,,B03,120.6061,24.266446,3
2022,11,9,11,0,臺中市,和平區,0,0,0,8,1,2,50,14,9,1,5,4,5,7,4,4,4,5,5,1,17,67,4,11,3,4,,,21,7,,,,,67,67,1,,,,120.888933,24.173871,4
2022,11,9,11,1,臺中市,北區,0,0,0,8,,,50,,,,,,,,,,,,,,,7,,,,,B03,,,1,,2,,,7,,1,5,,B03,120.683544,24.153745,3
2022,11,9,11,1,臺中市,北屯區,0,1,0,8,1,5,50,14,9,1,5,4,5,7,4,4,1,4,5,2,17,19,2,8,1,1,C03,7,1,1,10,2,11,,19,19,1,21,8,C03,120.685723,24.17668,2
2022,11,9,11,13,臺中市,北區,0,0,0,8,,,50,,,,,,,,,,,,,,,23,,,,,B03,,,1,,2,,,23,,1,5,,B03,120.683199,24.16043,3
2022,11,9,11,14,臺中市,北區,0,0,0,8,,,50,,,,,,,,,,,,,,,7,,,,,B03,,,1,,1,,,7,,1,22,,B03,120.674371,24.163234,3
2022,11,9,11,18,臺中市,龍井區,0,0,0,8,,,60,,,,,,,,,,,,,,,42,,,,,G03,,,1,,2,,,42,42,1,10,,G03,120.534776,24.194113,3
2022,11,9,11,18,臺中市,龍井區,0,0,0,8,,,30,,,,,,,,,,,,,,,6,,,,,B03,,,1,,2,,,6,,1,4,,B03,120.514785,24.205648,3
2022,11,9,11,24,臺中市,潭子區,0,1,0,8,1,5,50,3,1,1,5,4,1,7,1,1,1,5,5,2,16,4,3,10,1,1,B03,7,11,1,8,2,2,,4,4,1,22,9,B03,120.678281,24.215594,2
2022,11,9,11,26,臺中市,豐原區,0,0,0,8,,,40,,,,,,,,,,,,,,,12,,,,,B12,,,1,,2,,,12,,1,22,,B12,120.705952,24.249883,3
2022,11,9,11,29,臺中市,南屯區,0,0,0,,,,50,,,,,,,,,,,,,,,23,,,,,C03,,,4,,2,,,23,23,1,4,,C03,120.646547,24.131733,3
2022,11,9,11,34,臺中市,太平區,0,1,0,8,1,5,30,3,1,1,5,4,5,7,4,4,10,5,5,2,16,6,3,10,1,1,B12,7,5,1,8,2,1,,6,6,1,5,8,B12,120.710968,24.161336,2
2022,11,9,11,45,臺中市,北屯區,0,0,0,8,,,50,,,,,,,,,,,,,,,16,,,,,C03,,,1,,1,,,16,,1,22,,C03,120.692996,24.16333,3
2022,11,9,11,46,臺中市,南區,0,0,0,,,,,,,,,,,,,,,,,,,43,,,,,,,,,,,,,43,,1,,,,120.666731,24.114148,3
2022,11,9,11,47,臺中市,西屯區,0,1,0,8,1,5,40,15,8,1,5,4,5,7,4,4,1,4,1,2,13,23,2,9,1,1,C03,7,9,1,10,2,11,,23,23,1,22,8,C03,120.593367,24.182162,2
2022,11,9,11,55,臺中市,和平區,0,0,0,8,1,5,40,11,9,1,5,4,5,7,4,4,10,5,5,1,11,17,3,10,3,1,B03,7,15,1,8,2,8,,17,17,1,22,9,B03,121.261822,24.265227,3
2022,11,9,12,10,臺中市,北區,0,2,0,8,1,5,50,4,1,1,5,4,5,7,4,4,5,5,5,2,15,6,2,9,1,1,C03,7,9,1,10,2,12,,6,6,1,5,8,C03,120.679966,24.162541,2
2022,11,9,12,17,臺中市,大甲區,0,0,0,8,,,50,,,,,,,,,,,,,,,6,,,,,B03,,,1,,1,,,6,,1,21,,B03,120.62929,24.35403,3
2022,11,9,12,20,臺中市,西區,0,0,0,8,,,50,,,,,,,,,,,,,,,12,,,,,B03,,,1,,1,,,12,,1,4,,B03,120.660871,24.150869,3
2022,11,9,12,20,臺中市,北區,0,1,0,8,1,5,50,14,9,1,5,4,5,7,4,4,1,4,5,2,16,6,3,10,1,1,B03,7,6,1,8,2,5,,6,6,1,22,8,B03,120.664581,24.162454,2
2022,11,9,12,20,臺中市,沙鹿區,0,0,0,8,,,50,,,,,,,,,,,,,,,4,,,,,C03,,,1,,2,,,4,4,1,18,,C03,120.581353,24.214359,3
2022,11,9,12,25,臺中市,北屯區,0,0,0,8,,,40,,,,,,,,,,,,,,,23,,,,,B12,,,1,,2,,,23,,1,21,,B12,120.687161,24.201243,3
2022,11,9,12,27,臺中市,北屯區,0,1,0,8,1,5,50,14,9,1,5,4,5,7,4,4,1,4,5,2,18,23,2,9,1,1,C03,7,9,1,10,1,15,,23,23,1,21,8,C03,120.689287,24.171578,2
2022,11,9,12,30,臺中市,南區,0,0,0,,,,30,,,,,,,,,,,,,,,23,,,,,B03,,,6,,9,,,23,,2,5,,B03,120.663125,24.121758,3
2022,11,9,12,30,臺中市,西屯區,0,0,0,8,,,50,,,,,,,,,,,,,,,25,,,,,B03,,,1,,1,,,25,,1,22,,B03,120.611317,24.192017,3
2022,11,9,12,32,臺中市,梧棲區,0,0,0,8,,,50,,,,,,,,,,,,,,,12,,,,,B03,,,1,,1,,,12,,1,22,,B03,120.550166,24.243679,3
2022,11,9,12,35,臺中市,大雅區,0,2,0,8,1,5,50,4,1,1,5,4,5,7,4,4,10,4,5,1,16,6,2,9,1,1,C03,7,5,1,10,2,14,,6,6,1,22,9,C03,120.653588,24.221808,2
2022,11,9,12,50,臺中市,大雅區,0,0,0,8,,,30,,,,,,,,,,,,,,,12,,,,,B03,,,1,,2,,,12,,1,22,,B03,120.64671,24.22136,3
2022,11,9,12,51,臺中市,南屯區,0,0,0,8,1,5,50,14,9,1,5,4,5,7,4,4,1,4,5,2,13,23,3,10,1,1,B03,7,9,1,8,1,1,,23,23,1,22,8,B03,120.631939,24.145698,3
2022,11,9,12,52,臺中市,西屯區,0,1,0,8,1,5,50,3,1,1,5,4,5,7,4,4,1,5,4,2,17,6,3,10,3,4,B03,7,6,1,8,2,3,,6,6,1,22,8,B03,120.630725,24.180606,2
2022,11,9,13,2,臺中市,西屯區,0,0,0,8,,,50,,,,,,,,,,,,,,,44,,,,,B03,,,1,,1,,,44,,1,22,,B03,120.665426,24.172565,3
2022,11,9,13,16,臺中市,西屯區,0,0,0,8,,,50,,,,,,,,,,,,,,,6,,,,,C03,,,1,,1,,,6,,1,22,,C03,120.644249,24.175078,3
2022,11,9,13,19,臺中市,西區,0,1,0,8,1,5,50,4,1,1,5,4,5,7,1,1,10,5,5,2,16,8,3,10,1,1,C03,7,5,1,10,2,14,,8,8,1,21,8,C03,120.667738,24.130959,2
2022,11,9,13,21,臺中市,潭子區,0,2,0,8,1,5,50,4,1,1,5,4,5,7,2,1,10,5,5,2,16,8,2,9,1,1,C03,7,5,1,10,2,12,,8,8,1,21,8,C03,120.678799,24.204496,2
2022,11,9,13,21,臺中市,西屯區,0,0,0,8,,,50,,,,,,,,,,,,,,,23,,,,,B03,,,1,,1,,,23,,1,22,,B03,120.650633,24.164377,3
2022,11,9,13,26,臺中市,北屯區,0,1,0,8,1,5,50,3,1,1,5,4,5,7,1,1,10,5,5,2,13,23,2,9,1,1,C03,7,9,1,10,2,11,,23,23,1,21,8,C03,120.664784,24.186035,2
2022,11,9,13,35,臺中市,西區,0,1,0,8,1,5,50,4,1,1,5,4,5,7,1,1,10,5,5,2,15,25,3,10,1,1,B02,7,9,1,8,2,5,,25,25,1,22,9,B02,120.667738,24.130959,2
2022,11,9,13,38,臺中市,西屯區,0,0,0,8,,,50,,,,,,,,,,,,,,,16,,,,,C03,,,2,,1,,,16,,1,16,,C03,120.652491,24.205456,3
2022,11,9,13,40,臺中市,南屯區,0,1,0,8,1,5,40,14,7,1,5,4,5,7,4,4,5,4,4,2,17,7,2,9,1,1,C03,7,7,1,10,2,13,,7,7,1,22,9,C03,120.610955,24.145689,2
2022,11,9,13,43,臺中市,北屯區,0,0,0,8,,,50,,,,,,,,,,,,,,,23,,,,,B12,,,1,,2,,,23,,1,9,,B12,120.747588,24.196517,3
2022,11,9,13,57,臺中市,南屯區,0,0,0,8,,,50,,,,,,,,,,,,,,,12,,,,,B03,,,1,,1,,,12,,1,22,,B03,120.642572,24.137134,3
2022,11,9,13,58,臺中市,南屯區,0,0,0,8,,,50,,,,,,,,,,,,,,,43,,,,,B03,,,1,,11,,,43,,1,22,,B03,120.643258,24.146871,3
2022,11,9,14,0,臺中市,南屯區,0,0,0,8,,,50,,,,,,,,,,,,,,,16,,,,,B03,,,1,,2,,,44,16,1,22,,B03,120.640731,24.146859,3
2022,11,9,14,2,臺中市,北屯區,0,0,0,8,,,50,,,,,,,,,,,,,,,9,,,,,A41,,,1,,1,,,9,,1,21,,A41,120.721436,24.182132,3
2022,11,9,14,9,臺中市,北區,0,0,0,8,,,50,,,,,,,,,,,,,,,26,,,,,B12,,,1,,2,,,26,,1,22,,B12,120.68616,24.146227,3
2022,11,9,14,12,臺中市,豐原區,0,0,0,8,,,50,,,,,,,,,,,,,,,23,,,,,B03,,,1,,2,,,23,16,1,22,,B03,120.719441,24.243521,3
2022,11,9,14,13,臺中市,西區,0,2,0,8,1,5,40,14,8,1,5,4,5,7,4,4,1,4,2,2,3,51,2,9,4,5,H01,8,16,8,20,2,16,,51,51,1,4,8,H01,120.666895,24.152786,2
2022,11,9,14,13,臺中市,北區,0,0,0,8,,,50,,,,,,,,,,,,,,,23,,,,,B03,,,1,,1,,,23,,1,5,,B03,120.685169,24.166985,3
2022,11,9,14,16,臺中市,豐原區,0,2,0,8,1,5,50,3,1,1,5,4,5,7,4,4,10,5,5,2,16,6,2,9,3,4,C03,7,5,1,10,2,11,,6,6,1,22,8,C03,120.7147,24.248208,2
2022,11,9,14,18,臺中市,北屯區,0,0,0,8,,,50,,,,,,,,,,,,,,,23,,,,,B03,,,1,,2,,,23,,1,21,,B03,120.709474,24.185351,3
2022,11,9,14,19,臺中市,清水區,0,1,0,8,1,5,30,14,9,1,5,4,5,7,4,4,10,5,5,2,15,6,3,10,1,1,B03,7,9,1,8,2,1,,6,6,1,5,8,B03,120.551198,24.26151,2
2022,11,9,14,20,臺中市,豐原區,0,1,0,8,1,5,40,4,22,1,5,4,5,7,1,1,10,5,5,2,18,43,2,9,1,1,F01,7,9,8,20,1,16,,43,43,1,22,8,F01,120.72672,24.238372,2
2022,11,9,14,23,臺中市,中區,0,2,0,8,1,5,50,3,1,1,5,4,5,7,2,1,10,5,5,2,16,6,2,9,1,1,C03,7,6,1,10,2,12,,6,6,1,5,9,C03,120.677967,24.143787,2
2022,11,9,14,30,臺中市,西屯區,0,0,0,8,,,50,,,,,,,,,,,,,,,16,,,,,B03,,,1,,1,,,16,,1,22,,B03,120.649176,24.163088,3
2022,11,9,14,38,臺中市,大雅區,0,1,0,8,1,5,50,3,1,1,5,4,5,6,1,1,3,4,4,1,16,8,3,10,1,1,B12,7,5,1,8,2,2,,8,8,1,22,8,B12,120.65775,24.220493,2
2022,11,9,14,39,臺中市,西區,0,0,0,8,,,50,,,,,,,,,,,,,,,42,,,,,B03,,,1,,2,,,42,,1,21,,B03,120.664537,24.155291,3
2022,11,9,14,45,臺中市,西區,0,0,0,8,,,50,,,,,,,,,,,,,,,42,,,,,B03,,,1,8,1,,,42,42,1,22,,B03,120.664159,24.139552,3
2022,11,9,14,52,臺中市,西屯區,0,0,0,8,,,50,,,,,,,,,,,,,,,23,,,,,B03,,,1,,2,,,23,,1,22,,B03,120.639673,24.179761,3
2022,11,9,14,54,臺中市,南屯區,0,0,0,,,,40,,,,,,,,,,,,,,,19,,,,,B03,,,1,,1,,,19,,1,4,,B03,120.643645,24.153143,3
2022,11,9,14,55,臺中市,西屯區,0,0,0,8,,,50,,,,,,,,,,,,,,,9,,,,,B03,,,1,,1,,,9,,1,22,,B03,120.626503,24.177643,3
2022,11,9,15,6,臺中市,北區,0,0,0,8,,,1,,,,,,,,,,,,,,,18,,,,,C03,,,1,,2,,,18,18,1,22,,C03,120.674522,24.163689,3
2022,11,9,15,12,臺中市,南區,0,0,0,8,,,40,,,,,,,,,,,,,,,19,,,,,B12,,,1,,2,,,19,19,1,22,,B12,120.683705,24.130371,3
2022,11,9,15,14,臺中市,北區,0,0,0,8,,,40,,,,,,,,,,,,,,,17,,,,,B03,,,1,,2,,,17,,1,22,,B03,120.672634,24.16328,3
2022,11,9,15,20,臺中市,清水區,0,1,0,8,1,5,60,14,9,1,5,4,5,7,4,4,10,5,5,1,13,23,2,9,1,1,C03,7,9,1,10,2,11,,23,23,1,5,8,C03,120.548214,24.278793,2
2022,11,9,15,25,臺中市,大雅區,0,0,0,8,,,50,,,,,,,,,,,,,,,12,,,,,C03,,,1,,2,,,12,,1,22,,C03,120.65326,24.218079,3
2022,11,9,15,30,臺中市,北屯區,0,0,0,8,,,80,,,,,,,,,,,,,,,16,,,,,B03,,,1,,2,,,16,16,1,5,,B03,120.720691,24.168112,3
2022,11,9,15,30,臺中市,清水區,0,0,0,8,1,5,70,14,7,1,5,4,5,7,4,4,1,4,4,1,29,42,3,10,1,1,A11,7,9,1,1,2,9,,42,42,1,5,1,A11,120.586464,24.288948,3
2022,11,9,15,32,臺中市,東區,0,2,0,8,1,5,50,3,9,1,5,4,5,7,4,4,9,5,5,2,16,19,2,8,1,1,C03,7,1,1,10,2,14,,19,19,1,21,8,C03,120.695162,24.150924,2
2022,11,9,15,33,臺中市,北屯區,0,0,0,6,,,50,,,,,,,,,,,,,,,26,,,,,B03,,,1,,1,,,26,,1,22,,B03,120.683559,24.183642,3
2022,11,9,15,33,臺中市,豐原區,0,0,0,8,,,50,,,,,,,,,,,,,,,26,,,,,B03,,,1,,2,,,26,26,1,21,,B03,120.722144,24.277524,3
2022,11,9,15,36,臺中市,北屯區,0,0,0,8,,,50,,,,,,,,,,,,,,,16,,,,,B03,,,1,,1,,,16,,1,21,,B03,120.684715,24.181696,3
2022,11,9,15,39,臺中市,大雅區,0,1,0,8,1,5,50,14,9,1,5,4,5,7,4,4,9,4,5,1,17,4,3,10,1,1,B12,7,1,1,8,2,5,,4,4,1,22,9,B12,120.655358,24.236547,2
2022,11,9,15,55,臺中市,西屯區,0,0,0,8,,,40,,,,,,,,,,,,,,,23,,,,,B03,,,1,,1,,,23,,1,22,,B03,120.636401,24.157398,3
2022,11,9,15,58,臺中市,沙鹿區,0,0,0,8,,,50,,,,,,,,,,,,,,,19,,,,,B03,,,1,,2,,,19,,1,22,,B03,120.575215,24.226738,3
2022,11,9,15,59,臺中市,北屯區,0,0,0,8,,,80,,,,,,,,,,,,,,,23,,,,,B12,,,1,,1,,,23,,1,21,,B12,120.721088,24.175361,3
2022,11,9,16,8,臺中市,北屯區,0,0,0,8,,,60,,,,,,,,,,,,,,,23,,,,,B03,,,1,,2,,,23,23,1,5,,B03,120.704454,24.164862,3
2022,11,9,16,10,臺中市,龍井區,0,0,0,,,,30,,,,,,,,,,,,,,,23,,,,,B12,,,1,,2,,,23,,1,9,,B12,120.527392,24.18937,3
2022,11,9,16,13,臺中市,西屯區,0,2,0,8,1,5,50,3,1,1,5,4,5,7,4,4,10,5,5,2,16,11,2,9,1,1,F01,7,11,8,20,2,16,,11,11,1,4,8,F01,120.660405,24.173144,2
2022,11,9,16,16,臺中市,豐原區,0,2,0,8,3,5,50,4,1,1,5,4,5,7,3,1,10,5,5,2,17,19,2,9,1,1,C03,7,1,1,10,2,14,,19,19,1,22,8,C03,120.714204,24.252714,2
2022,11,9,16,16,臺中市,豐原區,0,0,0,8,,,50,,,,,,,,,,,,,,,49,,,,,B03,,,1,,2,,,49,,1,21,,B03,120.728247,24.275872,3
2022,11,9,16,20,臺中市,清水區,0,0,0,8,1,5,30,14,9,1,5,4,5,7,4,4,10,5,5,2,14,12,3,10,1,1,B12,7,2,1,8,2,7,,12,12,1,5,1,B12,120.633976,24.290144,3
2022,11,9,16,21,臺中市,北屯區,0,2,0,8,1,5,50,4,1,1,5,4,5,7,1,1,10,5,5,2,15,25,2,9,1,1,C03,7,9,1,10,2,12,,25,25,1,22,8,C03,120.722571,24.17684,2
2022,11,9,16,27,臺中市,南屯區,0,1,0,8,1,5,50,4,1,1,5,4,5,7,1,1,10,5,5,2,12,17,3,10,1,1,C02,7,9,1,9,2,14,,17,17,1,22,8,C02,120.592478,24.142628,2
2022,11,9,16,30,臺中市,北屯區,0,0,0,8,,,50,,,,,,,,,,,,,,,12,,,,,B12,,,1,,1,,,12,,1,21,,B12,120.684218,24.187008,3
2022,11,9,16,32,臺中市,西區,0,1,0,8,1,8,50,4,1,1,5,4,5,7,4,4,10,5,5,2,3,51,3,10,1,3,H01,8,16,8,20,9,16,,51,51,1,5,9,H01,120.655347,24.154366,2
2022,11,9,16,35,臺中市,清水區,0,1,0,8,1,5,50,4,1,1,5,4,5,7,4,4,10,5,5,2,16,6,2,9,1,1,C03,7,9,1,10,2,11,,6,6,1,21,8,C03,120.567743,24.278091,2
2022,11,9,16,37,臺中市,北屯區,0,2,0,8,1,5,50,3,1,1,5,4,5,7,1,1,10,5,5,2,17,23,2,9,1,1,C03,7,5,3,18,2,14,,23,23,1,21,8,C03,120.723075,24.162076,2
2022,11,9,16,42,臺中市,東區,0,0,0,8,,,50,,,,,,,,,,,,,,,23,,,,,B03,,,1,,2,,,23,23,1,22,,B03,120.70888,24.139422,3
2022,11,9,16,44,臺中市,西屯區,0,1,0,8,1,5,40,14,8,1,5,4,5,7,4,4,9,4,4,2,12,7,3,10,1,1,B03,7,7,1,8,2,4,,7,7,1,12,8,B03,120.641076,24.167898,2
2022,11,9,16,45,臺中市,潭子區,0,1,0,8,1,5,50,14,9,1,5,4,5,7,2,1,1,4,5,1,17,23,2,9,1,1,C03,7,9,1,10,2,12,,23,23,1,21,8,C03,120.703497,24.201221,2
2022,11,9,16,50,臺中市,霧峰區,0,0,0,8,,,30,,,,,,,,,,,,,,,23,,,,,B03,,,1,,1,,,23,,1,22,,B03,120.69781,24.068995,4
2022,11,9,16,55,臺中市,烏日區,0,1,0,8,2,5,30,4,1,1,5,4,5,7,3,1,5,5,5,1,15,6,2,9,1,2,C03,7,9,1,10,2,11,,6,6,1,21,9,C03,120.648785,24.073115,2
2022,11,9,16,57,臺中市,南區,0,1,0,8,1,5,50,4,1,1,5,4,5,7,2,1,5,4,5,2,13,23,2,3,1,1,C03,7,9,1,10,2,11,,23,23,1,21,8,C03,120.676208,24.132644,2
2022,11,9,17,0,臺中市,東區,0,1,0,8,2,5,50,4,1,1,5,4,5,7,2,1,10,5,5,2,16,6,3,10,3,4,B03,7,5,1,8,2,8,,6,6,1,5,8,B03,120.695388,24.14186,2
2022,11,9,17,7,臺中市,大甲區,0,1,0,8,3,5,50,4,1,1,5,4,5,7,1,1,10,5,5,2,16,6,2,9,1,1,C03,7,9,1,10,2,11,,14,6,1,10,1,C03,120.625106,24.369223,2
2022,11,9,17,10,臺中市,西屯區,0,0,0,8,,,50,,,,,,,,,,,,,,,16,,,,,B03,,,1,,1,,,16,,1,22,,B03,120.587488,24.166791,3
2022,11,9,17,10,臺中市,龍井區,0,1,0,8,1,5,50,14,9,1,5,4,5,7,4,4,5,5,5,1,29,23,2,9,3,4,C03,7,9,1,10,2,11,,23,23,1,22,9,C03,120.583522,24.18733,2
2022,11,9,17,15,臺中市,外埔區,0,2,0,8,1,5,30,4,1,1,5,4,5,7,4,4,10,5,5,2,16,6,2,8,1,1,C03,7,5,1,10,2,11,,6,6,1,22,8,C03,120.670958,24.317535,2
2022,11,9,17,16,臺中市,西屯區,0,1,0,8,2,5,50,4,1,1,5,4,5,7,2,1,10,5,5,2,16,10,3,10,1,1,B12,7,11,1,8,2,8,,10,10,1,22,8,B12,120.654585,24.156862,2
2022,11,9,17,20,臺中市,大甲區,0,1,0,8,1,5,50,14,9,1,5,4,5,7,4,4,5,5,5,1,12,1,3,10,1,1,B12,7,4,1,8,2,2,,1,1,1,7,8,B12,120.627175,24.350757,2
2022,11,9,17,30,臺中市,南屯區,0,0,0,8,,,40,,,,,,,,,,,,,,,42,,,,,C03,,,1,,11,,,42,42,2,22,,C03,120.6518,24.13493,3
2022,11,9,17,30,臺中市,北屯區,0,0,0,8,,,80,,,,,,,,,,,,,,,23,,,,,B03,,,1,,1,,,23,,1,21,,B03,120.665,24.201456,3
2022,11,9,17,30,臺中市,北屯區,0,1,0,8,3,5,40,14,8,1,5,4,5,7,4,4,5,5,4,2,16,23,2,9,1,1,C03,7,9,4,11,2,11,,23,23,1,22,8,C03,120.690494,24.192772,2
2022,11,9,17,31,臺中市,梧棲區,0,1,0,8,2,5,30,4,1,1,5,4,5,7,4,4,10,5,5,2,15,6,3,10,1,1,B03,7,9,1,8,2,5,,6,6,1,9,1,B03,120.538609,24.23114,2
2022,11,9,17,32,臺中市,梧棲區,0,0,0,8,,,40,,,,,,,,,,,,,,,6,,,,,A02,,,1,,2,,,6,,1,10,,A02,120.548857,24.245194,3
2022,11,9,17,32,臺中市,清水區,0,1,0,8,3,5,30,14,9,1,5,4,5,7,4,4,10,5,5,1,10,5,2,9,1,1,C03,7,9,3,18,2,11,,5,5,1,5,8,C03,120.633976,24.290144,2
2022,11,9,17,32,臺中市,大甲區,0,0,0,,,,70,,,,,,,,,,,,,,,17,,,,,B12,,,1,,2,,,17,,1,21,,B12,120.619041,24.354486,3
2022,11,9,17,36,臺中市,北區,0,1,0,8,1,5,50,5,9,1,5,4,5,7,1,1,5,4,5,2,12,7,2,9,1,1,C03,7,7,6,10,2,14,,7,7,1,5,5,C03,120.681899,24.14468,2
2022,11,9,17,36,臺中市,南屯區,0,0,0,,,,50,,,,,,,,,,,,,,,12,,,,,B03,,,1,,2,,,12,,1,22,,B03,120.628446,24.14684,3
2022,11,9,17,36,臺中市,大里區,0,1,0,8,3,5,50,4,2,1,5,4,5,7,1,1,10,5,5,1,16,9,3,10,1,1,B12,7,6,1,8,2,2,,9,9,1,5,8,B12,120.697007,24.111145,2
2022,11,9,17,40,臺中市,北屯區,0,0,0,8,,,50,,,,,,,,,,,,,,,7,,,,,B03,,,1,,2,,,7,7,1,5,,B03,120.665366,24.200692,3
2022,11,9,17,43,臺中市,北屯區,0,0,0,8,,,50,,,,,,,,,,,,,,,23,,,,,C03,,,1,,1,,,23,,1,21,,C03,120.705625,24.164473,3
2022,11,9,17,45,臺中市,北屯區,0,0,0,8,,,50,,,,,,,,,,,,,,,7,,,,,C03,,,1,,1,,,7,7,1,22,,C03,120.685357,24.167818,3
2022,11,9,17,49,臺中市,西屯區,0,0,0,8,,,70,,,,,,,,,,,,,,,16,,,,,B12,,,1,,1,,,16,,1,22,,B12,120.619136,24.181278,3
2022,11,9,17,51,臺中市,西屯區,0,1,0,8,3,5,50,3,1,1,5,4,5,7,1,1,10,5,5,2,16,25,3,10,1,1,B03,7,9,1,8,2,5,,25,25,1,4,8,B03,120.614046,24.18377,2
2022,11,9,17,57,臺中市,北屯區,0,1,0,8,3,5,50,3,1,1,5,4,5,7,1,1,10,5,5,2,13,16,2,9,1,1,C03,7,9,1,10,2,11,,16,16,1,21,8,C03,120.721208,24.178208,2
2022,11,9,18,2,臺中市,北區,0,2,0,8,3,5,50,3,1,1,5,4,5,7,4,4,10,5,5,2,12,26,2,9,1,1,C03,7,9,1,10,2,11,,26,26,1,22,8,C03,120.68634,24.153847,2
2022,11,9,18,2,臺中市,西屯區,0,0,0,8,,,40,,,,,,,,,,,,,,,19,,,,,B03,,,1,,1,,,19,,1,4,,B03,120.648721,24.164546,3
2022,11,9,18,3,臺中市,太平區,0,1,0,8,2,5,50,4,2,1,5,4,5,7,2,1,5,4,5,2,16,9,3,10,1,1,B01,7,6,1,4,1,5,,9,9,1,5,8,B01,120.723112,24.149415,2
2022,11,9,18,8,臺中市,北屯區,0,1,0,8,3,5,50,14,7,1,5,4,5,7,4,4,5,4,4,2,17,23,2,9,1,1,C03,7,9,1,10,2,12,,23,23,1,5,8,C03,120.69259,24.168309,2
2022,11,9,18,9,臺中市,潭子區,0,1,0,8,3,5,30,3,1,1,5,4,5,7,4,4,10,5,5,2,16,6,3,10,1,1,B03,7,6,1,8,2,8,,6,6,1,22,9,B03,120.683688,24.216609,2
2022,11,9,18,10,臺中市,西屯區,0,0,0,,,,80,,,,,,,,,,,,,,,16,,,,,B03,,,1,,1,,,16,,1,22,,B03,120.634948,24.179291,3
2022,11,9,18,11,臺中市,太平區,0,0,0,8,,,50,,,,,,,,,,,,,,,23,,,,,B03,,,1,,2,,,23,,1,21,,B03,120.719087,24.154638,3
2022,11,9,18,12,臺中市,南屯區,0,0,0,8,,,50,,,,,,,,,,,,,,,7,,,,,B03,,,1,,2,,,7,,1,5,,B03,120.620854,24.13999,3
2022,11,9,18,12,臺中市,西屯區,0,2,0,8,3,5,30,3,1,1,5,4,5,7,4,4,9,5,5,2,11,6,2,9,1,1,C03,7,5,1,10,2,11,,6,6,1,12,8,C03,120.643899,24.173916,2