年,月,日,時,分,縣市,區,死,受傷,2-30,天候,光線,道路類別,速限,道路型態,事故位置,路面鋪裝,路面狀態,路面缺陷,障礙物,視距,號誌種類,號誌動作,分向設施,快車道或一般車道間,快慢車道間,路面邊線,事故類型及型態,主要肇因,受傷程度,主要傷處,保護裝備,行動電話,當事者區分,車輛用途,當事者行動狀態,駕駛資格情形,駕駛執照種類,飲酒情形,車輛撞擊部位最初,車輛撞擊部位其他,肇事因素個別,肇事因素主要,肇事逃逸,職業,旅次目的,車種,GPS緯度,GPS經度,事故類別
2022,11,9,18,15,臺中市,南區,0,1,0,8,3,5,50,4,1,1,5,4,5,7,1,1,10,5,5,2,18,23,2,9,1,1,C03,7,7,1,10,2,12,,23,23,1,5,8,C03,120.653495,24.122737,2
2022,11,9,18,16,臺中市,豐原區,0,1,0,8,3,5,50,3,9,1,5,4,5,7,4,4,5,4,5,1,18,23,2,8,1,1,C03,7,9,1,10,2,12,,23,23,1,22,8,C03,120.739762,24.24936,2
2022,11,9,18,20,臺中市,龍井區,0,0,0,,,,30,,,,,,,,,,,,,,,12,,,,,B03,,,1,,2,,,12,,1,21,,B03,120.594874,24.187443,4
2022,11,9,18,21,臺中市,龍井區,0,2,0,8,3,5,70,4,1,1,5,4,5,7,2,1,10,5,5,2,16,6,3,10,3,4,B03,7,5,1,8,2,2,,6,6,1,9,9,B03,120.537516,24.200223,2
2022,11,9,18,21,臺中市,沙鹿區,0,0,0,,,,60,,,,,,,,,,,,,,,16,,,,,B03,,,1,,2,,,16,16,1,22,,B03,120.564277,24.205952,3
2022,11,9,18,21,臺中市,大甲區,0,0,0,8,,,30,,,,,,,,,,,,,,,6,,,,,B03,,,1,,1,,,6,,1,7,,B03,120.633998,24.361561,3
2022,11,9,18,26,臺中市,北區,0,0,0,8,,,50,,,,,,,,,,,,,,,42,,,,,B03,,,1,,1,,,42,,1,22,,B03,120.674061,24.165364,3
2022,11,9,18,28,臺中市,北屯區,0,0,0,8,,,80,,,,,,,,,,,,,,,7,,,,,B03,,,1,,2,,,7,,1,21,,B03,120.72083,24.176593,3
2022,11,9,18,29,臺中市,西屯區,0,1,0,8,3,5,40,4,2,1,5,4,5,7,1,1,5,4,4,2,13,23,3,10,1,4,C03,7,9,1,10,1,11,,23,23,1,22,8,C03,120.648066,24.174081,2
2022,11,9,18,30,臺中市,西屯區,0,2,0,8,1,5,80,14,9,1,5,4,5,7,4,4,1,4,5,1,13,16,2,9,1,1,B12,7,9,1,8,2,1,,16,16,1,22,8,B12,120.634948,24.179291,2
2022,11,9,18,44,臺中市,烏日區,0,0,0,8,3,5,50,3,1,1,5,4,5,7,1,1,1,4,4,1,16,6,,,,,C03,,,1,,2,,,44,6,1,22,,C03,120.604008,24.109443,3
2022,11,9,18,50,臺中市,北區,0,0,0,8,1,5,50,3,9,1,5,4,5,7,1,1,1,4,5,2,13,16,3,10,1,1,C03,7,9,1,10,2,11,,16,16,1,5,5,C03,120.681249,24.163178,3
2022,11,9,18,53,臺中市,西屯區,0,1,0,8,3,5,50,4,1,1,5,4,5,7,4,4,10,5,5,2,16,23,3,10,1,1,B03,7,5,1,8,2,4,,23,23,1,4,8,B03,120.6504,24.165149,2
2022,11,9,18,54,臺中市,北屯區,0,1,0,8,3,5,50,4,1,1,5,4,5,7,2,1,10,5,5,2,13,23,3,10,1,1,A02,7,9,1,6,2,8,,23,23,1,5,4,A02,120.676147,24.2013,2
2022,11,9,18,55,臺中市,大甲區,0,2,0,8,3,5,50,4,1,1,5,4,5,7,1,1,10,5,5,2,16,6,3,10,1,1,B03,7,5,1,8,2,2,,6,6,1,9,8,B03,120.627652,24.351193,2
2022,11,9,18,57,臺中市,西屯區,0,1,0,8,3,5,50,5,1,1,5,4,5,7,1,1,9,4,5,2,12,9,3,10,1,1,B03,7,6,1,8,2,2,,9,9,1,12,8,B03,120.659684,24.192971,2
2022,11,9,18,58,臺中市,北區,0,1,0,8,3,5,50,14,9,1,5,4,5,7,4,4,5,4,5,2,12,23,2,9,1,1,C03,7,9,1,10,2,12,,23,23,1,22,8,C03,120.687051,24.148401,2
2022,11,9,18,59,臺中市,南區,0,1,0,8,3,5,50,14,9,1,5,4,5,7,4,4,2,4,5,2,18,44,2,8,1,1,C03,7,9,1,10,2,14,,44,44,1,21,8,C03,120.651585,24.121525,2
2022,11,9,19,2,臺中市,西屯區,0,0,0,8,,,50,,,,,,,,,,,,,,,42,,,,,B03,,,1,,1,,,42,,1,22,,B03,120.648483,24.167771,3
2022,11,9,19,4,臺中市,西屯區,0,0,0,8,,,30,,,,,,,,,,,,,,,23,,,,,B03,,,1,,1,,,23,,1,22,,B03,120.64172,24.192998,3
2022,11,9,19,7,臺中市,南區,0,0,0,8,,,50,,,,,,,,,,,,,,,43,,,,,B01,,,1,2,2,,,43,43,1,5,,B01,120.65771,24.111024,3
2022,11,9,19,18,臺中市,北屯區,0,1,0,8,3,5,50,14,9,1,5,4,5,7,4,4,5,5,5,2,16,26,2,9,1,1,C03,7,5,1,10,2,12,,26,26,1,21,8,C03,120.703933,24.181655,2
2022,11,9,19,20,臺中市,南區,0,1,0,8,3,5,50,3,1,1,5,4,5,7,3,1,5,5,5,2,16,6,3,10,1,1,B03,7,5,1,8,2,5,,6,6,1,4,5,B03,120.653395,24.124771,2
2022,11,9,19,26,臺中市,東區,0,0,0,8,3,5,30,13,9,1,5,4,5,7,4,4,10,5,5,2,17,23,3,10,1,1,B03,7,9,1,8,2,2,,23,23,1,5,8,B03,120.697326,24.149427,3
2022,11,9,19,27,臺中市,北區,0,2,0,8,3,5,50,4,1,1,5,4,5,7,4,4,10,5,5,2,15,6,2,9,1,1,C03,7,9,1,10,2,11,,6,6,1,22,9,C03,120.673268,24.152216,2
2022,11,9,19,29,臺中市,南區,0,0,0,8,3,5,30,14,9,1,5,4,5,7,4,4,10,5,5,2,17,17,3,10,1,1,B03,7,9,1,8,2,7,,17,17,1,21,8,B03,120.670935,24.111851,3
2022,11,9,19,30,臺中市,西屯區,0,0,0,8,,,70,,,,,,,,,,,,,,,23,,,,,B03,,,1,,1,,,23,,1,22,,B03,120.615946,24.182604,3
2022,11,9,19,36,臺中市,北區,0,1,0,8,3,5,50,4,7,1,5,4,5,7,1,1,5,4,4,2,12,26,3,10,1,1,B02,7,11,6,8,2,4,,26,26,1,5,5,B02,120.670602,24.159221,2
2022,11,9,19,39,臺中市,北屯區,0,1,0,8,3,5,50,4,1,1,5,4,5,7,1,1,10,5,5,2,16,6,3,10,1,1,B03,7,5,1,8,2,5,,6,6,1,22,8,B03,120.672566,24.181009,2
2022,11,9,19,58,臺中市,梧棲區,0,0,0,8,,,40,,,,,,,,,,,,,,,23,,,,,B03,,,1,,1,,,23,,1,9,,B03,120.53704,24.251268,3
2022,11,9,20,7,臺中市,沙鹿區,0,0,0,8,,,50,,,,,,,,,,,,,,,18,,,,,B03,,,1,,2,,,18,,1,22,,B03,120.573548,24.229145,3
2022,11,9,20,11,臺中市,西屯區,0,2,0,8,3,5,50,4,1,1,5,4,5,7,2,1,10,5,5,2,16,25,3,10,1,1,E01,7,5,1,8,2,6,,25,25,1,22,8,E01,120.6291,24.205783,2
2022,11,9,20,19,臺中市,西屯區,0,1,0,8,3,5,50,14,9,1,5,4,5,7,4,4,5,4,5,2,13,23,2,9,1,1,C03,7,9,1,10,2,11,,23,23,1,4,8,C03,120.614907,24.180805,2
2022,11,9,20,22,臺中市,北屯區,0,0,0,8,,,50,,,,,,,,,,,,,,,7,,,,,B03,,,1,,1,,,7,7,1,5,,B03,120.662907,24.188033,3
2022,11,9,20,29,臺中市,北屯區,0,0,0,8,,,50,,,,,,,,,,,,,,,23,,,,,B03,,,1,,2,,,23,,1,21,,B03,120.67318,24.17415,3
2022,11,9,20,32,臺中市,南區,0,0,0,8,,,40,,,,,,,,,,,,,,,23,,,,,B03,,,1,8,2,,,23,23,1,5,,B03,120.679218,24.128448,3
2022,11,9,20,53,臺中市,南屯區,0,1,0,8,3,5,50,14,9,1,5,4,5,7,4,4,5,5,5,1,17,26,3,10,4,5,F06,7,5,8,20,2,16,,26,26,1,4,8,F06,120.619759,24.130763,2
2022,11,9,21,6,臺中市,潭子區,0,1,0,8,3,5,50,3,2,1,5,4,5,7,4,4,1,4,4,1,17,23,2,9,1,1,C01,7,9,1,9,2,12,,23,23,1,22,8,C01,120.687201,24.213136,2
2022,11,9,21,12,臺中市,潭子區,0,1,0,8,3,5,50,5,2,1,5,4,5,7,1,1,3,4,5,1,16,6,3,10,1,1,B03,7,6,1,8,2,2,,6,6,1,22,8,B03,120.678694,24.215822,2
2022,11,9,21,14,臺中市,南區,0,1,0,8,1,5,50,3,1,1,5,4,5,7,2,1,5,4,5,2,12,23,3,10,3,4,B12,7,9,1,8,2,2,,23,23,1,21,8,B12,120.648654,24.119707,2
2022,11,9,21,25,臺中市,神岡區,0,0,0,8,,,50,,,,,,,,,,,,,,,42,,,,,B03,,,1,,2,,,42,,1,22,,B03,120.697413,24.250681,3
2022,11,9,21,30,臺中市,西屯區,0,0,0,8,,,50,,,,,,,,,,,,,,,16,,,,,B03,,,1,,1,,,16,,1,22,,B03,120.639069,24.168932,3
2022,11,9,21,39,臺中市,北區,0,0,0,8,,,40,,,,,,,,,,,,,,,43,,,,,,,,,,,,,43,,1,,,,120.673555,24.16552,3
2022,11,9,21,45,臺中市,西區,0,1,0,8,3,5,50,4,1,1,5,4,5,7,2,1,10,5,5,2,16,25,2,9,1,1,C03,6,9,1,10,2,11,,44,25,1,20,8,C03,120.661694,24.132131,2
2022,11,9,21,51,臺中市,西區,0,1,0,8,3,5,30,4,1,1,5,4,5,7,4,4,10,5,5,2,15,6,3,10,1,1,C03,7,9,4,8,1,12,,6,6,1,5,8,C03,120.660865,24.150187,2
2022,11,9,21,55,臺中市,外埔區,0,0,0,8,3,5,30,14,13,1,5,4,5,7,4,4,10,5,5,1,17,42,3,10,1,1,B12,7,15,1,8,9,8,,42,42,1,21,8,B12,120.662978,24.339831,3
2022,11,9,21,57,臺中市,南區,0,2,0,8,3,5,40,14,8,1,5,4,5,7,4,4,5,4,4,2,16,9,2,7,1,1,C03,7,6,1,10,2,12,,9,9,1,21,8,C03,120.652971,24.117329,2
2022,11,9,22,4,臺中市,南屯區,0,1,0,8,3,5,50,14,9,1,5,4,5,7,4,4,9,5,5,2,16,6,3,10,1,1,B03,7,5,1,8,2,6,,6,6,1,22,9,B03,120.645027,24.131062,2
2022,11,9,22,8,臺中市,東區,0,0,0,8,,,50,,,,,,,,,,,,,,,43,,,,,B03,,,8,20,2,,,43,43,1,22,,B03,120.690057,24.141023,3
2022,11,9,22,27,臺中市,東區,0,2,0,8,3,5,50,4,1,1,5,4,5,7,2,1,5,5,5,2,12,7,2,9,1,1,C03,7,7,4,8,2,14,,7,7,1,20,5,C03,120.689699,24.1328,2
2022,11,9,22,52,臺中市,西屯區,0,1,0,8,3,5,60,3,1,1,5,4,5,7,1,1,10,5,5,2,16,25,3,10,3,4,B03,7,5,1,8,2,5,,25,25,1,22,8,B03,120.615661,24.182893,2
2022,11,9,23,1,臺中市,沙鹿區,0,1,0,7,3,5,50,5,2,1,5,4,5,7,1,1,3,3,3,1,17,6,3,10,3,4,B03,7,5,1,8,2,1,,6,6,1,22,8,B03,120.572975,24.210816,2
2022,11,9,23,24,臺中市,豐原區,0,0,0,8,,,60,,,,,,,,,,,,,,,23,,,,,B03,,,1,,2,,,23,,1,21,,B03,120.728382,24.241756,3
2022,11,9,23,30,臺中市,西屯區,0,3,0,8,4,5,50,4,1,1,5,4,5,7,2,1,10,5,5,2,12,9,2,9,1,1,C03,7,6,1,10,2,12,,9,9,1,22,8,C03,120.651897,24.165888,2
2022,11,9,23,37,臺中市,北區,0,0,0,,,,50,,,,,,,,,,,,,,,6,,,,,C03,,,1,,1,,,6,,1,21,,C03,120.685689,24.148235,3
2022,11,9,23,54,臺中市,北屯區,0,0,0,8,,,50,,,,,,,,,,,,,,,23,,,,,B03,,,1,,1,,,23,,1,21,,B03,120.691403,24.171697,3
2022,11,10,0,12,臺中市,北區,0,0,0,8,,,50,,,,,,,,,,,,,,,23,,,,,B12,,,1,,1,,,23,,1,22,,B12,120.673866,24.165116,3
2022,11,10,0,15,臺中市,北屯區,0,0,0,8,,,50,,,,,,,,,,,,,,,16,,,,,C03,,,1,,1,,,16,,1,22,,C03,120.690136,24.17596,3
2022,11,10,0,38,臺中市,北區,0,0,0,,,,50,,,,,,,,,,,,,,,23,,,,,C03,,,1,,1,,,23,,1,21,,C03,120.67708,24.153724,3
2022,11,10,2,9,臺中市,西區,0,1,0,8,3,5,50,4,1,1,5,4,5,7,4,4,10,5,5,2,16,23,3,10,1,1,C03,7,5,1,10,2,12,,23,23,1,20,8,C03,120.670485,24.138057,2
2022,11,10,2,53,臺中市,沙鹿區,0,1,0,8,3,5,50,14,8,1,5,4,5,7,4,4,1,4,4,2,17,43,2,9,3,4,B03,7,15,1,8,8,5,,43,43,1,22,9,B03,120.571779,24.211345,2
2022,11,10,2,56,臺中市,沙鹿區,0,0,0,8,,,40,,,,,,,,,,,,,,,38,,,,,B03,,,1,,9,,,38,,1,22,,B03,120.580144,24.218234,3
2022,11,10,5,55,臺中市,南區,0,1,0,8,1,5,50,4,1,1,5,4,5,7,1,1,10,5,5,2,16,25,2,9,1,1,C03,7,9,1,10,2,11,,25,25,1,22,8,C03,120.685066,24.12957,2
2022,11,10,6,15,臺中市,北屯區,0,0,0,8,,,50,,,,,,,,,,,,,,,23,,,,,B03,,,1,,11,,,23,23,2,22,,B03,120.681626,24.190631,3
2022,11,10,6,20,臺中市,西屯區,0,2,0,8,2,5,40,3,1,1,5,4,5,7,2,1,10,5,5,2,3,15,2,9,1,1,C03,7,6,1,10,2,14,,15,15,1,22,8,C03,120.606981,24.193806,2
2022,11,10,6,32,臺中市,龍井區,0,1,0,8,1,5,50,3,1,1,5,4,5,7,4,4,10,5,5,2,16,23,2,9,1,1,C03,7,9,3,18,2,11,,23,23,1,12,8,C03,120.526636,24.179515,2
2022,11,10,6,35,臺中市,東勢區,0,0,0,8,,,60,,,,,,,,,,,,,,,23,,,,,B03,,,1,,1,,,23,,1,21,,B03,120.831878,24.246674,3
2022,11,10,6,47,臺中市,烏日區,0,0,0,8,,,50,,,,,,,,,,,,,,,17,,,,,B03,,,1,,2,,,17,,1,21,,B03,120.621418,24.106542,3
2022,11,10,6,50,臺中市,西區,0,0,0,8,,,50,,,,,,,,,,,,,,,12,,,,,B12,,,1,,2,,,12,,1,21,,B12,120.66078,24.155457,3
2022,11,10,6,58,臺中市,大里區,0,0,0,8,1,5,50,4,1,1,5,4,5,7,1,1,5,5,4,2,16,25,,,,,B03,,,1,,2,,,25,,1,22,,B03,120.689579,24.106326,3
2022,11,10,6,59,臺中市,豐原區,0,1,0,8,1,5,60,4,1,1,5,4,5,7,1,1,1,5,5,2,16,6,2,9,1,1,C03,7,5,3,18,2,14,,6,6,1,21,8,C03,120.720168,24.236683,2
2022,11,10,7,2,臺中市,東區,0,0,0,,,,50,,,,,,,,,,,,,,,12,,,,,B03,,,1,,2,,,12,,1,22,,B03,120.705806,24.135036,3
2022,11,10,7,3,臺中市,西屯區,0,0,0,8,,,50,,,,,,,,,,,,,,,23,,,,,B03,,,1,,2,,,23,,1,22,,B03,120.62138,24.18418,3
2022,11,10,7,5,臺中市,西區,0,1,0,8,1,5,50,3,1,1,5,4,5,7,4,4,10,5,5,2,16,8,2,9,1,1,F03,7,5,8,20,2,16,,8,8,1,21,8,F03,120.674808,24.139569,2
2022,11,10,7,5,臺中市,西屯區,0,0,0,8,,,30,,,,,,,,,,,,,,,17,,,,,C03,,,1,,11,,,17,,1,22,,C03,120.635011,24.19168,3
2022,11,10,7,15,臺中市,西屯區,0,0,0,8,,,50,,,,,,,,,,,,,,,23,,,,,B03,,,1,,1,,,23,,1,22,,B03,120.657127,24.200899,3
2022,11,10,7,15,臺中市,沙鹿區,0,2,0,8,1,5,50,3,1,1,5,4,5,7,4,4,10,5,5,2,16,8,3,10,1,1,C03,7,5,1,10,1,14,,8,8,1,4,5,C03,120.566633,24.211783,2
2022,11,10,7,20,臺中市,龍井區,0,0,0,8,,,60,,,,,,,,,,,,,,,8,,,,,B03,,,1,,2,,,8,,1,9,,B03,120.542311,24.218332,3
2022,11,10,7,25,臺中市,豐原區,0,0,0,8,,,50,,,,,,,,,,,,,,,16,,,,,B03,,,1,,2,,,16,,1,4,,B03,120.707777,24.243366,3
2022,11,10,7,27,臺中市,西區,0,1,0,8,1,5,50,4,1,1,5,4,5,7,1,1,10,5,5,2,18,25,2,9,1,1,C03,7,9,1,10,2,12,,25,25,1,21,8,C03,120.657256,24.150888,2
2022,11,10,7,27,臺中市,大甲區,0,1,0,8,1,5,50,3,1,1,5,4,5,7,1,1,10,5,5,2,16,19,2,9,1,1,C03,7,1,1,10,2,12,,19,19,1,22,9,C03,120.654351,24.389436,2
2022,11,10,7,30,臺中市,北屯區,0,0,0,,,,50,,,,,,,,,,,,,,,23,,,,,B03,,,1,,1,,,23,,1,21,,B03,120.721589,24.179984,3
2022,11,10,7,30,臺中市,大肚區,0,2,0,8,1,5,50,4,1,1,5,4,5,7,1,1,9,4,5,1,16,6,2,9,1,1,C03,7,5,1,10,2,11,,6,6,1,3,1,C03,120.579073,24.168834,2
2022,11,10,7,30,臺中市,清水區,0,1,0,8,1,5,50,4,1,1,5,4,5,7,1,1,10,5,5,2,15,23,3,10,1,1,B03,7,9,1,8,2,8,,23,23,1,5,1,B03,120.558406,24.273195,2
2022,11,10,7,30,臺中市,后里區,0,0,0,8,,,30,,,,,,,,,,,,,,,43,,,,,C03,,,1,,1,,,43,,1,22,,C03,120.725986,24.308934,3
2022,11,10,7,32,臺中市,南區,0,1,0,8,1,5,50,4,1,1,5,4,5,6,3,1,5,5,5,2,16,6,3,10,1,1,B03,7,11,1,8,2,5,,6,6,1,22,8,B03,120.65335,24.126306,2
2022,11,10,7,32,臺中市,北屯區,0,0,0,8,,,50,,,,,,,,,,,,,,,16,,,,,B12,,,1,,1,,,16,,1,21,,B12,120.6858,24.17765,3
2022,11,10,7,32,臺中市,太平區,0,4,0,8,1,5,50,3,2,1,5,4,5,7,4,4,5,4,5,1,17,7,2,9,1,1,C03,7,7,1,10,2,13,,7,7,1,5,8,C03,120.725005,24.134011,2
2022,11,10,7,35,臺中市,南屯區,0,0,0,8,1,5,50,3,1,1,5,4,5,7,4,4,1,4,5,2,12,7,3,10,1,1,B03,7,8,3,18,1,6,,7,7,1,22,8,B03,120.64693,24.139302,3
2022,11,10,7,35,臺中市,神岡區,0,2,0,8,1,5,50,3,1,1,5,4,5,7,4,4,1,4,5,1,16,6,3,10,1,1,B03,7,5,1,8,2,2,,6,6,1,21,8,B03,120.691216,24.248146,2
2022,11,10,7,37,臺中市,梧棲區,0,2,0,8,1,5,30,14,9,1,5,4,5,7,4,4,10,5,5,2,10,23,2,9,1,1,C03,7,4,1,10,2,11,,23,23,1,3,1,C03,120.557775,24.241668,2
2022,11,10,7,38,臺中市,潭子區,0,0,0,8,,,50,,,,,,,,,,,,,,,23,,,,,C03,,,1,,2,,,23,,1,22,,C03,120.729678,24.215554,3
2022,11,10,7,38,臺中市,烏日區,0,1,0,8,1,5,50,3,1,1,5,4,5,7,4,4,5,5,5,1,18,43,3,10,1,3,C03,7,5,1,10,2,15,,8,43,1,21,9,C03,120.595854,24.111269,2
2022,11,10,7,42,臺中市,北區,0,0,0,8,,,50,,,,,,,,,,,,,,,6,,,,,C03,,,1,,1,,,6,,1,22,,C03,120.678479,24.172175,4
2022,11,10,7,43,臺中市,西屯區,0,0,0,8,,,60,,,,,,,,,,,,,,,7,,,,,B03,,,1,,11,,,7,,1,22,,B03,120.641018,24.167806,3
2022,11,10,7,43,臺中市,豐原區,0,0,0,8,,,50,,,,,,,,,,,,,,,16,,,,,B03,,,1,,2,,,16,16,1,22,,B03,120.713058,24.249196,3
2022,11,10,7,45,臺中市,沙鹿區,0,1,0,8,1,5,50,4,1,1,5,4,5,7,4,4,10,5,5,2,16,42,3,10,1,1,B03,7,6,1,8,2,1,,42,42,1,21,8,B03,120.602834,24.246652,2
2022,11,10,7,46,臺中市,沙鹿區,0,2,0,8,1,5,30,11,9,1,5,4,5,7,4,4,10,5,5,2,11,5,2,7,1,1,C03,7,9,1,10,2,11,,5,5,1,21,8,C03,120.569541,24.251123,2
2022,11,10,7,47,臺中市,西屯區,0,1,0,8,1,5,50,4,1,1,5,4,5,7,1,1,10,5,5,2,13,16,2,9,3,4,C03,7,9,1,10,2,12,,16,16,1,22,8,C03,120.592993,24.168291,2
2022,11,10,7,47,臺中市,西屯區,0,1,0,8,1,5,40,14,8,1,5,4,5,7,4,4,1,5,1,2,9,36,3,10,1,1,A02,7,1,1,1,2,15,,36,36,1,10,8,A02,120.60657,24.183557,2
2022,11,10,7,52,臺中市,豐原區,0,4,0,8,1,5,30,4,1,1,5,4,5,7,4,4,4,5,4,2,15,6,2,9,1,1,C03,7,9,4,8,2,11,,6,6,1,19,5,C03,120.705588,24.253419,2
2022,11,10,7,53,臺中市,東勢區,0,2,0,8,1,5,50,4,2,1,5,4,5,7,1,1,5,5,5,2,17,42,2,9,2,1,F01,7,1,8,20,2,16,,42,42,1,20,9,F01,120.829812,24.253349,2
2022,11,10,7,55,臺中市,北區,0,3,0,8,1,5,50,4,1,1,5,4,5,7,4,4,10,5,5,2,15,6,2,9,1,1,C03,7,9,1,10,2,11,,6,6,1,20,8,C03,120.683092,24.159087,2
2022,11,10,7,56,臺中市,清水區,0,2,0,8,1,5,50,4,1,1,5,4,5,7,3,1,10,5,5,2,16,6,2,9,1,1,C03,7,5,1,10,2,13,,6,6,1,21,8,C03,120.577287,24.279249,2
2022,11,10,7,57,臺中市,南區,0,1,0,8,1,5,40,4,2,1,5,4,5,7,4,4,10,5,5,2,13,16,2,9,1,1,C03,7,9,1,10,2,11,,16,16,1,5,8,C03,120.656834,24.130069,2
2022,11,10,8,2,臺中市,大安區,0,0,0,8,1,5,30,4,1,1,5,4,5,7,4,4,10,5,5,2,14,12,3,10,,,B03,7,2,1,8,2,6,,12,12,1,22,8,B03,120.57541,24.339582,3
2022,11,10,8,3,臺中市,南屯區,0,0,0,,,,50,,,,,,,,,,,,,,,18,,,,,B03,,,3,,2,,,18,,1,22,,B03,120.601375,24.148922,3
2022,11,10,8,5,臺中市,北區,0,2,0,8,1,5,50,14,7,1,5,4,5,7,4,4,1,4,5,2,13,23,2,9,1,1,C03,7,9,1,10,2,11,,23,23,1,5,8,C03,120.677097,24.152381,2
2022,11,10,8,5,臺中市,南區,0,1,0,8,1,5,50,4,1,1,5,4,5,7,1,1,10,5,5,2,16,6,3,10,1,1,B03,7,6,1,8,2,5,,6,6,1,22,9,B03,120.694568,24.132995,2
2022,11,10,8,5,臺中市,龍井區,0,1,0,8,1,5,30,4,1,1,5,4,5,7,4,4,10,5,5,2,15,6,3,10,3,4,B12,7,9,1,8,2,1,,6,6,1,8,1,B12,120.515743,24.218368,2
2022,11,10,8,6,臺中市,北屯區,0,2,0,8,1,5,50,4,2,1,5,4,5,7,1,1,5,4,5,2,16,8,2,9,1,1,C03,7,5,1,10,2,11,,8,8,1,22,9,C03,120.680175,24.189007,2
2022,11,10,8,7,臺中市,南屯區,0,1,0,8,1,5,50,3,1,1,5,4,5,7,2,1,10,5,5,2,16,25,3,10,1,1,B03,7,11,1,8,2,5,,25,25,1,22,8,B03,120.610591,24.131987,2
2022,11,10,8,10,臺中市,大雅區,0,1,0,8,1,5,50,11,9,1,5,4,5,7,4,4,5,4,5,1,16,1,3,10,1,1,B03,7,4,1,8,2,2,,1,1,1,22,9,B03,120.650171,24.225335,2
2022,11,10,8,15,臺中市,北屯區,0,0,0,8,,,50,,,,,,,,,,,,,,,23,,,,,C03,,,1,,1,,,23,,1,21,,C03,120.671093,24.174325,3
2022,11,10,8,20,臺中市,烏日區,0,2,0,8,1,5,50,14,8,1,5,4,5,7,4,4,5,4,4,2,13,23,2,9,1,1,C03,7,9,1,10,2,13,,44,23,1,21,8,C03,120.608073,24.117734,2
2022,11,10,8,20,臺中市,神岡區,0,0,0,8,,,50,,,,,,,,,,,,,,,67,,,,,,,,,,,,,67,67,2,,,,120.694737,24.233119,3
2022,11,10,8,23,臺中市,大雅區,0,1,0,8,1,5,50,3,2,1,5,4,5,7,1,1,3,4,5,1,12,23,3,10,1,1,A11,7,9,1,3,2,2,,23,23,1,22,8,A11,120.64073,24.230657,2
2022,11,10,8,30,臺中市,西區,0,1,0,8,1,5,50,14,9,1,5,4,5,7,4,4,10,5,5,2,12,7,3,10,1,1,B03,7,7,1,8,1,4,8,7,7,1,22,9,B03,120.674352,24.139811,2
2022,11,10,8,36,臺中市,西屯區,0,0,0,8,,,50,,,,,,,,,,,,,,,6,,,,,B03,,,1,,1,,,6,,1,22,,B03,120.625002,24.182084,3
2022,11,10,8,36,臺中市,豐原區,0,1,0,8,1,5,50,5,1,1,5,4,5,7,2,1,10,5,5,2,16,6,3,10,1,1,B03,7,6,1,8,2,2,,6,6,1,22,8,B03,120.712389,24.245787,2
2022,11,10,8,36,臺中市,神岡區,0,1,0,8,1,5,50,3,1,1,5,4,5,7,4,4,5,4,5,1,17,6,3,10,1,1,B03,7,9,1,8,2,8,,6,6,1,12,8,B03,120.682873,24.243823,2
2022,11,10,8,45,臺中市,北屯區,0,1,0,8,1,5,50,14,9,1,5,4,5,7,4,4,5,4,5,2,12,19,2,8,1,1,C03,7,1,1,10,2,14,,19,19,1,22,8,C03,120.766284,24.197175,2
2022,11,10,8,45,臺中市,烏日區,0,0,0,8,,,40,,,,,,,,,,,,,,,23,,,,,B12,,,1,,2,,,23,,1,21,,B12,120.640411,24.116672,3
2022,11,10,8,49,臺中市,烏日區,0,1,0,8,1,5,40,4,1,1,5,4,5,7,2,1,1,4,4,2,16,25,2,9,1,4,C03,7,9,1,8,2,11,,25,25,1,21,9,C03,120.64706,24.062992,2
2022,11,10,8,51,臺中市,西區,0,1,0,8,1,5,50,11,7,1,5,4,5,7,4,4,1,4,4,2,13,23,2,9,1,1,C03,7,9,1,10,2,11,,23,23,1,22,8,C03,120.662074,24.160976,2
2022,11,10,8,52,臺中市,大甲區,0,0,0,8,,,50,,,,,,,,,,,,,,,44,,,,,B03,,,1,,2,,,44,44,1,22,,B03,120.62417,24.346662,3
2022,11,10,8,55,臺中市,豐原區,0,2,0,8,1,5,50,14,9,1,5,4,5,7,2,1,1,3,5,2,13,16,2,9,1,1,C03,7,9,1,10,2,11,,16,16,1,4,1,C03,120.701036,24.249255,2
2022,11,10,8,59,臺中市,北區,0,1,0,8,1,5,50,3,9,1,5,4,5,7,4,4,10,5,5,2,16,6,3,10,1,1,B03,7,6,1,8,2,8,,6,6,1,5,8,B03,120.686252,24.15482,2
2022,11,10,9,0,臺中市,烏日區,0,0,0,8,,,30,,,,,,,,,,,,,,,23,,,,,B03,,,1,,2,,,23,,1,21,,B03,120.616227,24.110292,3
2022,11,10,9,0,臺中市,清水區,0,1,0,8,1,5,50,3,1,1,5,4,5,7,1,1,10,5,5,2,12,19,2,3,1,1,C03,7,1,1,10,2,11,,19,19,1,5,1,C03,120.570939,24.260418,2
2022,11,10,9,1,臺中市,南屯區,0,0,0,8,,,50,,,,,,,,,,,,,,,17,,,,,C03,,,1,,1,,,17,,1,22,,C03,120.614404,24.139263,3
2022,11,10,9,1,臺中市,豐原區,0,3,0,8,1,5,50,14,7,1,5,4,5,7,1,1,1,4,4,1,17,23,2,9,1,1,C03,7,9,1,10,2,11,,23,23,1,22,8,C03,120.702353,24.237521,2