年,月,日,時,分,縣市,區,死,受傷,2-30,天候,光線,道路類別,速限,道路型態,事故位置,路面鋪裝,路面狀態,路面缺陷,障礙物,視距,號誌種類,號誌動作,分向設施,快車道或一般車道間,快慢車道間,路面邊線,事故類型及型態,主要肇因,受傷程度,主要傷處,保護裝備,行動電話,當事者區分,車輛用途,當事者行動狀態,駕駛資格情形,駕駛執照種類,飲酒情形,車輛撞擊部位最初,車輛撞擊部位其他,肇事因素個別,肇事因素主要,肇事逃逸,職業,旅次目的,車種,GPS緯度,GPS經度,事故類別
2022,11,10,9,4,臺中市,北區,0,1,0,8,1,5,30,4,1,1,5,4,5,7,4,4,10,5,5,2,15,6,2,9,1,1,C03,7,9,1,10,2,11,,6,6,1,22,9,C03,120.684183,24.164533,2
2022,11,10,9,8,臺中市,東勢區,0,1,0,8,1,5,60,3,2,1,5,4,5,7,1,1,1,4,4,1,13,23,2,3,1,1,B03,7,9,1,8,2,1,,23,23,1,21,9,B03,120.83374,24.241565,2
2022,11,10,9,14,臺中市,太平區,0,1,0,8,1,5,50,3,1,1,5,4,5,7,4,4,5,5,5,1,16,8,2,8,1,1,C03,7,5,1,10,2,12,,8,8,1,20,8,C03,120.734314,24.144244,2
2022,11,10,9,22,臺中市,北屯區,0,2,0,8,1,5,50,4,1,1,5,4,5,7,1,1,10,5,5,2,13,23,2,9,1,1,C03,7,9,1,10,2,11,,23,23,1,21,8,C03,120.692435,24.162425,2
2022,11,10,9,23,臺中市,潭子區,0,0,0,8,,,50,,,,,,,,,,,,,,,5,,,,,B03,,,1,,2,,,5,,1,22,,B03,120.704442,24.207463,3
2022,11,10,9,28,臺中市,西區,0,0,0,8,,,50,,,,,,,,,,,,,,,17,,,,,B12,,,1,,2,,,17,,1,21,,B12,120.66043,24.13871,3
2022,11,10,9,30,臺中市,潭子區,0,1,0,8,1,5,60,14,11,1,5,4,5,7,4,4,1,4,4,1,16,23,3,10,1,1,B03,7,1,1,8,2,7,,19,23,1,22,9,B03,120.689794,24.224202,2
2022,11,10,9,35,臺中市,潭子區,0,0,0,8,,,50,,,,,,,,,,,,,,,23,,,,,B12,,,1,,2,,,23,,1,22,,B12,120.69478,24.216152,3
2022,11,10,9,35,臺中市,烏日區,0,2,0,8,1,5,50,3,2,1,5,4,5,7,2,1,1,4,5,2,12,17,2,9,1,4,C03,7,6,1,10,2,12,,17,17,1,21,9,C03,120.609357,24.112785,2
2022,11,10,9,36,臺中市,豐原區,0,2,0,8,1,5,50,4,2,1,5,4,5,7,1,1,4,5,4,2,12,10,2,9,1,1,C03,7,11,1,10,2,14,,10,10,1,19,5,C03,120.716827,24.248188,2
2022,11,10,9,38,臺中市,西屯區,0,0,0,8,,,30,,,,,,,,,,,,,,,18,,,,,B03,,,1,,11,,,18,,1,22,,B03,120.615112,24.178854,3
2022,11,10,9,43,臺中市,北屯區,0,2,0,8,1,5,50,3,1,1,5,4,5,7,4,4,10,5,5,2,18,32,2,9,1,1,C03,7,9,1,10,2,14,,32,32,1,21,8,C03,120.723545,24.173074,2
2022,11,10,9,45,臺中市,梧棲區,0,1,0,8,1,5,50,4,1,1,5,4,5,7,4,4,10,5,5,2,15,6,2,9,1,1,C03,7,9,1,10,2,11,,6,6,1,12,8,C03,120.539785,24.262727,2
2022,11,10,9,46,臺中市,東區,0,1,0,8,1,5,50,14,8,1,5,4,5,7,1,1,5,4,4,2,16,10,3,10,1,1,B03,7,11,1,8,2,7,,10,10,1,22,8,B03,120.707441,24.148941,2
2022,11,10,9,56,臺中市,西屯區,0,0,0,8,,,40,,,,,,,,,,,,,,,18,,,,,B03,,,1,,1,,,18,,1,22,,B03,120.657126,24.162928,3
2022,11,10,9,58,臺中市,太平區,0,0,0,8,,,40,,,,,,,,,,,,,,,23,,,,,B03,,,1,6,2,1,,23,23,1,21,,B03,120.710725,24.141557,3
2022,11,10,10,0,臺中市,南屯區,0,0,0,8,,,50,,,,,,,,,,,,,,,23,,,,,B03,,,1,,2,,,23,,1,9,,B03,120.632356,24.145477,3
2022,11,10,10,2,臺中市,南屯區,0,0,0,8,1,5,50,4,1,1,5,4,5,7,4,4,10,5,5,2,16,8,3,10,1,1,C03,7,5,1,10,1,14,,8,8,1,22,8,C03,120.649877,24.138858,3
2022,11,10,10,2,臺中市,南屯區,0,0,0,8,1,5,50,14,8,1,5,4,5,7,4,4,1,4,1,2,16,7,3,10,1,1,B12,7,8,1,8,2,5,,7,7,1,4,3,B12,120.62399,24.151616,3
2022,11,10,10,8,臺中市,南屯區,0,0,0,8,,,50,,,,,,,,,,,,,,,42,,,,,C03,,,1,,2,,,42,,1,22,,C03,120.624181,24.149535,3
2022,11,10,10,15,臺中市,外埔區,0,2,0,8,1,5,50,3,2,1,5,4,5,7,4,4,5,5,5,2,12,42,3,10,1,1,B12,7,9,1,8,2,6,,42,42,1,21,8,B12,120.626115,24.336499,2
2022,11,10,10,16,臺中市,北屯區,0,1,0,8,1,5,50,14,9,1,5,4,5,7,4,4,5,4,5,2,13,23,2,9,1,1,C03,7,9,1,10,2,11,,23,23,1,22,8,C03,120.690469,24.177583,2
2022,11,10,10,30,臺中市,烏日區,0,0,0,8,1,5,60,4,1,1,5,4,1,7,2,1,1,4,4,1,12,26,3,10,3,4,B02,7,7,1,8,2,8,,44,26,1,21,9,B02,120.621817,24.104969,3
2022,11,10,10,33,臺中市,梧棲區,0,1,0,8,1,5,50,4,1,1,5,4,5,7,1,1,10,5,5,2,15,26,3,10,1,1,B03,7,9,1,8,2,5,,26,26,1,5,8,B03,120.541433,24.242629,2
2022,11,10,10,40,臺中市,北屯區,0,0,0,8,,,50,,,,,,,,,,,,,,,6,,,,,C03,,,3,,1,,,6,,1,21,,C03,120.672105,24.18833,3
2022,11,10,10,48,臺中市,梧棲區,0,0,0,8,,,30,,,,,,,,,,,,,,,12,,,,,A12,,,1,,1,,,12,,1,12,,A12,120.556795,24.253571,3
2022,11,10,10,50,臺中市,西屯區,0,1,0,8,1,5,50,14,7,1,5,4,5,7,4,4,5,5,4,2,13,16,2,8,1,1,C03,7,9,1,10,2,11,,16,16,1,22,8,C03,120.663043,24.16836,2
2022,11,10,10,53,臺中市,豐原區,0,0,0,8,,,50,,,,,,,,,,,,,,,23,,,,,C03,,,1,,2,,,23,16,1,22,,C03,120.715111,24.249182,3
2022,11,10,11,2,臺中市,豐原區,0,1,0,8,1,5,30,11,9,1,5,4,5,7,4,4,10,3,5,1,25,42,2,9,1,1,B03,7,9,1,8,11,1,,42,42,1,22,5,B03,120.713256,24.232008,2
2022,11,10,11,3,臺中市,豐原區,0,0,0,8,,,50,,,,,,,,,,,,,,,23,,,,,B03,,,1,,2,,,23,16,1,22,,B03,120.720296,24.234967,3
2022,11,10,11,5,臺中市,烏日區,0,0,0,8,,,30,,,,,,,,,,,,,,,23,,,,,B03,,,1,,2,,,23,,1,21,,B03,120.605494,24.11628,3
2022,11,10,11,6,臺中市,梧棲區,0,0,0,8,,,50,,,,,,,,,,,,,,,16,,,,,B12,,,1,,11,,,16,,1,10,,B12,120.524722,24.223374,3
2022,11,10,11,23,臺中市,西屯區,0,1,0,8,1,5,30,4,2,1,5,4,5,7,2,1,10,5,5,2,14,23,3,10,1,1,B11,7,2,1,8,2,3,,23,23,1,22,8,B11,120.629539,24.183759,2
2022,11,10,11,30,臺中市,北屯區,0,2,0,8,1,5,50,14,9,1,5,4,5,7,4,4,9,4,5,2,17,19,2,9,1,1,C03,7,1,1,10,2,13,,19,19,1,21,8,C03,120.687078,24.187276,2
2022,11,10,11,31,臺中市,太平區,0,1,0,8,1,5,40,14,9,1,5,4,5,7,4,4,9,5,5,2,12,42,2,9,1,1,C03,7,4,1,10,2,11,,42,42,1,21,8,C03,120.715228,24.111136,2
2022,11,10,11,35,臺中市,東區,0,0,0,,,,50,,,,,,,,,,,,,,,23,,,,,C03,,,1,,2,,,23,,1,22,,C03,120.69512,24.135075,3
2022,11,10,11,37,臺中市,西屯區,0,0,0,8,,,50,,,,,,,,,,,,,,,23,,,,,B03,,,1,,1,,,23,,1,22,,B03,120.649028,24.163133,3
2022,11,10,11,42,臺中市,沙鹿區,0,1,0,8,1,5,50,14,7,1,5,4,5,7,4,4,1,4,4,2,16,19,3,10,1,1,B03,7,1,1,8,2,8,,19,19,1,7,8,B03,120.569153,24.20963,2
2022,11,10,11,45,臺中市,太平區,0,1,0,8,1,5,40,14,7,1,5,4,5,7,4,4,5,5,4,2,17,7,2,9,1,1,C03,7,7,1,10,2,13,,7,7,1,20,8,C03,120.720123,24.130378,2
2022,11,10,11,46,臺中市,龍井區,0,3,0,8,1,5,30,4,1,1,5,4,5,7,4,4,10,5,5,1,16,6,2,9,3,4,B12,7,9,1,8,2,1,,6,6,1,3,7,B12,120.536911,24.216753,2
2022,11,10,11,47,臺中市,太平區,0,1,0,8,1,5,50,4,2,1,5,4,5,7,2,1,10,5,5,2,16,6,3,10,1,1,B03,7,6,1,8,2,5,,6,6,1,5,8,B03,120.703256,24.153618,2
2022,11,10,11,50,臺中市,北區,0,2,0,8,1,5,40,4,1,1,5,4,5,7,1,1,10,5,5,2,17,26,2,9,1,1,C03,7,15,1,10,2,12,,26,26,1,22,9,C03,120.676555,24.159576,2
2022,11,10,11,52,臺中市,南屯區,0,0,0,8,,,50,,,,,,,,,,,,,,,12,,,,,C03,,,1,,2,,,12,,1,19,,C03,120.638113,24.141451,3
2022,11,10,11,55,臺中市,西屯區,0,1,0,8,1,5,50,14,9,1,5,4,5,7,4,4,10,4,5,2,13,23,3,10,1,1,B03,7,9,1,8,1,1,,23,23,1,22,8,B03,120.63526,24.172703,2
2022,11,10,12,0,臺中市,大雅區,0,0,0,8,,,50,,,,,,,,,,,,,,,7,,,,,A41,,,1,,2,,,7,,1,22,,A41,120.64713,24.221561,3
2022,11,10,12,4,臺中市,大里區,0,0,0,8,,,50,,,,,,,,,,,,,,,6,,,,,C03,,,1,,2,,,44,6,1,22,,C03,120.697738,24.082553,3
2022,11,10,12,8,臺中市,北區,0,2,0,8,1,5,50,4,1,1,5,4,5,7,4,4,5,5,5,2,15,6,2,9,1,1,C03,7,9,1,10,2,14,,6,6,1,5,8,C03,120.684381,24.153128,2
2022,11,10,12,9,臺中市,北屯區,0,0,0,8,,,50,,,,,,,,,,,,,,,16,,,,,B12,,,1,,1,,,16,,1,21,,B12,120.6676,24.180043,3
2022,11,10,12,16,臺中市,太平區,0,1,0,8,1,5,30,3,1,1,5,4,5,7,4,4,5,5,5,2,16,11,3,10,1,1,B03,7,11,1,8,2,8,,11,11,1,21,8,B03,120.712251,24.157655,2
2022,11,10,12,25,臺中市,西區,0,0,0,8,,,50,,,,,,,,,,,,,,,23,,,,,B02,,,1,,2,,,23,,1,19,,B02,120.661693,24.140732,3
2022,11,10,12,33,臺中市,梧棲區,0,1,0,8,1,5,50,3,2,1,5,4,5,7,4,4,10,5,5,2,29,43,2,9,1,1,C03,7,9,1,10,2,13,,43,43,1,18,2,C03,120.551639,24.239169,2
2022,11,10,12,39,臺中市,西屯區,0,1,0,8,1,5,50,4,1,1,5,4,5,7,1,1,10,5,5,2,17,6,3,10,1,1,B12,7,6,1,8,2,2,,6,6,1,21,8,B12,120.610448,24.187025,2
2022,11,10,12,40,臺中市,豐原區,0,1,0,8,1,5,50,3,1,1,5,4,5,7,4,4,4,4,4,2,11,6,2,8,1,1,C03,7,5,1,10,2,11,,6,6,1,19,5,C03,120.717422,24.25323,2
2022,11,10,12,42,臺中市,西區,0,2,0,8,1,5,50,4,1,1,5,4,5,7,1,1,10,5,5,2,16,6,2,9,1,1,C03,7,5,1,10,2,11,,6,6,1,22,9,C03,120.656776,24.146716,2
2022,11,10,12,42,臺中市,北區,0,1,0,8,1,5,50,14,9,1,5,4,5,7,4,4,5,5,5,2,16,19,2,9,1,1,C03,7,9,1,10,2,11,,4,19,1,5,8,C03,120.67438,24.147522,2
2022,11,10,12,50,臺中市,大肚區,0,0,0,,,,60,,,,,,,,,,,,,,,42,,,,,A12,,,1,,2,,,42,,1,10,,A12,120.582704,24.174586,3
2022,11,10,12,52,臺中市,北區,0,0,0,8,,,50,,,,,,,,,,,,,,,23,,,,,B03,,,1,,11,,,23,23,2,22,,B03,120.679639,24.157638,3
2022,11,10,12,59,臺中市,南屯區,0,0,0,8,,,50,,,,,,,,,,,,,,,7,,,,,A12,,,1,,1,,,7,,1,22,,A12,120.626965,24.145079,3
2022,11,10,13,0,臺中市,烏日區,0,0,0,8,,,50,,,,,,,,,,,,,,,18,,,,,B03,,,1,,2,,,18,,1,21,,B03,120.643579,24.060674,3
2022,11,10,13,6,臺中市,南屯區,0,0,0,8,,,50,,,,,,,,,,,,,,,12,,,,,B12,,,1,,2,,,12,,1,22,,B12,120.64184,24.148805,3
2022,11,10,13,10,臺中市,北屯區,0,0,0,8,,,50,,,,,,,,,,,,,,,23,,,,,B12,,,1,,2,,,23,,1,21,,B12,120.689602,24.116363,3
2022,11,10,13,14,臺中市,南區,0,0,0,,,,50,,,,,,,,,,,,,,,23,,,,,B03,,,1,,2,,,23,,1,22,,B03,120.657845,24.130128,3
2022,11,10,13,14,臺中市,西屯區,0,1,0,8,1,5,50,3,2,1,5,4,5,7,2,1,8,3,4,1,13,23,3,10,1,1,C04,7,9,1,10,2,11,,23,23,1,22,8,C04,120.653238,24.168726,2
2022,11,10,13,15,臺中市,太平區,0,0,0,8,,,40,,,,,,,,,,,,,,,19,,,,,B12,,,1,,2,,,19,,1,3,,B12,120.715872,24.134339,3
2022,11,10,13,15,臺中市,豐原區,0,0,0,8,,,50,,,,,,,,,,,,,,,16,,,,,B12,,,1,,2,,,16,16,1,22,,B12,120.720354,24.235657,3
2022,11,10,13,30,臺中市,烏日區,0,1,0,8,1,5,50,14,9,1,5,4,5,7,4,4,1,4,5,2,13,23,2,9,2,1,C03,7,9,3,18,2,11,,23,23,1,21,8,C03,120.642143,24.11577,2
2022,11,10,13,30,臺中市,神岡區,0,1,0,8,1,5,50,4,1,1,5,4,5,7,1,1,10,5,5,2,15,25,2,9,1,1,C03,7,1,1,10,2,11,,25,25,1,22,9,C03,120.664207,24.258269,2
2022,11,10,13,40,臺中市,龍井區,0,1,0,8,1,5,30,4,1,1,5,4,5,7,4,4,10,5,5,2,16,6,2,9,3,4,C03,7,9,1,10,2,11,,6,6,1,9,8,C03,120.530073,24.201528,2
2022,11,10,13,45,臺中市,西屯區,0,0,0,8,,,1,,,,,,,,,,,,,,,23,,,,,B03,,,1,,1,,,23,,1,22,,B03,120.638255,24.163808,3
2022,11,10,13,46,臺中市,西區,0,1,0,8,1,5,50,4,1,1,5,4,5,7,1,1,10,5,5,2,16,6,3,10,1,1,B03,7,6,1,8,2,5,,6,6,1,22,8,B03,120.666736,24.141067,2
2022,11,10,13,58,臺中市,西屯區,0,1,0,8,1,5,40,3,1,1,5,4,5,7,1,1,1,4,1,2,16,6,3,10,1,1,B03,7,6,1,8,2,2,,6,6,1,22,8,B03,120.619111,24.181355,2
2022,11,10,14,0,臺中市,霧峰區,0,1,0,8,1,5,40,4,1,1,5,4,5,7,1,1,10,5,5,1,16,13,2,9,1,1,C03,7,4,1,10,2,14,,13,13,1,4,8,C03,120.680368,24.038674,2
2022,11,10,14,2,臺中市,西屯區,0,1,0,8,1,5,50,14,9,1,5,4,5,7,4,4,5,4,5,2,13,23,2,9,1,1,C03,7,9,1,10,1,11,,23,23,1,22,8,C03,120.645373,24.17587,2
2022,11,10,14,10,臺中市,烏日區,0,1,0,8,1,5,50,3,2,1,5,4,5,7,4,4,5,5,4,2,17,40,3,10,3,4,B03,7,13,1,8,2,4,,40,40,1,21,9,B03,120.615192,24.128993,2
2022,11,10,14,14,臺中市,北區,0,0,0,,,,50,,,,,,,,,,,,,,,44,,,,,B03,,,1,,2,,,44,,1,5,,B03,120.676172,24.150283,3
2022,11,10,14,16,臺中市,北屯區,0,1,0,8,1,5,30,14,9,1,5,4,5,7,4,4,10,5,5,2,17,40,3,10,1,1,B03,7,13,1,8,2,4,,40,40,1,21,8,B03,120.666707,24.185608,2
2022,11,10,14,16,臺中市,西屯區,0,1,0,8,1,5,50,4,2,1,5,4,5,7,4,4,8,3,5,1,17,44,3,10,1,1,B03,7,9,1,8,2,5,,44,44,1,22,8,B03,120.648843,24.174845,2
2022,11,10,14,23,臺中市,北區,0,1,0,8,1,5,50,14,7,1,5,4,5,7,4,4,9,4,4,2,18,43,2,9,3,4,C03,7,9,1,10,2,15,,43,43,1,5,8,C03,120.678434,24.171415,2
2022,11,10,14,30,臺中市,中區,0,0,0,8,,,30,,,,,,,,,,,,,,,23,,,,,C03,,,1,,2,,,23,,1,18,,C03,120.680248,24.142426,3
2022,11,10,14,30,臺中市,龍井區,0,0,0,8,,,30,,,,,,,,,,,,,,,12,,,,,C03,,,1,,11,,,44,12,1,22,,C03,120.595359,24.187908,3
2022,11,10,14,30,臺中市,神岡區,0,0,0,8,,,50,,,,,,,,,,,,,,,16,,,,,B03,,,1,,2,,,16,,1,12,,B03,120.698152,24.258968,3
2022,11,10,14,31,臺中市,神岡區,0,0,0,8,,,30,,,,,,,,,,,,,,,12,,,,,A12,,,1,,2,,,12,,1,22,,A12,120.695256,24.246863,3
2022,11,10,14,40,臺中市,烏日區,0,1,0,8,1,5,30,11,9,1,5,4,5,7,4,4,10,4,5,1,18,42,2,9,1,1,C03,7,9,1,10,2,14,,42,42,1,21,8,C03,120.612372,24.110507,2
2022,11,10,14,41,臺中市,南屯區,0,2,0,8,1,5,50,4,1,1,5,4,5,7,2,1,10,5,5,2,17,6,2,9,2,1,F01,7,5,8,20,2,16,,6,6,1,22,9,F01,120.610335,24.13568,2
2022,11,10,14,42,臺中市,北屯區,0,1,0,8,1,5,50,4,1,1,5,4,5,7,4,4,10,5,5,2,15,6,3,10,1,1,B03,7,9,1,8,2,1,,6,6,1,21,8,B03,120.68054,24.18069,2
2022,11,10,14,44,臺中市,北區,0,0,0,8,,,50,,,,,,,,,,,,,,,6,,,,,C03,,,1,,2,,,6,,1,22,,C03,120.680548,24.162321,3
2022,11,10,14,47,臺中市,龍井區,0,0,0,8,,,30,,,,,,,,,,,,,,,12,,,,,A11,,,1,,2,,,12,,1,9,,A11,120.50873,24.216073,3
2022,11,10,14,48,臺中市,龍井區,0,0,0,8,,,50,,,,,,,,,,,,,,,23,,,,,B03,,,1,,2,,,23,,1,7,,B03,120.517346,24.221463,3
2022,11,10,14,55,臺中市,西屯區,0,0,0,8,,,40,,,,,,,,,,,,,,,43,,,,,B03,,,6,,1,,,43,,1,22,,B03,120.622663,24.179331,3
2022,11,10,14,58,臺中市,西屯區,0,1,0,8,1,5,50,14,9,1,5,4,5,7,1,1,5,4,5,2,13,23,2,8,1,1,C03,7,9,1,10,2,11,,23,23,1,22,8,C03,120.640727,24.188087,2
2022,11,10,15,2,臺中市,南區,0,0,0,8,,,50,,,,,,,,,,,,,,,23,,,,,B03,,,1,8,2,,,23,23,1,5,,B03,120.672543,24.117165,3
2022,11,10,15,5,臺中市,潭子區,0,1,0,8,1,5,50,11,9,1,5,4,5,1,4,4,5,4,4,2,18,43,2,9,1,1,C03,7,9,1,10,2,15,,43,43,1,22,9,C03,120.72378,24.195449,2
2022,11,10,15,6,臺中市,清水區,0,1,0,8,1,5,50,4,1,1,5,4,5,7,1,1,10,5,5,2,16,6,3,10,1,1,B11,7,11,1,3,2,1,,6,6,1,21,8,B11,120.576443,24.271521,2
2022,11,10,15,10,臺中市,東區,0,1,0,8,1,5,50,4,1,1,5,4,5,7,2,1,5,4,5,2,17,23,3,10,3,4,B03,7,5,1,8,2,1,,23,23,1,21,8,B03,120.684769,24.130826,2
2022,11,10,15,13,臺中市,北屯區,0,1,0,8,1,5,50,14,9,1,5,4,5,7,4,4,1,4,5,2,13,23,2,9,1,1,C03,7,9,1,10,2,11,12,23,23,1,5,8,C03,120.684441,24.169846,2
2022,11,10,15,18,臺中市,烏日區,0,1,0,8,1,5,70,11,8,1,5,3,5,7,4,4,1,3,5,1,17,6,2,9,1,1,C03,7,9,1,10,2,14,,23,6,1,21,8,C03,120.584136,24.111431,2
2022,11,10,15,28,臺中市,南屯區,0,0,0,8,,,40,,,,,,,,,,,,,,,12,,,,,B03,,,1,,2,,,12,,1,22,,B03,120.653349,24.144957,3
2022,11,10,15,28,臺中市,大肚區,0,1,0,8,1,5,30,3,2,1,5,4,5,7,4,4,5,5,5,1,17,6,3,10,3,4,C03,7,5,1,10,2,14,,6,6,1,22,9,C03,120.579656,24.170321,2
2022,11,10,15,35,臺中市,豐原區,0,1,0,8,1,5,40,14,9,1,5,4,5,7,4,4,10,5,5,1,17,44,3,10,1,1,B03,7,9,1,8,2,8,,44,44,1,22,8,B03,120.69983,24.229188,2
2022,11,10,15,36,臺中市,北屯區,0,2,0,8,1,5,50,4,1,1,5,4,5,7,1,1,10,5,5,2,17,25,2,9,1,1,C03,7,9,1,10,2,11,,25,25,1,5,8,C03,120.692242,24.164941,2
2022,11,10,15,37,臺中市,南區,0,2,0,8,1,5,50,3,2,1,5,4,5,7,4,4,3,4,4,2,16,9,2,7,1,1,C03,7,6,1,10,2,12,,9,9,1,21,8,C03,120.651631,24.119205,2
2022,11,10,15,40,臺中市,豐原區,0,2,0,8,2,5,50,4,2,1,5,4,5,7,1,1,4,4,4,2,16,6,2,7,1,1,C03,7,6,1,10,2,12,,6,6,1,4,5,C03,120.717347,24.258202,2
2022,11,10,15,44,臺中市,南區,0,0,0,8,,,50,,,,,,,,,,,,,,,19,,,,,B03,,,1,,2,,,19,,1,22,,B03,120.65729,24.12182,3
2022,11,10,15,45,臺中市,西屯區,0,0,0,8,,,50,,,,,,,,,,,,,,,23,,,,,B01,,,1,,1,,,23,,1,22,,B01,120.657127,24.200899,3
2022,11,10,15,45,臺中市,龍井區,0,1,0,8,1,5,40,14,8,1,5,4,5,7,4,4,10,5,1,1,17,6,3,10,3,4,B03,7,6,1,8,2,6,,6,6,1,22,9,B03,120.584747,24.186759,2
2022,11,10,16,4,臺中市,西屯區,0,1,0,8,1,5,50,4,1,1,5,4,5,7,1,1,10,5,5,2,16,6,3,10,3,4,B03,7,5,1,8,1,1,,6,6,1,22,8,B03,120.615378,24.182891,2
2022,11,10,16,7,臺中市,豐原區,0,0,0,8,,,50,,,,,,,,,,,,,,,16,,,,,B03,,,1,,2,,,16,,1,22,,B03,120.74954,24.268191,3
2022,11,10,16,10,臺中市,大雅區,0,0,0,8,,,50,,,,,,,,,,,,,,,19,,,,,B03,,,1,,2,,,19,,1,21,,B03,120.665166,24.21776,3
2022,11,10,16,13,臺中市,北屯區,0,1,0,8,1,5,50,3,1,1,5,4,5,7,4,4,10,5,5,2,16,6,3,10,1,1,B03,7,6,1,8,2,2,,6,6,1,22,8,B03,120.663983,24.200668,2
2022,11,10,16,16,臺中市,北屯區,0,1,0,8,1,5,50,14,7,1,5,4,5,7,4,4,1,4,4,1,12,43,3,10,1,1,B12,7,9,1,8,2,6,,43,43,1,21,8,B12,120.710248,24.164763,2
2022,11,10,16,26,臺中市,南區,0,1,0,8,1,5,40,14,8,1,5,4,5,7,4,4,5,5,4,2,17,23,2,9,3,4,C03,7,9,1,10,2,15,,23,23,1,5,8,C03,120.672543,24.117165,2
2022,11,10,16,28,臺中市,西屯區,0,0,0,8,,,50,,,,,,,,,,,,,,,42,,,,,A12,,,1,,2,,,42,,1,22,,A12,120.644456,24.202098,3
2022,11,10,16,33,臺中市,沙鹿區,0,0,0,8,,,50,,,,,,,,,,,,,,,42,,,,,B12,,,1,,2,,,42,,1,5,,B12,120.574633,24.218823,3
2022,11,10,16,35,臺中市,東區,0,0,0,8,,,50,,,,,,,,,,,,,,,7,,,,,B03,,,1,,2,,,7,7,1,22,,B03,120.690352,24.126401,3
2022,11,10,16,39,臺中市,西區,0,0,0,,,,50,,,,,,,,,,,,,,,12,,,,,B03,,,1,,1,,,12,,1,22,,B03,120.668472,24.131533,3
2022,11,10,16,39,臺中市,太平區,0,1,0,8,2,5,50,4,1,1,5,4,5,7,1,1,2,4,5,1,16,23,3,10,1,1,B03,7,6,1,8,2,5,,23,23,1,21,8,B03,120.71911,24.133635,2
2022,11,10,16,40,臺中市,北區,0,0,0,8,,,50,,,,,,,,,,,,,,,12,,,,,B03,,,1,,2,,,12,,1,22,,B03,120.676665,24.172264,3
2022,11,10,16,43,臺中市,清水區,0,0,0,8,,,60,,,,,,,,,,,,,,,23,,,,,B03,,,1,,1,,,23,,1,21,,B03,120.552052,24.275773,3
2022,11,10,16,45,臺中市,北屯區,0,0,0,8,,,50,,,,,,,,,,,,,,,23,,,,,B03,,,1,,1,,,23,23,1,5,,B03,120.697927,24.1686,3
2022,11,10,16,57,臺中市,西屯區,0,2,0,8,1,5,50,14,7,1,5,4,5,7,4,4,5,5,4,2,17,19,2,9,3,4,C03,7,1,1,10,2,14,,19,19,1,22,9,C03,120.662255,24.163809,2
2022,11,10,16,59,臺中市,清水區,0,1,0,8,1,5,40,14,7,1,5,4,5,7,4,4,1,4,4,2,17,19,2,9,1,1,C03,7,1,1,10,2,14,,19,19,1,5,5,C03,120.57494,24.267976,2
2022,11,10,17,3,臺中市,南區,0,0,0,8,,,50,,,,,,,,,,,,,,,42,,,,,B12,,,1,8,11,,,42,67,1,5,,B12,120.666245,24.118255,3
2022,11,10,17,3,臺中市,梧棲區,0,0,0,8,,,40,,,,,,,,,,,,,,,23,,,,,A41,,,1,,2,,,23,,1,10,,A41,120.52673,24.222395,3
2022,11,10,17,5,臺中市,西屯區,0,0,0,8,,,50,,,,,,,,,,,,,,,23,,,,,B03,,,1,,1,,,23,,1,22,,B03,120.641693,24.182328,3
2022,11,10,17,5,臺中市,龍井區,0,1,0,8,1,5,50,3,1,1,5,4,5,7,4,4,10,5,5,2,17,8,3,10,3,4,B03,7,5,1,8,2,8,,8,8,1,10,4,B03,120.546363,24.214478,2
2022,11,10,17,8,臺中市,南屯區,0,0,0,,,,50,,,,,,,,,,,,,,,23,,,,,B02,,,1,,1,,,23,,1,4,,B02,120.610079,24.14025,3
2022,11,10,17,10,臺中市,神岡區,0,0,0,8,,,40,,,,,,,,,,,,,,,12,,,,,B03,,,1,,2,,,12,,1,22,,B03,120.677501,24.250194,3
2022,11,10,17,12,臺中市,梧棲區,0,0,0,8,,,50,,,,,,,,,,,,,,,23,,,,,B03,,,1,,2,,,23,,1,9,,B03,120.533835,24.259846,3
2022,11,10,17,19,臺中市,北屯區,0,1,0,8,2,5,50,4,1,1,5,4,5,7,2,1,10,5,5,2,13,16,2,9,1,1,C03,7,9,1,10,2,11,,16,16,1,21,8,C03,120.67723,24.186213,2
2022,11,10,17,20,臺中市,大甲區,0,0,0,8,,,70,,,,,,,,,,,,,,,43,,,,,B03,,,1,,1,,,43,,1,9,,B03,120.646021,24.372566,3
2022,11,10,17,22,臺中市,北屯區,0,1,0,8,2,5,30,14,9,1,5,4,5,7,4,4,10,5,5,2,18,23,2,8,1,1,C03,7,9,1,10,2,14,,23,23,1,21,8,C03,120.694077,24.177877,2
2022,11,10,17,22,臺中市,豐原區,0,1,0,8,3,5,50,3,7,1,5,4,5,7,4,4,5,2,4,2,16,14,3,10,1,1,C03,7,9,1,10,2,11,,14,14,1,21,7,C03,120.72207,24.253295,2
2022,11,10,17,24,臺中市,東區,0,1,0,8,2,5,30,3,1,1,5,4,5,7,4,4,5,5,4,2,16,9,3,10,1,1,C03,7,6,1,10,2,11,,9,9,1,21,8,C03,120.697574,24.138874,2