年,月,日,時,分,縣市,區,死,受傷,2-30,天候,光線,道路類別,速限,道路型態,事故位置,路面鋪裝,路面狀態,路面缺陷,障礙物,視距,號誌種類,號誌動作,分向設施,快車道或一般車道間,快慢車道間,路面邊線,事故類型及型態,主要肇因,受傷程度,主要傷處,保護裝備,行動電話,當事者區分,車輛用途,當事者行動狀態,駕駛資格情形,駕駛執照種類,飲酒情形,車輛撞擊部位最初,車輛撞擊部位其他,肇事因素個別,肇事因素主要,肇事逃逸,職業,旅次目的,車種,GPS緯度,GPS經度,事故類別
2022,11,11,7,41,臺中市,大雅區,0,0,0,8,,,30,,,,,,,,,,,,,,,19,,,,,C03,,,1,,2,,,19,,1,22,,C03,120.642897,24.220347,3
2022,11,11,7,43,臺中市,南區,0,2,0,8,1,5,50,4,1,1,5,4,5,6,4,4,5,5,5,2,15,6,3,10,1,1,B03,7,9,1,8,2,5,,6,6,1,22,8,B03,120.668628,24.123155,2
2022,11,11,7,46,臺中市,西屯區,0,1,0,8,1,5,50,4,2,1,5,4,5,7,2,1,1,3,1,1,12,43,2,9,1,1,C03,7,6,1,10,2,12,,43,43,1,22,8,C03,120.644164,24.201417,2
2022,11,11,7,50,臺中市,東區,0,0,0,,,,50,,,,,,,,,,,,,,,17,,,,,B03,,,1,,10,,,17,17,2,22,,B03,120.695515,24.150978,3
2022,11,11,7,50,臺中市,大肚區,0,1,0,8,1,5,40,14,8,1,5,4,5,7,4,4,4,5,4,2,18,13,2,9,1,1,C03,7,9,1,10,2,12,,13,13,1,4,1,C03,120.564394,24.160361,2
2022,11,11,7,51,臺中市,西屯區,0,1,0,8,1,5,50,3,1,1,5,4,5,7,4,4,10,5,5,2,16,6,3,10,3,4,B03,7,5,1,8,2,1,,6,6,1,22,8,B03,120.593475,24.18026,2
2022,11,11,7,55,臺中市,霧峰區,0,0,0,8,,,40,,,,,,,,,,,,,,,5,,,,,C03,,,1,,11,,,5,,1,22,,C03,120.723494,24.04811,3
2022,11,11,7,57,臺中市,豐原區,0,1,0,8,1,5,50,4,9,1,5,4,5,7,4,4,5,5,5,2,17,23,3,10,3,4,B03,7,9,1,8,2,4,,23,23,1,22,8,B03,120.759191,24.277401,2
2022,11,11,7,58,臺中市,太平區,0,0,0,8,,,50,,,,,,,,,,,,,,,16,,,,,B03,,,1,,1,,,16,,1,5,,B03,120.715456,24.148829,3
2022,11,11,8,0,臺中市,西區,0,2,0,8,1,5,50,14,9,1,5,4,5,7,4,4,10,4,5,2,9,53,2,9,4,5,H01,8,18,8,20,10,16,,53,53,1,21,8,H01,120.671432,24.134586,2
2022,11,11,8,0,臺中市,烏日區,0,1,0,8,1,5,50,4,1,1,5,4,5,7,2,1,5,4,5,1,17,6,3,10,1,1,B03,7,6,1,8,2,7,,6,6,1,21,8,B03,120.643901,24.083634,2
2022,11,11,8,3,臺中市,西屯區,0,0,0,8,,,40,,,,,,,,,,,,,,,19,,,,,B03,,,1,,1,,,19,,1,22,,B03,120.649373,24.164375,3
2022,11,11,8,5,臺中市,北屯區,0,0,0,8,,,50,,,,,,,,,,,,,,,23,,,,,B12,,,1,,1,,,23,,1,21,,B12,120.721586,24.182348,3
2022,11,11,8,6,臺中市,北區,0,0,0,8,,,50,,,,,,,,,,,,,,,7,,,,,B03,,,1,,2,,,7,,1,5,,B03,120.685568,24.156019,3
2022,11,11,8,9,臺中市,豐原區,0,1,0,8,1,5,60,4,1,1,5,4,5,7,2,1,10,5,5,2,17,25,3,10,3,4,B03,7,6,1,7,2,2,,25,25,1,22,8,B03,120.720235,24.264005,2
2022,11,11,8,10,臺中市,豐原區,0,1,0,8,1,5,50,4,2,1,5,4,5,7,2,1,4,1,5,1,17,44,2,9,1,1,C03,7,9,1,10,2,11,,44,14,1,4,1,C03,120.720199,24.264227,2
2022,11,11,8,12,臺中市,大雅區,0,0,0,8,,,30,,,,,,,,,,,,,,,23,,,,,C03,,,1,,2,,,23,,1,22,,C03,120.639503,24.219151,3
2022,11,11,8,17,臺中市,中區,0,1,0,8,1,5,50,14,9,1,5,4,5,7,4,4,5,4,5,2,16,23,3,10,1,1,B03,7,9,1,8,2,5,,23,23,1,21,8,B03,120.679824,24.142898,2
2022,11,11,8,24,臺中市,西屯區,0,1,0,8,1,5,50,14,7,1,5,4,5,7,4,4,5,4,4,2,16,42,3,10,1,1,B03,7,15,1,8,2,8,,42,42,1,22,8,B03,120.641608,24.168169,2
2022,11,11,8,25,臺中市,北屯區,0,0,0,8,,,50,,,,,,,,,,,,,,,19,,,,,B03,,,4,,9,,,19,19,1,5,,B03,120.697235,24.170023,3
2022,11,11,8,36,臺中市,太平區,0,1,0,8,1,5,50,14,9,1,5,4,5,7,4,4,5,5,5,2,13,23,2,9,1,1,C03,7,9,1,10,2,12,,23,23,1,21,8,C03,120.715373,24.14902,2
2022,11,11,8,37,臺中市,北屯區,0,0,0,8,,,50,,,,,,,,,,,,,,,23,,,,,B03,,,1,,2,,,23,,1,21,,B03,120.666543,24.18481,3
2022,11,11,8,39,臺中市,東區,0,0,0,8,,,50,,,,,,,,,,,,,,,23,,,,,B03,,,1,,2,,,23,,1,5,,B03,120.696835,24.135365,3
2022,11,11,8,43,臺中市,龍井區,0,1,0,8,1,5,50,4,1,1,5,4,5,7,1,1,10,5,5,2,15,25,2,9,3,4,C03,7,9,3,18,2,11,,25,25,1,20,7,C03,120.545938,24.193388,2
2022,11,11,8,50,臺中市,北區,0,1,0,8,1,5,50,14,9,1,5,4,5,7,4,4,1,2,5,2,17,23,3,10,1,1,C03,7,9,1,10,2,14,,23,23,1,22,9,C03,120.685583,24.152271,2
2022,11,11,8,52,臺中市,西屯區,0,2,0,8,1,5,50,4,2,1,5,4,5,7,1,1,8,3,4,1,12,44,2,9,1,1,C03,7,11,1,10,2,14,,44,44,1,22,8,C03,120.635324,24.167191,2
2022,11,11,8,53,臺中市,大雅區,0,1,0,8,1,5,50,3,1,1,5,4,5,7,4,4,5,5,5,1,16,6,3,10,1,1,B03,7,5,1,8,2,1,,6,6,1,22,8,B03,120.646173,24.239,2
2022,11,11,8,53,臺中市,南屯區,0,0,0,8,1,5,50,3,2,1,5,4,5,7,1,1,1,4,1,2,12,7,3,10,1,1,B03,7,7,1,8,1,8,4,7,7,1,2,3,B03,120.622643,24.150214,3
2022,11,11,8,55,臺中市,沙鹿區,0,1,0,8,1,5,50,3,1,1,5,4,5,7,1,1,10,5,5,2,16,25,3,10,1,1,C03,7,9,6,18,2,13,,25,25,1,21,8,C03,120.578477,24.223393,2
2022,11,11,8,59,臺中市,西區,0,1,0,8,1,5,50,5,1,1,5,4,5,7,1,1,10,5,5,2,16,26,3,10,1,1,B03,7,5,1,8,2,8,1,26,26,1,22,9,B03,120.672122,24.140695,2
2022,11,11,9,4,臺中市,南屯區,0,0,0,8,,,50,,,,,,,,,,,,,,,23,,,,,B03,,,1,,1,,,23,,1,4,,B03,120.608019,24.151116,3
2022,11,11,9,6,臺中市,南屯區,0,0,0,8,,,50,,,,,,,,,,,,,,,19,,,,,B02,,,1,,2,,,19,,1,22,,B02,120.643391,24.151811,3
2022,11,11,9,11,臺中市,西區,0,0,0,8,,,50,,,,,,,,,,,,,,,12,,,,,B03,,,1,8,1,,,12,12,1,5,,B03,120.655135,24.140024,3
2022,11,11,9,16,臺中市,北屯區,0,1,0,8,1,5,50,14,9,1,5,4,5,7,4,4,10,3,5,2,16,7,3,10,1,1,B03,7,10,1,8,2,2,,7,7,1,21,8,B03,120.69863,24.174538,2
2022,11,11,9,22,臺中市,東區,0,0,0,,,,50,,,,,,,,,,,,,,,23,,,,,C03,,,1,,2,,,23,,1,22,,C03,120.690658,24.131861,3
2022,11,11,9,23,臺中市,北區,0,1,0,8,1,5,50,14,9,1,5,4,5,7,1,1,5,4,5,2,13,23,2,9,1,1,C03,7,9,1,10,1,11,,23,42,1,5,8,C03,120.678293,24.167056,2
2022,11,11,9,23,臺中市,西屯區,0,0,0,8,,,50,,,,,,,,,,,,,,,23,,,,,B03,,,1,,1,,,23,,1,22,,B03,120.618246,24.163776,3
2022,11,11,9,26,臺中市,潭子區,0,0,0,8,,,50,,,,,,,,,,,,,,,42,,,,,C03,,,1,,2,,,42,,1,22,,C03,120.694635,24.224336,3
2022,11,11,9,28,臺中市,西屯區,0,1,0,8,1,5,70,14,7,1,5,4,5,7,4,4,1,4,1,2,13,23,3,10,1,1,B02,7,9,1,8,2,1,,23,23,1,22,8,B02,120.649366,24.16443,2
2022,11,11,9,29,臺中市,沙鹿區,0,1,0,8,1,5,50,5,1,1,5,4,5,7,2,1,10,5,5,2,16,9,3,10,1,1,B12,7,6,1,8,2,2,,9,9,1,10,4,B12,120.569711,24.237218,2
2022,11,11,9,31,臺中市,南屯區,0,0,0,8,,,30,,,,,,,,,,,,,,,23,,,,,C03,,,1,,2,,,23,,1,18,,C03,120.638642,24.135444,3
2022,11,11,9,36,臺中市,大雅區,0,1,0,8,1,5,50,3,1,1,5,4,5,7,4,4,10,5,5,2,16,6,3,10,1,1,A12,7,6,1,6,2,2,,6,6,1,22,9,A12,120.640343,24.219049,2
2022,11,11,9,36,臺中市,南屯區,0,0,0,8,1,5,50,14,13,1,5,4,5,7,4,4,5,5,4,2,14,12,3,10,1,1,B03,7,2,1,8,2,3,,12,12,1,4,7,B03,120.61344,24.141011,3
2022,11,11,9,37,臺中市,西屯區,0,0,0,8,,,50,,,,,,,,,,,,,,,10,,,,,B03,,,1,,1,,,10,,1,1,,B03,120.633359,24.174572,3
2022,11,11,9,39,臺中市,大甲區,0,1,0,8,1,5,50,4,1,1,5,4,5,7,4,4,10,5,5,2,15,6,3,10,1,1,B03,7,9,1,8,2,1,,6,6,1,22,9,B03,120.622167,24.352237,2
2022,11,11,9,45,臺中市,大雅區,0,1,0,8,1,5,30,14,9,1,5,4,5,7,4,4,10,5,5,2,19,22,2,1,1,1,B03,7,9,1,8,2,1,,22,22,1,22,8,B03,120.660126,24.212234,2
2022,11,11,9,56,臺中市,梧棲區,0,0,0,8,,,30,,,,,,,,,,,,,,,12,,,,,B12,,,1,,1,,,12,,1,10,,B12,120.551101,24.245231,4
2022,11,11,10,0,臺中市,大肚區,0,1,0,8,1,5,50,14,9,1,5,4,5,7,4,4,5,4,5,2,16,11,2,8,1,1,C03,7,11,3,18,2,14,,11,11,1,12,7,C03,120.544884,24.152944,2
2022,11,11,10,2,臺中市,南屯區,0,0,0,8,,,40,,,,,,,,,,,,,,,19,,,,,B03,,,1,,1,,,19,,1,4,,B03,120.612011,24.149953,3
2022,11,11,10,8,臺中市,北屯區,0,1,0,8,1,5,50,4,1,1,5,4,5,7,1,1,10,5,5,2,16,6,3,10,1,1,B03,7,5,1,8,2,1,,6,6,1,21,8,B03,120.709981,24.180953,2
2022,11,11,10,9,臺中市,東區,0,0,0,8,,,50,,,,,,,,,,,,,,,23,,,,,B03,,,1,,2,,,23,23,1,22,,B03,120.685355,24.129805,3
2022,11,11,10,12,臺中市,東勢區,0,1,0,8,1,5,60,3,2,1,5,4,5,7,1,1,4,3,4,1,16,6,3,10,1,1,B03,7,6,1,8,2,2,,6,6,1,22,9,B03,120.825493,24.254785,2
2022,11,11,10,20,臺中市,大雅區,0,1,0,8,1,5,30,3,2,1,5,4,5,7,4,4,10,5,5,2,16,43,2,9,1,1,F02,7,5,8,20,2,16,,43,43,1,22,8,F02,120.647065,24.223646,2
2022,11,11,10,30,臺中市,北屯區,0,1,0,8,1,5,50,4,1,1,5,4,5,7,1,1,10,5,5,2,15,43,2,9,1,1,C03,7,9,1,10,2,14,,43,43,1,21,8,C03,120.674669,24.202898,2
2022,11,11,10,34,臺中市,北區,0,1,0,8,1,5,50,4,1,1,5,4,5,7,1,1,5,5,5,2,12,17,3,10,1,1,B03,7,9,6,18,2,2,,17,23,1,5,8,B03,120.688988,24.159028,2
2022,11,11,10,35,臺中市,北區,0,0,0,8,1,5,50,14,8,1,5,4,5,7,4,4,1,4,4,2,3,51,,,,,H01,,,8,,10,,,51,,1,22,,H01,120.673905,24.164385,3
2022,11,11,10,35,臺中市,北區,0,0,0,,,,50,,,,,,,,,,,,,,,6,,,,,B03,,,1,,11,,,6,,1,22,,B03,120.688113,24.151003,3
2022,11,11,10,42,臺中市,西屯區,0,0,0,8,,,60,,,,,,,,,,,,,,,43,,,,,B12,,,1,,2,,,43,,1,22,,B12,120.650655,24.162117,3
2022,11,11,10,43,臺中市,南屯區,0,0,0,8,,,50,,,,,,,,,,,,,,,6,,,,,B03,,,1,,2,,,6,,1,4,,B03,120.635034,24.146362,3
2022,11,11,10,48,臺中市,東區,0,2,0,8,1,5,50,14,8,1,5,4,5,7,4,4,5,4,4,2,17,23,2,9,1,1,C03,7,9,1,10,2,11,,23,23,1,22,9,C03,120.708988,24.144511,2
2022,11,11,10,50,臺中市,南區,0,0,0,8,,,50,,,,,,,,,,,,,,,23,,,,,B03,,,1,,2,,,23,,1,5,,B03,120.653593,24.122563,3
2022,11,11,10,55,臺中市,大雅區,0,0,0,8,,,50,,,,,,,,,,,,,,,26,,,,,B12,,,1,,2,,,26,26,1,22,,B12,120.650581,24.210237,3
2022,11,11,11,0,臺中市,大肚區,0,0,0,8,,,50,,,,,,,,,,,,,,,8,,,,,C03,,,1,,2,,,8,8,1,4,,C03,120.545949,24.148597,3
2022,11,11,11,3,臺中市,東區,0,2,0,7,3,5,50,4,1,1,5,4,5,7,1,1,10,5,5,2,13,23,2,9,1,1,C03,7,9,1,10,2,11,,23,23,1,22,8,C03,120.705974,24.140478,2
2022,11,11,11,4,臺中市,南屯區,0,0,0,8,1,5,50,3,2,1,5,4,5,7,1,1,5,2,4,2,16,6,3,10,1,1,B03,7,6,1,8,2,5,,6,6,1,5,7,B03,120.63295,24.13772,3
2022,11,11,11,12,臺中市,北區,0,2,0,8,1,5,50,14,9,1,5,4,5,7,4,4,5,4,5,2,17,26,2,9,1,1,C03,7,15,1,10,2,11,,26,26,1,5,8,C03,120.671067,24.166726,2
2022,11,11,11,15,臺中市,大里區,0,0,0,8,1,5,30,14,9,1,5,4,5,7,4,4,10,5,5,2,29,42,,,,,A12,,,1,,2,,,42,,1,22,,A12,120.73044,24.089833,3
2022,11,11,11,17,臺中市,西屯區,0,0,0,8,,,50,,,,,,,,,,,,,,,23,,,,,B03,,,1,,11,,,23,,1,22,,B03,120.644591,24.18508,3
2022,11,11,11,19,臺中市,南屯區,0,0,0,8,,,50,,,,,,,,,,,,,,,19,,,,,B02,,,1,,2,,,19,19,1,22,,B02,120.649731,24.15466,3
2022,11,11,11,25,臺中市,神岡區,0,1,0,8,1,5,50,3,1,1,5,4,5,7,4,4,10,5,5,2,16,6,3,10,1,1,B03,7,6,1,8,2,2,,6,6,1,22,9,B03,120.683051,24.246644,2
2022,11,11,11,25,臺中市,豐原區,0,1,0,8,1,5,50,4,1,1,5,4,5,7,2,1,10,5,5,2,16,6,2,1,1,1,C03,7,5,1,10,2,12,,6,6,1,22,8,C03,120.71619,24.239253,2
2022,11,11,11,40,臺中市,清水區,0,1,0,8,1,5,70,5,1,1,5,4,5,7,1,1,1,4,4,1,16,9,3,10,1,1,B12,7,6,1,8,2,3,,9,9,1,22,8,B12,120.575925,24.278321,2
2022,11,11,11,44,臺中市,西區,0,0,0,8,,,50,,,,,,,,,,,,,,,17,,,,,B12,,,1,,1,,,17,,1,21,,B12,120.665839,24.152349,3
2022,11,11,11,44,臺中市,南屯區,0,1,0,8,1,5,50,4,1,1,5,4,5,7,2,1,10,5,5,2,16,6,3,10,1,1,B01,7,5,1,4,2,2,6,6,6,1,10,4,B01,120.625818,24.140633,2
2022,11,11,11,45,臺中市,豐原區,0,0,0,8,,,50,,,,,,,,,,,,,,,16,,,,,B12,,,1,,2,,,16,16,1,22,,B12,120.706001,24.24983,3
2022,11,11,11,50,臺中市,西屯區,0,1,0,8,1,5,50,4,1,1,5,4,5,7,1,1,10,5,5,2,3,23,3,10,1,1,C03,7,6,1,10,2,11,,23,23,1,22,8,C03,120.644383,24.17446,2
2022,11,11,11,55,臺中市,西屯區,0,1,0,8,1,5,50,4,1,1,5,4,5,7,4,4,10,5,5,2,16,6,2,9,3,4,C03,7,5,1,10,2,15,,6,6,1,22,8,C03,120.6452,24.185176,2
2022,11,11,11,58,臺中市,烏日區,0,0,0,8,1,5,60,14,7,1,5,4,5,7,2,1,1,4,4,1,13,16,3,10,3,4,B03,7,14,1,8,2,1,,16,16,1,21,9,B03,120.615855,24.105862,3
2022,11,11,12,5,臺中市,豐原區,0,2,0,8,1,5,50,5,2,1,5,4,5,7,1,1,4,4,4,1,17,19,2,8,2,1,F01,7,1,8,20,2,16,,19,19,1,4,5,F01,120.716911,24.253433,2
2022,11,11,12,8,臺中市,南屯區,0,0,0,8,,,50,,,,,,,,,,,,,,,23,,,,,B03,,,1,,1,,,23,,1,4,,B03,120.635151,24.13154,3
2022,11,11,12,10,臺中市,東區,0,2,0,8,1,5,50,4,2,1,5,4,5,7,2,1,5,4,5,2,11,23,2,1,1,1,B03,7,9,6,18,2,5,,23,23,1,21,8,B03,120.697299,24.147967,2
2022,11,11,12,14,臺中市,北區,0,1,0,8,1,5,50,4,1,1,5,4,5,7,1,1,10,5,5,2,16,9,3,10,1,1,B02,7,6,1,8,2,5,,9,9,1,5,8,B02,120.67817,24.151537,2
2022,11,11,12,17,臺中市,西屯區,0,0,0,8,,,30,,,,,,,,,,,,,,,23,,,,,B03,,,1,,2,,,23,,1,1,,B03,120.621106,24.18442,3
2022,11,11,12,25,臺中市,烏日區,0,1,0,8,1,5,30,14,9,1,5,4,5,7,4,4,10,5,5,2,16,8,3,10,1,1,C03,7,5,1,10,2,11,,8,8,1,22,9,C03,120.606955,24.108243,2
2022,11,11,12,30,臺中市,烏日區,0,1,0,8,1,5,50,4,1,1,5,4,5,7,1,1,10,5,5,2,16,6,3,10,1,1,B03,7,6,1,8,2,8,,6,6,1,21,8,B03,120.648541,24.093257,2
2022,11,11,12,32,臺中市,大雅區,0,1,0,8,1,5,50,4,1,1,5,4,5,7,1,1,5,5,5,1,16,14,3,10,1,1,B03,7,9,1,2,2,8,,14,14,1,22,8,B03,120.657104,24.240634,2
2022,11,11,12,32,臺中市,西屯區,0,1,0,8,1,5,30,14,9,1,5,4,5,7,4,4,10,5,5,2,16,6,3,10,1,1,B12,7,6,1,8,1,6,,6,6,1,22,8,B12,120.648748,24.158101,2
2022,11,11,12,36,臺中市,清水區,0,0,0,8,,,70,,,,,,,,,,,,,,,16,,,,,A41,,,1,,2,,,16,,1,21,,A41,120.552015,24.293875,3
2022,11,11,12,38,臺中市,西屯區,0,2,0,8,1,5,30,3,1,1,5,4,5,7,4,4,10,5,5,2,16,6,2,9,1,1,C03,7,5,1,10,2,11,,6,6,1,22,8,C03,120.644941,24.180106,2
2022,11,11,12,41,臺中市,南屯區,0,0,0,8,,,50,,,,,,,,,,,,,,,16,,,,,B12,,,1,,2,,,16,,1,22,,B12,120.63883,24.135123,3
2022,11,11,12,45,臺中市,豐原區,0,2,0,8,1,5,50,3,1,1,5,4,5,7,1,1,10,5,5,2,16,6,2,9,3,4,C03,7,5,1,10,2,12,,6,6,1,22,8,C03,120.723853,24.25578,2
2022,11,11,12,46,臺中市,龍井區,0,0,0,8,,,30,,,,,,,,,,,,,,,6,,,,,B03,,,1,,2,,,6,,1,4,,B03,120.52668,24.179458,3
2022,11,11,12,47,臺中市,西屯區,0,1,0,8,1,5,50,5,2,1,5,4,5,7,2,1,1,3,4,1,13,23,2,9,1,1,C03,7,9,1,10,2,11,,23,23,1,22,8,C03,120.643643,24.165818,2
2022,11,11,12,54,臺中市,西區,0,1,0,8,1,5,50,14,9,1,5,4,5,7,4,4,5,5,5,2,17,26,3,10,1,1,B03,7,9,1,8,2,8,,26,26,1,5,8,B03,120.658726,24.147014,2
2022,11,11,12,59,臺中市,梧棲區,0,1,0,8,1,5,30,4,1,1,5,4,5,7,3,1,10,5,5,2,17,6,3,10,1,1,B12,7,9,1,8,2,15,,6,6,1,9,1,B12,120.542238,24.226351,2
2022,11,11,13,3,臺中市,沙鹿區,0,1,0,8,1,5,50,4,1,1,5,4,5,7,3,1,10,5,5,2,17,42,2,9,1,1,C03,7,9,1,10,2,14,,42,42,1,9,4,C03,120.563888,24.224999,2
2022,11,11,13,10,臺中市,南屯區,0,1,0,8,1,5,50,4,1,1,5,4,5,7,2,1,1,2,5,2,12,6,3,10,1,1,B03,7,6,1,8,2,8,,6,6,1,19,8,B03,120.646456,24.12953,2
2022,11,11,13,12,臺中市,西屯區,0,0,0,8,,,50,,,,,,,,,,,,,,,42,,,,,A12,,,1,,1,,,42,,1,22,,A12,120.652101,24.185321,3
2022,11,11,13,15,臺中市,西區,0,0,0,8,,,40,,,,,,,,,,,,,,,42,,,,,C03,,,1,,1,,,42,,1,5,,C03,120.661932,24.136241,3
2022,11,11,13,15,臺中市,烏日區,0,1,0,8,1,5,40,14,8,1,5,4,5,7,1,1,1,4,4,1,13,23,3,10,1,1,B03,7,14,1,8,2,1,,23,23,1,21,8,B03,120.644793,24.092963,2
2022,11,11,13,16,臺中市,沙鹿區,0,0,0,8,,,50,,,,,,,,,,,,,,,16,,,,,B03,,,1,,2,,,16,,1,22,,B03,120.570261,24.25802,3
2022,11,11,13,17,臺中市,西屯區,0,0,0,8,,,30,,,,,,,,,,,,,,,23,,,,,B12,,,1,,1,,,23,23,1,1,,B12,120.592796,24.178783,3
2022,11,11,13,23,臺中市,北屯區,1,0,0,8,1,5,50,4,2,1,5,4,5,7,1,1,10,5,5,2,17,43,1,9,1,1,C03,7,15,1,10,2,12,,43,43,1,21,8,C03,120.6943,24.1724,1
2022,11,11,13,28,臺中市,北屯區,0,1,0,8,1,5,50,4,1,1,5,4,5,7,1,1,10,5,5,2,17,43,2,9,1,1,C03,7,9,1,10,2,15,,43,43,1,21,8,C03,120.661015,24.188791,2
2022,11,11,13,30,臺中市,西屯區,0,1,0,8,1,5,50,4,1,1,5,4,5,7,2,1,10,5,5,2,12,7,2,9,1,1,C03,7,8,1,10,2,12,,7,7,1,22,8,C03,120.652025,24.181786,2
2022,11,11,13,33,臺中市,南區,0,1,0,8,1,5,50,4,1,1,5,4,5,7,1,1,9,4,4,2,12,26,2,9,1,1,B03,7,8,1,8,2,1,,26,26,1,5,1,B03,120.683898,24.126383,2
2022,11,11,13,40,臺中市,大甲區,0,0,0,8,,,50,,,,,,,,,,,,,,,12,,,,,B12,,,1,,1,,,12,,1,9,,B12,120.62063,24.3537,3
2022,11,11,13,41,臺中市,西區,0,1,0,8,1,5,50,4,1,1,5,4,5,7,4,4,10,5,5,2,15,6,2,9,3,4,C03,7,9,1,10,2,12,,6,6,1,22,5,C03,120.658837,24.149033,2
2022,11,11,13,46,臺中市,清水區,0,0,0,8,,,40,,,,,,,,,,,,,,,23,,,,,B03,,,1,,2,,,23,,1,5,,B03,120.574765,24.267834,3
2022,11,11,13,47,臺中市,北區,0,0,0,8,,,50,,,,,,,,,,,,,,,12,,,,,B12,,,1,,1,,,12,,1,5,,B12,120.673189,24.171694,3
2022,11,11,13,55,臺中市,神岡區,0,0,0,8,,,50,,,,,,,,,,,,,,,42,,,,,B03,,,1,,2,,,42,,1,22,,B03,120.659158,24.276098,3
2022,11,11,13,57,臺中市,西屯區,0,2,0,8,1,5,50,14,9,1,5,4,5,7,4,4,7,5,5,2,1,43,2,9,1,1,C03,7,9,1,10,6,15,,43,43,1,22,8,C03,120.595237,24.170216,2
2022,11,11,13,58,臺中市,西屯區,0,0,0,8,,,50,,,,,,,,,,,,,,,23,,,,,B03,,,1,,11,,,23,,1,22,,B03,120.593312,24.183422,3
2022,11,11,14,0,臺中市,西區,0,0,0,8,,,30,,,,,,,,,,,,,,,18,,,,,C03,,,1,,9,,,18,,1,4,,C03,120.661174,24.150615,3
2022,11,11,14,7,臺中市,西屯區,0,0,0,8,,,50,,,,,,,,,,,,,,,23,,,,,B03,,,1,,1,,,23,,1,22,,B03,120.645781,24.163628,3
2022,11,11,14,17,臺中市,清水區,0,1,0,8,1,5,50,4,1,1,5,4,5,7,1,1,10,5,5,2,16,6,3,10,1,1,B03,7,6,1,8,2,5,,6,6,1,5,5,B03,120.564671,24.297215,2
2022,11,11,14,25,臺中市,西屯區,0,1,0,8,1,5,50,14,9,1,5,4,5,7,4,4,1,4,5,2,12,7,3,10,1,1,C03,7,8,1,10,2,12,,7,7,1,22,8,C03,120.655145,24.168865,2
2022,11,11,14,31,臺中市,西屯區,0,1,0,8,1,5,50,4,1,1,5,4,5,7,1,1,5,4,5,1,17,1,2,9,1,1,C02,7,4,1,9,1,14,,1,1,1,1,9,C02,120.607061,24.160136,2
2022,11,11,14,36,臺中市,西屯區,0,0,0,8,,,50,,,,,,,,,,,,,,,43,,,,,C03,,,7,,11,,,43,,1,22,,C03,120.650621,24.163908,3
2022,11,11,14,45,臺中市,神岡區,0,0,0,8,,,50,,,,,,,,,,,,,,,12,,,,,B12,,,1,,2,,,12,,1,22,,B12,120.661291,24.260208,3
2022,11,11,14,46,臺中市,西屯區,0,1,0,8,1,5,50,4,1,1,5,4,5,7,4,4,9,4,5,2,11,6,3,10,1,1,B03,7,5,1,8,2,1,,6,6,1,12,8,B03,120.645134,24.17765,2
2022,11,11,14,50,臺中市,南屯區,0,0,0,8,,,40,,,,,,,,,,,,,,,19,,,,,B03,,,1,,11,,,19,,1,4,,B03,120.647348,24.153511,3
2022,11,11,14,50,臺中市,太平區,0,0,0,8,,,30,,,,,,,,,,,,,,,12,,,,,A12,,,1,,2,,,12,,1,22,,A12,120.725794,24.142506,3
2022,11,11,14,59,臺中市,北區,0,1,0,8,1,5,50,4,2,1,5,4,5,7,1,1,1,4,4,2,16,6,3,10,1,1,B02,7,6,1,8,2,5,,6,6,1,21,8,B02,120.685725,24.155948,2
2022,11,11,15,6,臺中市,西屯區,0,0,0,8,,,60,,,,,,,,,,,,,,,16,,,,,C02,,,1,,1,,,16,,1,22,,C02,120.64967,24.162671,3
2022,11,11,15,13,臺中市,西區,0,0,0,8,,,30,,,,,,,,,,,,,,,17,,,,,B11,,,1,,2,,,17,,1,10,,B11,120.665847,24.147617,3
2022,11,11,15,16,臺中市,北區,0,1,0,8,1,5,40,3,1,1,5,4,5,7,4,4,10,5,5,2,12,6,3,10,3,4,B03,7,6,1,8,2,7,,6,6,1,5,8,B03,120.691676,24.156899,2
2022,11,11,15,16,臺中市,西屯區,0,0,0,8,,,50,,,,,,,,,,,,,,,42,,,,,B11,,,1,,1,,,42,,1,22,,B11,120.658733,24.164528,3
2022,11,11,15,23,臺中市,龍井區,0,0,0,8,,,60,,,,,,,,,,,,,,,23,,,,,B03,,,1,,2,,,23,,1,22,,B03,120.57571,24.177438,3
2022,11,11,15,23,臺中市,梧棲區,0,1,0,8,1,5,60,14,11,1,5,4,5,7,1,1,1,2,5,1,17,23,2,8,1,1,C03,7,9,1,10,2,11,,23,23,1,5,1,C03,120.53729,24.251908,2
2022,11,11,15,24,臺中市,西區,0,0,0,,,,30,,,,,,,,,,,,,,,42,,,,,C03,,,1,,2,,,42,,1,21,,C03,120.662168,24.15306,3
2022,11,11,15,30,臺中市,南屯區,0,0,0,,,,50,,,,,,,,,,,,,,,23,,,,,B03,,,1,,1,,,23,,1,4,,B03,120.64649,24.145271,3
2022,11,11,15,35,臺中市,西屯區,0,2,0,8,1,5,50,4,1,1,5,4,5,7,4,4,10,5,5,2,16,6,2,9,1,1,C03,7,5,1,10,2,12,,6,6,1,22,8,C03,120.633627,24.182369,2