年,月,日,時,分,縣市,區,死,受傷,2-30,天候,光線,道路類別,速限,道路型態,事故位置,路面鋪裝,路面狀態,路面缺陷,障礙物,視距,號誌種類,號誌動作,分向設施,快車道或一般車道間,快慢車道間,路面邊線,事故類型及型態,主要肇因,受傷程度,主要傷處,保護裝備,行動電話,當事者區分,車輛用途,當事者行動狀態,駕駛資格情形,駕駛執照種類,飲酒情形,車輛撞擊部位最初,車輛撞擊部位其他,肇事因素個別,肇事因素主要,肇事逃逸,職業,旅次目的,車種,GPS緯度,GPS經度,事故類別
2022,11,11,15,36,臺中市,沙鹿區,0,1,0,8,1,5,50,14,7,1,5,4,5,7,4,4,1,4,4,2,13,23,3,10,1,1,B03,7,9,1,8,2,1,,23,23,1,22,8,B03,120.568191,24.254408,2
2022,11,11,15,37,臺中市,潭子區,0,1,0,8,1,5,50,4,18,1,5,4,5,7,2,1,10,5,5,2,3,15,3,10,1,1,A05,7,5,1,2,2,4,,15,15,1,22,8,A05,120.710792,24.213104,2
2022,11,11,15,41,臺中市,北屯區,0,0,0,8,,,50,,,,,,,,,,,,,,,42,,,,,B03,,,3,,1,,,42,,1,5,,B03,120.69443,24.166153,3
2022,11,11,15,43,臺中市,北區,0,1,0,8,1,5,50,4,1,1,5,4,5,7,1,1,10,4,5,2,16,6,3,10,1,1,B03,7,5,1,8,2,7,,6,6,1,22,8,B03,120.670346,24.165118,2
2022,11,11,15,48,臺中市,北屯區,0,1,0,8,1,5,50,14,7,1,5,4,5,7,4,4,9,4,4,2,5,59,2,8,4,5,H01,8,20,8,20,10,16,,59,59,1,5,8,H01,120.686014,24.169238,2
2022,11,11,15,56,臺中市,北區,0,0,0,8,,,50,,,,,,,,,,,,,,,23,,,,,C03,,,1,,1,,,23,,1,22,,C03,120.66629,24.155848,3
2022,11,11,16,6,臺中市,南屯區,0,0,0,8,,,50,,,,,,,,,,,,,,,23,,,,,B03,,,1,,1,,,23,23,1,22,,B03,120.64975,24.140112,3
2022,11,11,16,9,臺中市,西區,0,0,0,,,,50,,,,,,,,,,,,,,,42,,,,,B03,,,1,,1,,,42,42,1,22,,B03,120.661573,24.160532,3
2022,11,11,16,10,臺中市,北區,0,0,0,8,,,30,,,,,,,,,,,,,,,18,,,,,B01,,,1,,11,,,18,18,1,21,,B01,120.691785,24.161928,3
2022,11,11,16,18,臺中市,南區,0,1,0,8,1,5,50,14,7,1,5,4,5,7,4,4,1,4,4,2,13,23,2,9,1,1,C03,7,9,1,10,2,11,,23,23,1,22,8,C03,120.677393,24.129857,2
2022,11,11,16,22,臺中市,南屯區,0,0,0,8,,,50,,,,,,,,,,,,,,,19,,,,,B03,,,1,,1,,,19,,1,4,,B03,120.632613,24.149629,3
2022,11,11,16,26,臺中市,北區,0,2,0,8,1,5,50,4,1,1,5,4,5,7,1,1,1,2,5,2,16,8,2,8,1,1,C03,7,5,3,18,2,13,,8,8,1,21,8,C03,120.667553,24.165158,2
2022,11,11,16,27,臺中市,北屯區,0,0,0,8,,,50,,,,,,,,,,,,,,,23,,,,,B03,,,1,8,9,,,23,23,2,21,,B03,120.67722,24.173827,3
2022,11,11,16,30,臺中市,北屯區,0,2,0,8,1,5,50,4,2,1,5,4,5,7,2,1,5,5,4,2,13,16,2,9,1,1,C03,7,9,1,10,2,11,,16,16,1,21,8,C03,120.722545,24.176118,2
2022,11,11,16,33,臺中市,東勢區,0,1,0,8,2,5,50,4,2,1,5,4,5,7,1,1,5,5,5,1,12,1,3,10,1,1,B12,7,9,1,8,2,2,,1,1,1,21,9,B12,120.840647,24.244896,2
2022,11,11,16,35,臺中市,南屯區,0,0,0,,,,80,,,,,,,,,,,,,,,7,,,,,A31,,,1,,1,,,7,,1,4,,A31,120.623073,24.149396,3
2022,11,11,16,35,臺中市,豐原區,0,0,0,8,,,50,,,,,,,,,,,,,,,16,,,,,B03,,,1,,2,,,16,16,1,22,,B03,120.717405,24.238823,3
2022,11,11,16,37,臺中市,東勢區,0,0,0,8,,,50,,,,,,,,,,,,,,,23,,,,,B03,,,1,,2,,,23,,1,9,,B03,120.833728,24.250986,3
2022,11,11,16,41,臺中市,北屯區,0,1,0,8,1,5,50,14,9,1,5,4,5,7,4,4,1,5,5,2,16,7,2,9,1,1,C03,7,7,1,10,2,14,12,7,7,1,5,8,C03,120.739458,24.1777,2
2022,11,11,16,45,臺中市,中區,0,0,0,8,,,50,,,,,,,,,,,,,,,4,,,,,B03,,,1,,2,,,4,,1,5,,B03,120.68274,24.141083,3
2022,11,11,16,53,臺中市,潭子區,0,0,0,8,,,60,,,,,,,,,,,,,,,23,,,,,B03,,,1,,2,,,23,,1,22,,B03,120.705589,24.216817,3
2022,11,11,16,58,臺中市,西區,0,0,0,,,,30,,,,,,,,,,,,,,,43,,,,,,,,,,,,,43,,1,,,,120.667049,24.131079,3
2022,11,11,16,58,臺中市,大甲區,0,1,0,8,1,5,50,14,9,1,5,4,5,7,4,4,9,5,5,2,26,23,2,9,2,1,B03,7,9,1,8,2,5,,23,23,1,9,1,B03,120.631343,24.430263,2
2022,11,11,16,59,臺中市,豐原區,0,1,0,8,1,5,50,14,13,1,5,4,5,7,4,4,1,5,5,1,16,6,3,10,3,4,B12,7,6,1,8,2,6,,6,6,1,19,8,B12,120.730195,24.254435,2
2022,11,11,17,0,臺中市,北區,0,1,0,8,2,5,50,4,1,1,5,4,5,7,1,1,10,5,5,2,16,43,3,10,3,4,B03,7,9,1,8,2,2,,43,43,1,5,8,B03,120.692251,24.161431,2
2022,11,11,17,6,臺中市,北屯區,0,2,0,8,3,5,50,4,1,1,5,4,5,7,4,4,10,5,5,2,17,6,2,7,1,1,C03,7,9,1,10,2,13,,6,6,1,5,8,C03,120.663304,24.19835,2
2022,11,11,17,7,臺中市,西屯區,0,0,0,8,,,50,,,,,,,,,,,,,,,23,,,,,B03,,,1,,1,,,23,,1,22,,B03,120.601968,24.159674,3
2022,11,11,17,8,臺中市,梧棲區,0,2,0,8,1,5,50,3,1,1,5,4,5,7,4,4,10,5,5,2,16,6,2,9,1,1,F01,7,5,8,20,2,16,,6,6,1,15,2,F01,120.527516,24.254878,2
2022,11,11,17,10,臺中市,清水區,0,0,0,8,,,60,,,,,,,,,,,,,,,7,,,,,A41,,,1,,1,,,7,,1,21,,A41,120.548243,24.278593,3
2022,11,11,17,10,臺中市,豐原區,0,0,0,8,,,30,,,,,,,,,,,,,,,23,,,,,B02,,,1,,2,,,23,,1,5,,B02,120.70739,24.237376,3
2022,11,11,17,11,臺中市,西區,0,0,0,8,,,50,,,,,,,,,,,,,,,23,,,,,B03,,,1,,2,,,23,,1,22,,B03,120.657743,24.154041,3
2022,11,11,17,11,臺中市,烏日區,0,1,0,8,1,5,50,11,9,1,5,4,5,7,4,4,10,5,5,2,12,17,3,10,1,1,B03,7,6,1,8,2,2,,17,17,1,21,8,B03,120.631382,24.108966,2
2022,11,11,17,14,臺中市,梧棲區,0,1,0,8,1,5,40,14,8,1,5,4,5,7,4,4,1,4,1,2,18,23,2,9,1,1,C03,7,9,1,10,2,14,,23,23,1,4,8,C03,120.528713,24.221709,2
2022,11,11,17,15,臺中市,南區,0,0,0,8,,,50,,,,,,,,,,,,,,,23,,,,,F01,,,8,,2,,,23,23,1,22,,F01,120.667088,24.117741,3
2022,11,11,17,15,臺中市,大甲區,0,1,0,8,3,5,50,3,1,1,5,4,5,7,4,4,10,5,5,2,16,6,3,10,1,1,B03,7,5,1,8,2,5,,6,6,1,5,8,B03,120.656093,24.395695,2
2022,11,11,17,17,臺中市,北屯區,0,0,0,8,,,40,,,,,,,,,,,,,,,23,,,,,B03,,,1,,1,,,23,,1,22,,B03,120.667323,24.201168,3
2022,11,11,17,18,臺中市,潭子區,0,1,0,8,1,5,50,4,1,1,5,4,5,7,1,1,1,5,5,1,16,23,3,10,1,1,B03,7,5,1,8,2,5,,23,23,1,22,9,B03,120.673552,24.205463,2
2022,11,11,17,18,臺中市,石岡區,0,0,0,8,3,5,70,14,9,1,5,4,5,7,2,1,1,5,5,1,13,23,,,,,B12,,,1,,2,,,23,,1,22,,B12,120.78166,24.27432,3
2022,11,11,17,25,臺中市,北屯區,0,0,0,8,,,50,,,,,,,,,,,,,,,23,,,,,B03,,,1,,1,,,23,,1,22,,B03,120.682656,24.183683,3
2022,11,11,17,25,臺中市,北屯區,0,0,0,8,,,50,,,,,,,,,,,,,,,23,,,,,B03,,,1,,2,,,23,,1,21,,B03,120.692358,24.172036,3
2022,11,11,17,26,臺中市,南屯區,0,0,0,8,,,50,,,,,,,,,,,,,,,43,,,,,B03,,,1,,1,,,43,,1,22,,B03,120.619505,24.153299,3
2022,11,11,17,26,臺中市,北屯區,0,0,0,8,,,50,,,,,,,,,,,,,,,23,,,,,B03,,,1,8,1,,,23,23,1,21,,B03,120.698648,24.164929,3
2022,11,11,17,29,臺中市,大里區,0,0,0,8,,,40,,,,,,,,,,,,,,,42,,,,,B03,,,1,,2,,,42,,1,22,,B03,120.681821,24.106588,3
2022,11,11,17,30,臺中市,大雅區,0,0,0,8,,,30,,,,,,,,,,,,,,,6,,,,,C03,,,1,,2,,,6,,1,22,,C03,120.623551,24.236747,3
2022,11,11,17,30,臺中市,北區,0,2,0,8,2,5,50,4,1,1,5,4,5,7,2,1,10,5,5,2,17,3,2,9,1,1,C03,7,9,1,10,2,12,,3,3,1,22,9,C03,120.682089,24.154584,2
2022,11,11,17,31,臺中市,西屯區,0,0,0,8,,,50,,,,,,,,,,,,,,,42,,,,,C03,,,1,,1,,,42,42,1,22,,C03,120.661414,24.165008,3
2022,11,11,17,31,臺中市,龍井區,0,0,0,8,,,60,,,,,,,,,,,,,,,42,,,,,B03,,,1,,11,,,42,,1,22,,B03,120.573718,24.185444,3
2022,11,11,17,33,臺中市,梧棲區,0,1,0,8,3,5,40,14,8,1,5,4,5,7,4,4,1,4,5,1,18,42,2,9,1,1,C03,7,9,1,10,2,14,,42,42,1,3,1,C03,120.521123,24.245292,2
2022,11,11,17,37,臺中市,北屯區,0,0,0,8,,,50,,,,,,,,,,,,,,,6,,,,,B12,,,1,,1,,,6,6,1,5,,B12,120.71972,24.162451,3
2022,11,11,17,41,臺中市,北區,0,1,0,8,3,5,50,4,1,1,5,4,5,7,1,1,1,4,5,2,16,6,3,10,1,1,B03,7,6,1,8,2,5,,6,6,1,21,8,B03,120.685695,24.143194,2
2022,11,11,17,43,臺中市,南屯區,0,0,0,8,,,50,,,,,,,,,,,,,,,17,,,,,B03,,,1,,1,,,17,,1,22,,B03,120.62087,24.139986,3
2022,11,11,17,44,臺中市,南區,0,1,0,8,3,5,50,4,1,1,5,4,5,7,2,1,5,4,5,2,16,6,3,10,1,1,B03,7,5,1,10,2,5,,6,6,1,21,8,B03,120.662473,24.127442,2
2022,11,11,17,45,臺中市,豐原區,0,0,0,8,,,50,,,,,,,,,,,,,,,17,,,,,C03,,,1,,2,,,17,17,1,22,,C03,120.711258,24.238558,3
2022,11,11,17,46,臺中市,北區,0,1,0,8,3,5,50,4,1,1,5,4,5,7,2,1,1,2,4,2,3,51,2,8,4,5,H01,8,16,8,20,10,16,,51,51,1,21,8,H01,120.688317,24.156608,2
2022,11,11,17,46,臺中市,龍井區,0,0,0,8,,,60,,,,,,,,,,,,,,,23,,,,,B03,,,1,,2,,,23,,1,22,,B03,120.519208,24.197445,3
2022,11,11,17,47,臺中市,龍井區,0,1,0,8,3,5,50,3,2,1,5,4,5,7,4,4,5,5,4,2,17,10,2,9,3,4,C03,7,9,1,10,2,11,,23,10,1,22,9,C03,120.586996,24.181367,2
2022,11,11,17,49,臺中市,東區,0,0,0,8,3,5,50,4,1,1,5,4,5,7,2,1,5,4,4,2,14,12,3,10,1,1,B03,7,9,1,8,2,7,,44,12,1,21,8,B03,120.710567,24.149639,3
2022,11,11,17,49,臺中市,北屯區,0,0,0,8,,,80,,,,,,,,,,,,,,,7,,,,,B03,,,1,,1,,,7,,1,22,,B03,120.718933,24.163375,3
2022,11,11,17,50,臺中市,北區,0,0,0,,,,50,,,,,,,,,,,,,,,23,,,,,B03,,,1,,2,,,23,,1,5,,B03,120.68161,24.154909,3
2022,11,11,17,50,臺中市,西屯區,0,0,0,8,,,50,,,,,,,,,,,,,,,23,,,,,B03,,,1,,1,,,23,,1,22,,B03,120.639538,24.174808,3
2022,11,11,17,51,臺中市,沙鹿區,0,2,0,8,3,5,50,4,1,1,5,4,5,7,4,4,10,5,5,2,17,6,2,9,1,1,C03,7,9,1,10,2,14,,6,6,1,4,1,C03,120.570169,24.229732,2
2022,11,11,17,52,臺中市,烏日區,0,0,0,8,3,5,50,14,9,1,5,4,5,7,4,4,5,4,5,1,13,23,3,10,3,4,B03,7,9,1,8,2,1,,23,23,1,21,9,B03,120.644359,24.086277,3
2022,11,11,17,53,臺中市,外埔區,0,1,0,8,3,5,50,3,2,1,5,4,5,7,4,4,10,3,4,1,16,9,3,10,1,1,B03,7,6,1,8,2,5,,9,9,1,22,8,B03,120.637906,24.3423,2
2022,11,11,17,54,臺中市,北屯區,0,2,0,8,3,5,50,14,9,1,5,4,5,7,4,4,5,5,5,2,13,23,2,7,1,1,C03,7,9,1,10,1,11,,23,23,1,21,8,C03,120.704991,24.168951,2
2022,11,11,17,55,臺中市,沙鹿區,0,3,0,8,3,5,40,3,8,1,5,4,5,7,4,4,1,4,2,1,17,42,2,9,1,1,C03,7,15,1,10,2,11,,42,42,1,22,8,C03,120.58021,24.220018,2
2022,11,11,17,56,臺中市,西屯區,0,1,0,8,3,5,50,4,9,1,5,4,5,7,4,4,4,5,5,2,16,6,3,10,1,1,C03,7,5,1,10,2,12,,6,6,1,22,8,C03,120.657415,24.165117,2
2022,11,11,17,56,臺中市,大肚區,0,1,0,8,2,5,70,14,13,1,5,4,5,7,4,4,1,4,4,1,18,23,2,9,1,1,C03,7,9,3,18,8,12,,23,23,1,20,9,C03,120.55404,24.133353,2
2022,11,11,17,58,臺中市,北屯區,0,1,0,8,3,5,50,14,9,1,5,4,5,7,4,4,1,4,5,2,13,26,2,9,1,1,F01,7,9,8,20,2,16,,26,26,1,15,8,F01,120.685668,24.180358,2
2022,11,11,18,0,臺中市,南區,0,1,0,8,3,5,50,3,1,1,5,4,5,7,4,4,3,5,5,2,16,6,3,10,1,1,B03,7,6,1,8,2,2,5,6,6,1,21,8,B03,120.678032,24.12868,2
2022,11,11,18,0,臺中市,烏日區,0,0,0,8,,,60,,,,,,,,,,,,,,,10,,,,,B01,,,1,,2,,,10,10,1,21,,B01,120.614145,24.106731,3
2022,11,11,18,0,臺中市,龍井區,0,0,0,8,,,60,,,,,,,,,,,,,,,43,,,,,B02,,,1,,2,,,43,,1,22,,B02,120.573425,24.187025,3
2022,11,11,18,1,臺中市,大肚區,0,1,0,8,3,5,50,14,8,1,5,4,5,7,4,4,1,4,4,1,17,7,3,10,1,1,B12,7,8,1,5,2,6,,7,7,1,12,8,B12,120.568705,24.121532,2
2022,11,11,18,1,臺中市,豐原區,0,2,0,8,3,5,50,3,1,1,5,4,5,7,1,1,5,5,5,2,16,27,2,8,1,1,C03,7,5,1,9,2,13,,27,27,1,9,8,C03,120.707345,24.247413,2
2022,11,11,18,2,臺中市,北屯區,0,1,0,8,3,5,50,3,1,1,5,4,5,7,1,1,10,5,5,2,12,7,3,10,1,1,B03,7,8,1,8,2,2,,7,7,1,22,8,B03,120.695356,24.167016,2
2022,11,11,18,3,臺中市,北區,0,0,0,8,,,50,,,,,,,,,,,,,,,26,,,,,C03,,,1,,2,,,26,,1,22,,C03,120.696198,24.161033,3
2022,11,11,18,3,臺中市,北屯區,0,1,0,8,3,5,60,14,7,1,5,4,5,7,4,4,1,4,4,1,13,42,2,9,1,1,C03,7,9,1,10,2,11,,44,42,1,21,8,C03,120.712688,24.164464,2
2022,11,11,18,4,臺中市,太平區,0,0,0,8,,,50,,,,,,,,,,,,,,,18,,,,,B03,,,1,,2,,,18,,1,22,,B03,120.719873,24.15812,3
2022,11,11,18,5,臺中市,西屯區,0,0,0,,,,50,,,,,,,,,,,,,,,7,,,,,B03,,,1,,1,,,7,,1,22,,B03,120.624997,24.196676,3
2022,11,11,18,7,臺中市,后里區,0,1,0,8,1,5,50,5,1,1,5,4,5,7,1,1,10,5,5,2,12,9,3,10,1,1,B03,7,6,1,8,2,6,,9,9,1,4,5,B03,120.722038,24.304248,2
2022,11,11,18,8,臺中市,西區,0,1,0,8,3,5,40,4,8,1,5,4,5,7,1,1,10,4,3,2,13,16,2,8,1,1,C03,7,9,1,10,2,11,,16,16,1,22,8,C03,120.664208,24.154416,2
2022,11,11,18,8,臺中市,西區,0,1,0,8,3,5,50,14,8,1,5,4,5,7,4,4,3,4,4,2,17,38,3,10,1,1,B03,7,14,4,8,2,4,,38,38,1,4,8,B03,120.67422,24.147885,2
2022,11,11,18,10,臺中市,大甲區,0,2,0,8,3,5,30,4,1,1,5,4,5,7,4,4,10,5,5,2,15,6,2,8,1,1,C03,7,9,1,10,2,12,,6,6,1,20,8,C03,120.615761,24.34751,2
2022,11,11,18,11,臺中市,東區,0,1,0,7,3,5,50,3,2,1,5,4,5,7,4,4,10,5,5,2,13,16,2,9,1,1,C03,7,9,1,10,2,11,,16,16,1,22,8,C03,120.707028,24.136411,2
2022,11,11,18,12,臺中市,西屯區,0,1,0,8,3,5,50,3,1,1,5,4,5,7,1,1,10,5,5,2,16,6,3,10,3,4,B03,7,5,1,8,2,5,,6,6,1,22,8,B03,120.641536,24.162748,2
2022,11,11,18,12,臺中市,清水區,0,2,0,8,2,5,50,4,1,1,5,4,5,7,4,4,10,5,5,2,15,6,2,9,1,1,C03,7,9,1,10,2,11,,6,6,1,5,5,C03,120.558378,24.275254,2
2022,11,11,18,16,臺中市,南區,0,0,0,8,,,40,,,,,,,,,,,,,,,17,,,,,B03,,,1,,2,,,17,17,1,22,,B03,120.651631,24.119205,3
2022,11,11,18,17,臺中市,西屯區,0,0,0,8,,,60,,,,,,,,,,,,,,,16,,,,,B03,,,1,,1,,,16,,1,22,,B03,120.628398,24.172507,3
2022,11,11,18,18,臺中市,太平區,0,1,0,8,3,5,50,4,1,1,5,4,5,7,1,1,5,4,5,2,12,1,3,10,1,1,B03,7,9,1,8,2,5,,1,1,1,21,8,B03,120.708391,24.128395,2
2022,11,11,18,21,臺中市,西區,0,0,0,8,,,50,,,,,,,,,,,,,,,12,,,,,C03,,,1,,9,,,12,,1,2,,C03,120.655187,24.147382,3
2022,11,11,18,23,臺中市,南區,0,0,0,8,,,40,,,,,,,,,,,,,,,12,,,,,C03,,,1,,1,,,12,12,1,22,,C03,120.674714,24.126969,3
2022,11,11,18,25,臺中市,西屯區,0,0,0,,,,80,,,,,,,,,,,,,,,7,,,,,B03,,,1,,1,,,7,,1,22,,B03,120.634948,24.179291,3
2022,11,11,18,25,臺中市,龍井區,0,1,0,8,3,5,30,4,1,1,5,4,5,7,4,4,10,5,5,2,17,6,3,10,3,4,C03,7,9,1,10,2,13,,6,6,1,22,9,C03,120.597483,24.189035,2
2022,11,11,18,26,臺中市,西屯區,0,0,0,8,,,50,,,,,,,,,,,,,,,7,,,,,B03,,,1,,2,,,7,,1,22,,B03,120.648805,24.167125,3
2022,11,11,18,26,臺中市,龍井區,0,0,0,8,,,60,,,,,,,,,,,,,,,7,,,,,B03,,,1,,2,,,7,,1,22,,B03,120.577805,24.186476,3
2022,11,11,18,30,臺中市,西屯區,0,0,0,8,,,80,,,,,,,,,,,,,,,7,,,,,B02,,,1,,1,,,7,,1,4,,B02,120.634256,24.176844,3
2022,11,11,18,32,臺中市,西區,0,0,0,8,,,50,,,,,,,,,,,,,,,23,,,,,B03,,,1,,2,,,23,,1,22,,B03,120.653539,24.146727,3
2022,11,11,18,36,臺中市,烏日區,0,2,0,8,3,5,50,4,2,1,5,4,5,7,1,1,1,4,5,1,16,44,2,9,1,1,C03,7,4,1,10,2,11,,44,44,1,21,8,C03,120.61574,24.105786,2
2022,11,11,18,39,臺中市,西區,0,0,0,8,,,50,,,,,,,,,,,,,,,23,,,,,B03,,,1,,1,,,23,,1,4,,B03,120.655527,24.148976,3
2022,11,11,18,39,臺中市,烏日區,0,0,0,8,3,5,50,14,13,1,5,4,5,7,4,4,5,4,5,1,14,12,,,,,B03,,,1,,2,,,12,,1,21,,B03,120.643068,24.077939,3
2022,11,11,18,40,臺中市,西區,0,1,0,8,3,5,50,14,9,1,5,4,5,7,4,4,5,5,5,2,1,23,3,10,1,1,B03,7,9,1,8,2,2,,23,23,1,5,9,B03,120.657968,24.141582,2
2022,11,11,18,40,臺中市,梧棲區,0,0,0,,,,50,,,,,,,,,,,,,,,12,,,,,B03,,,1,,1,,,12,,1,4,,B03,120.543518,24.24343,3
2022,11,11,18,43,臺中市,北屯區,0,0,0,8,,,50,,,,,,,,,,,,,,,26,,,,,C03,,,1,,9,,,26,,1,21,,C03,120.696317,24.167872,3
2022,11,11,18,44,臺中市,南屯區,0,0,0,8,,,40,,,,,,,,,,,,,,,17,,,,,B03,,,1,,1,,,17,,1,22,,B03,120.623554,24.148739,3
2022,11,11,18,45,臺中市,大里區,0,2,0,8,3,5,50,4,1,1,5,4,5,7,1,1,10,5,5,2,16,8,2,9,2,1,F01,7,5,8,20,2,16,,8,8,1,9,5,F01,120.674855,24.107841,2
2022,11,11,18,45,臺中市,龍井區,0,0,0,8,,,30,,,,,,,,,,,,,,,6,,,,,B03,,,1,,2,,,6,,1,4,,B03,120.54659,24.217736,3
2022,11,11,18,46,臺中市,豐原區,0,2,0,8,1,5,30,4,1,1,5,4,5,7,1,1,8,3,4,1,16,8,2,9,1,1,C03,7,5,1,10,2,12,,8,8,1,22,5,C03,120.718591,24.25181,2
2022,11,11,18,48,臺中市,北屯區,0,0,0,8,,,30,,,,,,,,,,,,,,,17,,,,,B12,,,1,,2,,,17,,1,5,,B12,120.70192,24.167902,3
2022,11,11,18,53,臺中市,沙鹿區,0,1,0,8,3,5,50,14,9,1,5,4,5,7,4,4,5,4,4,2,13,23,2,8,1,1,C03,7,9,1,10,2,11,,23,23,1,5,1,C03,120.579447,24.219769,2
2022,11,11,19,3,臺中市,烏日區,0,1,0,8,3,5,60,14,9,1,5,4,5,7,2,1,1,3,5,1,16,23,3,10,1,1,B12,7,13,1,8,2,2,6,44,7,1,22,9,B12,120.613871,24.10672,2
2022,11,11,19,10,臺中市,東區,0,2,0,7,3,5,40,4,1,1,5,4,5,7,1,1,10,5,5,2,16,8,2,9,1,1,C03,7,5,1,10,2,14,,8,8,1,22,8,C03,120.697677,24.150765,2
2022,11,11,19,10,臺中市,北屯區,0,0,0,8,,,80,,,,,,,,,,,,,,,16,,,,,B03,,,1,,2,,,16,16,1,5,,B03,120.720923,24.175566,3
2022,11,11,19,10,臺中市,沙鹿區,0,2,0,8,3,5,40,14,8,1,5,4,5,7,4,4,1,2,1,2,2,23,2,9,1,1,C03,7,9,1,10,2,11,,23,23,1,22,8,C03,120.570756,24.200159,2
2022,11,11,19,11,臺中市,南屯區,0,1,0,8,3,5,50,3,1,1,5,4,5,7,2,1,10,5,5,2,12,7,3,10,1,1,B03,7,8,1,8,2,5,,7,7,1,5,8,B03,120.640363,24.11713,2
2022,11,11,19,11,臺中市,神岡區,0,1,0,8,3,5,50,15,9,1,5,4,5,7,1,1,5,5,5,1,17,6,2,9,1,1,C03,7,5,1,10,2,13,,6,6,1,22,8,C03,120.676582,24.264155,2
2022,11,11,19,14,臺中市,太平區,0,0,0,8,,,50,,,,,,,,,,,,,,,18,,,,,B03,,,1,,1,,,18,,1,22,,B03,120.710153,24.127478,3
2022,11,11,19,28,臺中市,沙鹿區,0,2,0,8,3,5,50,4,1,1,5,4,5,7,4,4,10,5,5,2,15,6,2,9,1,1,C03,7,9,1,10,2,11,,6,6,1,18,7,C03,120.560555,24.237222,2
2022,11,11,19,30,臺中市,清水區,0,0,0,8,,,30,,,,,,,,,,,,,,,12,,,,,B03,,,1,,2,,,12,,1,5,,B03,120.540685,24.288613,3
2022,11,11,19,31,臺中市,東區,0,1,0,8,3,5,50,5,1,1,5,4,5,7,1,1,10,5,5,2,13,23,3,10,3,4,C03,7,9,1,10,2,11,,23,23,1,5,8,C03,120.690088,24.135821,2
2022,11,11,19,32,臺中市,南屯區,0,2,0,8,1,5,50,3,1,1,5,4,5,7,4,4,10,5,5,2,13,23,2,9,1,1,C03,7,12,1,10,2,11,,23,23,1,5,8,C03,120.636257,24.146089,2
2022,11,11,19,40,臺中市,后里區,0,1,0,8,3,5,50,4,1,1,5,4,5,7,1,1,1,2,5,1,16,6,3,10,1,1,B03,7,5,1,8,2,1,,6,6,1,21,8,B03,120.717563,24.321746,2
2022,11,11,19,42,臺中市,北屯區,0,1,0,8,3,5,50,4,1,1,5,4,5,7,2,1,10,5,5,2,16,6,3,10,1,1,B03,7,5,1,8,2,5,,6,6,1,22,8,B03,120.685661,24.177665,2
2022,11,11,19,43,臺中市,神岡區,0,1,0,8,3,5,50,3,1,1,5,4,5,7,4,4,5,5,5,1,17,6,3,10,1,1,C03,7,6,1,10,2,15,,6,6,1,21,8,C03,120.700335,24.251178,2
2022,11,11,19,46,臺中市,北屯區,0,1,0,8,3,5,50,3,1,1,5,4,5,7,4,4,10,5,5,2,1,23,3,10,1,1,B01,7,5,1,4,2,1,,23,23,1,21,8,B01,120.695482,24.165253,2
2022,11,11,19,55,臺中市,西區,0,1,0,8,3,5,50,4,2,1,5,4,5,7,1,1,5,5,5,2,17,42,2,9,3,4,C03,7,9,3,18,2,14,,42,42,1,22,5,C03,120.67298,24.150039,2
2022,11,11,19,58,臺中市,太平區,0,1,0,8,3,5,50,14,7,1,5,4,5,7,4,4,5,5,4,2,17,42,2,9,1,1,C03,7,9,1,10,2,14,,42,42,1,18,5,C03,120.725336,24.149711,2
2022,11,11,19,58,臺中市,龍井區,0,0,0,8,,,50,,,,,,,,,,,,,,,23,,,,,B02,,,1,,2,,,23,,1,22,,B02,120.592892,24.182473,3
2022,11,11,20,0,臺中市,南屯區,0,1,0,8,3,5,50,5,1,1,5,4,5,7,1,1,10,5,5,2,16,6,3,10,1,1,B03,7,5,1,8,2,6,,6,6,1,4,8,B03,120.628305,24.140206,2
2022,11,11,20,3,臺中市,北區,0,1,0,8,3,5,30,3,1,1,5,4,5,7,4,4,10,5,5,2,16,6,3,10,1,1,C03,7,5,3,18,11,11,,6,6,2,20,8,C03,120.687787,24.155639,2
2022,11,11,20,13,臺中市,南屯區,0,0,0,8,,,50,,,,,,,,,,,,,,,23,,,,,B03,,,1,,1,,,23,,1,22,,B03,120.651378,24.152289,3
2022,11,11,20,14,臺中市,中區,0,0,0,,,,50,,,,,,,,,,,,,,,23,,,,,B03,,,1,,1,,,23,,1,5,,B03,120.67729,24.145711,3
2022,11,11,20,15,臺中市,龍井區,0,0,0,8,,,30,,,,,,,,,,,,,,,43,,,,,B03,,,1,,11,,,43,,1,22,,B03,120.57851,24.181806,3
2022,11,11,20,24,臺中市,西屯區,0,0,0,8,,,40,,,,,,,,,,,,,,,19,,,,,B03,,,1,,1,,,19,,1,22,,B03,120.637638,24.180248,3
2022,11,11,20,30,臺中市,西區,0,1,0,8,3,5,50,4,1,1,5,4,5,7,2,1,10,5,5,2,16,6,3,10,1,1,B03,7,6,1,8,2,6,,6,6,1,4,8,B03,120.674271,24.148307,2
2022,11,11,20,36,臺中市,大甲區,0,2,0,8,3,5,30,14,9,1,5,4,5,7,4,4,10,5,5,2,10,23,2,9,1,1,C03,7,9,1,10,2,11,,23,23,1,22,1,C03,120.64806,24.389611,2