年,月,日,時,分,縣市,區,死,受傷,2-30,天候,光線,道路類別,速限,道路型態,事故位置,路面鋪裝,路面狀態,路面缺陷,障礙物,視距,號誌種類,號誌動作,分向設施,快車道或一般車道間,快慢車道間,路面邊線,事故類型及型態,主要肇因,受傷程度,主要傷處,保護裝備,行動電話,當事者區分,車輛用途,當事者行動狀態,駕駛資格情形,駕駛執照種類,飲酒情形,車輛撞擊部位最初,車輛撞擊部位其他,肇事因素個別,肇事因素主要,肇事逃逸,職業,旅次目的,車種,GPS緯度,GPS經度,事故類別
2022,11,13,20,20,臺中市,烏日區,0,1,0,8,3,5,70,4,1,1,5,4,5,7,2,1,1,3,5,2,16,9,3,10,1,1,B12,7,6,1,8,2,2,,9,9,1,22,9,B12,120.614208,24.106694,2
2022,11,13,20,20,臺中市,外埔區,0,0,0,8,,,50,,,,,,,,,,,,,,,7,,,,,B03,,,1,,2,,,7,7,1,21,,B03,120.639968,24.340123,3
2022,11,13,20,21,臺中市,中區,0,2,0,8,3,5,40,4,1,1,5,4,5,7,1,1,10,5,5,2,17,42,3,10,3,4,C03,7,6,3,18,6,15,,42,42,1,21,8,C03,120.678815,24.147178,2
2022,11,13,20,23,臺中市,豐原區,0,1,0,8,3,5,50,5,1,1,5,4,5,7,1,1,10,5,5,2,16,6,2,9,2,4,F01,7,5,8,20,8,16,,6,6,1,22,8,F01,120.711441,24.246358,2
2022,11,13,20,24,臺中市,南屯區,0,2,0,8,3,5,50,3,1,1,5,4,5,7,4,4,5,5,5,2,12,10,3,10,3,4,B03,7,11,1,8,2,4,,10,10,1,22,8,B03,120.643187,24.13209,2
2022,11,13,20,25,臺中市,南區,0,0,0,8,,,50,,,,,,,,,,,,,,,44,,,,,B03,,,1,,11,,,44,,1,22,,B03,120.655227,24.120288,3
2022,11,13,20,28,臺中市,西屯區,0,0,0,8,,,50,,,,,,,,,,,,,,,12,,,,,B03,,,1,,1,,,12,,1,22,,B03,120.644317,24.182954,3
2022,11,13,20,32,臺中市,東區,0,0,0,8,,,50,,,,,,,,,,,,,,,6,,,,,B03,,,1,8,2,,,6,6,1,21,,B03,120.701008,24.144601,3
2022,11,13,20,34,臺中市,西區,0,1,0,8,3,5,50,4,1,1,5,4,5,7,1,1,10,5,5,2,12,6,3,10,1,1,B03,7,6,1,8,2,2,,6,6,1,22,9,B03,120.675855,24.133176,2
2022,11,13,20,35,臺中市,南屯區,0,0,0,8,,,50,,,,,,,,,,,,,,,26,,,,,B02,,,1,8,1,,,26,26,1,12,,B02,120.620117,24.126341,3
2022,11,13,20,40,臺中市,大甲區,0,0,0,,,,50,,,,,,,,,,,,,,,18,,,,,B03,,,1,,2,,,18,,1,22,,B03,120.620673,24.349497,3
2022,11,13,20,47,臺中市,北區,0,1,0,8,3,5,50,4,1,1,5,4,5,7,4,4,10,5,5,2,18,43,2,9,1,1,C03,7,5,1,10,2,15,,43,43,1,18,8,C03,120.689846,24.155882,2
2022,11,13,20,49,臺中市,北屯區,0,1,0,8,3,5,50,4,1,1,5,4,5,7,2,1,10,5,5,2,16,8,3,10,1,1,B03,7,5,1,8,2,6,,8,8,1,22,8,B03,120.673374,24.190388,2
2022,11,13,20,49,臺中市,霧峰區,0,0,0,8,,,50,,,,,,,,,,,,,,,12,,,,,B03,,,1,,2,,,44,67,1,3,,B03,120.699688,24.070671,3
2022,11,13,21,0,臺中市,西屯區,0,1,0,8,3,5,50,4,1,1,5,4,5,7,1,1,10,5,5,2,16,8,3,10,3,4,B03,7,5,1,8,2,8,,8,8,1,22,8,B03,120.653848,24.1575,2
2022,11,13,21,5,臺中市,沙鹿區,0,1,0,8,3,5,50,14,7,1,5,4,5,7,4,4,4,5,5,2,16,7,3,10,1,1,C03,7,7,1,10,2,13,,7,7,1,5,5,C03,120.575272,24.226415,2
2022,11,13,21,15,臺中市,烏日區,0,0,0,,,,70,,,,,,,,,,,,,,,16,,,,,B03,,,1,,9,,,16,,1,21,,B03,120.590013,24.113621,3
2022,11,13,21,18,臺中市,南屯區,0,0,0,8,,,50,,,,,,,,,,,,,,,7,,,,,B12,,,1,,1,,,7,,1,5,,B12,120.622229,24.15018,3
2022,11,13,21,25,臺中市,豐原區,0,1,0,8,3,5,50,14,9,1,5,4,5,7,4,4,5,5,5,2,17,19,3,10,1,1,B02,7,1,1,8,2,8,,19,19,1,22,8,B02,120.718795,24.252552,2
2022,11,13,21,33,臺中市,北屯區,0,0,0,,,,50,,,,,,,,,,,,,,,18,,,,,B03,,,1,8,9,,,18,23,2,21,,B03,120.710309,24.171725,3
2022,11,13,21,48,臺中市,后里區,0,0,0,8,,,50,,,,,,,,,,,,,,,23,,,,,B03,,,1,,1,,,23,,1,21,,B03,120.718281,24.302426,3
2022,11,13,21,52,臺中市,西屯區,0,0,0,8,,,30,,,,,,,,,,,,,,,12,,,,,B03,,,1,,1,,,12,,1,22,,B03,120.647541,24.182855,3
2022,11,13,21,56,臺中市,龍井區,0,0,0,8,,,30,,,,,,,,,,,,,,,12,,,,,B12,,,1,,2,,,12,,1,22,,B12,120.59125,24.182772,3
2022,11,13,22,6,臺中市,東區,0,1,0,7,3,5,40,4,1,1,5,4,5,7,1,1,10,5,5,2,16,6,3,10,1,1,B03,7,6,1,8,2,5,,6,6,1,22,8,B03,120.695061,24.136935,2
2022,11,13,22,8,臺中市,神岡區,0,0,0,8,,,30,,,,,,,,,,,,,,,12,,,,,B02,,,1,,1,,,12,,1,22,,B02,120.679544,24.242308,3
2022,11,13,22,23,臺中市,西屯區,0,0,0,8,,,50,,,,,,,,,,,,,,,23,,,,,B03,,,1,,2,,,23,,1,22,,B03,120.624105,24.178671,3
2022,11,13,22,27,臺中市,北區,0,1,0,8,3,5,50,4,1,1,5,4,5,7,1,1,5,4,5,2,16,9,3,10,1,1,B03,7,6,1,8,2,2,,9,9,1,5,8,B03,120.682583,24.153366,2
2022,11,13,22,52,臺中市,后里區,0,1,0,8,3,5,50,14,9,1,5,4,5,7,4,4,5,3,5,2,13,23,2,9,1,1,C03,7,9,1,10,2,11,,23,23,1,4,8,C03,120.718281,24.302426,2
2022,11,13,23,22,臺中市,南區,0,1,0,8,3,5,50,4,1,1,5,4,5,7,1,1,10,5,5,2,17,6,3,10,1,1,B02,7,6,1,10,2,6,,6,6,1,22,8,B02,120.679112,24.126961,2
2022,11,14,0,4,臺中市,沙鹿區,0,0,0,8,,,40,,,,,,,,,,,,,,,67,,,,,,,,,,,,,67,,1,,,,120.580081,24.219697,3
2022,11,14,0,17,臺中市,北區,0,1,0,7,3,5,50,4,1,1,5,4,5,7,1,1,10,5,5,2,16,4,2,9,1,1,C03,7,5,1,10,2,13,,4,4,1,5,8,C03,120.691825,24.160146,2
2022,11,14,0,22,臺中市,北區,0,0,0,8,,,30,,,,,,,,,,,,,,,23,,,,,B01,,,1,,2,,,23,,1,22,,B01,120.672829,24.170857,3
2022,11,14,0,55,臺中市,西屯區,0,1,0,8,3,5,50,14,9,1,5,4,5,7,4,4,5,4,5,2,16,19,3,10,1,1,B03,7,1,1,8,2,1,,19,19,1,4,8,B03,120.65115,24.157755,2
2022,11,14,1,14,臺中市,西區,0,0,0,8,,,50,,,,,,,,,,,,,,,26,,,,,B03,,,1,,1,,,26,,1,22,,B03,120.670492,24.153412,3
2022,11,14,1,25,臺中市,霧峰區,0,0,0,8,,,40,,,,,,,,,,,,,,,12,,,,,B03,,,1,,2,,,12,12,1,4,,B03,120.661826,24.069947,3
2022,11,14,1,47,臺中市,中區,0,0,0,8,,,50,,,,,,,,,,,,,,,7,,,,,B03,,,1,,2,,,7,,1,22,,B03,120.682472,24.143958,3
2022,11,14,2,52,臺中市,神岡區,0,0,0,8,,,30,,,,,,,,,,,,,,,12,,,,,B03,,,1,,1,,,12,,1,22,,B03,120.685307,24.247752,3
2022,11,14,3,15,臺中市,西屯區,0,0,0,8,,,50,,,,,,,,,,,,,,,12,,,,,B12,,,1,,2,,,12,,1,22,,B12,120.616783,24.181775,3
2022,11,14,5,48,臺中市,清水區,0,2,0,8,2,5,50,14,7,1,5,4,5,7,3,1,1,2,4,2,12,4,2,9,1,1,C03,7,11,1,10,2,12,,4,4,1,4,1,C03,120.577156,24.273741,2
2022,11,14,6,47,臺中市,西屯區,0,1,0,8,2,5,40,4,1,1,5,4,5,7,1,1,10,5,5,2,17,7,3,10,1,1,B03,7,8,1,8,2,15,,7,7,1,4,8,B03,120.656065,24.159322,2
2022,11,14,6,57,臺中市,北屯區,0,0,0,8,,,50,,,,,,,,,,,,,,,16,,,,,B03,,,1,,1,,,16,,1,5,,B03,120.686571,24.19563,3
2022,11,14,6,57,臺中市,西屯區,0,0,0,8,,,40,,,,,,,,,,,,,,,43,,,,,B03,,,1,,11,,,43,,1,22,,B03,120.642675,24.196603,3
2022,11,14,7,7,臺中市,烏日區,0,1,0,8,1,5,50,4,2,1,5,4,5,7,1,1,9,2,5,1,16,7,2,9,1,1,C03,7,7,1,10,8,14,,7,7,1,22,8,C03,120.629316,24.101295,2
2022,11,14,7,9,臺中市,太平區,0,1,0,8,1,5,50,3,1,1,5,4,5,7,2,1,10,5,5,2,16,19,2,8,1,1,C03,7,1,1,10,2,14,,19,19,1,22,8,C03,120.713868,24.144587,2
2022,11,14,7,15,臺中市,大雅區,0,1,0,8,1,5,50,3,9,1,5,4,5,7,1,1,5,5,5,1,13,23,2,9,1,1,C03,7,14,1,8,2,11,,23,23,1,22,8,C03,120.647857,24.215958,2
2022,11,14,7,18,臺中市,東區,0,1,0,8,1,5,50,14,7,1,5,4,5,7,4,4,5,5,5,2,16,10,3,10,1,1,B03,7,11,3,18,2,8,,10,10,1,22,8,B03,120.704946,24.137925,2
2022,11,14,7,20,臺中市,后里區,0,0,0,8,1,5,50,5,2,1,5,4,5,7,2,1,10,5,5,2,12,6,,,,,B03,,,1,,2,,,6,,1,4,,B03,120.68039,24.311134,3
2022,11,14,7,21,臺中市,霧峰區,0,0,0,8,,,60,,,,,,,,,,,,,,,16,,,,,B12,,,3,,2,,,16,,1,21,,B12,120.664496,24.083159,3
2022,11,14,7,22,臺中市,西屯區,0,0,0,8,,,50,,,,,,,,,,,,,,,23,,,,,B03,,,1,,1,,,23,,1,22,,B03,120.635403,24.172392,3
2022,11,14,7,23,臺中市,西屯區,0,1,0,8,1,5,50,5,1,1,5,4,5,7,4,4,10,5,5,2,16,6,3,10,1,1,B03,7,9,1,8,2,5,,6,6,1,22,8,B03,120.619541,24.177233,2
2022,11,14,7,24,臺中市,西屯區,0,2,0,8,1,5,50,3,1,1,5,4,5,7,1,1,1,4,5,2,16,25,2,7,1,1,C03,7,9,6,10,1,11,,25,25,1,22,8,C03,120.654038,24.167953,2
2022,11,14,7,25,臺中市,太平區,0,0,0,8,,,50,,,,,,,,,,,,,,,16,,,,,B03,,,1,,2,,,16,,1,4,,B03,120.712444,24.144903,3
2022,11,14,7,26,臺中市,沙鹿區,0,1,0,8,1,5,60,3,2,1,5,4,5,7,4,4,3,3,3,1,17,44,2,9,3,4,C03,7,5,1,10,2,14,,8,44,1,22,8,C03,120.569686,24.239613,2
2022,11,14,7,28,臺中市,南區,0,1,0,8,1,5,50,4,1,1,5,4,5,7,2,1,5,5,5,2,16,6,3,10,1,1,B03,7,5,1,8,2,5,,6,6,1,3,5,B03,120.672948,24.131256,2
2022,11,14,7,29,臺中市,清水區,0,2,0,8,1,5,50,3,1,1,5,4,5,7,1,1,10,5,5,2,16,6,2,9,1,1,C03,7,9,1,10,2,11,,23,6,1,21,8,C03,120.545983,24.267357,2
2022,11,14,7,30,臺中市,東勢區,0,0,0,,,,50,,,,,,,,,,,,,,,19,,,,,B03,,,1,,2,,,19,19,1,22,,B03,120.79301,24.285465,3
2022,11,14,7,33,臺中市,南區,0,0,0,8,,,50,,,,,,,,,,,,,,,23,,,,,C03,,,1,,2,,,23,,1,5,,C03,120.650118,24.120638,3
2022,11,14,7,33,臺中市,南屯區,0,0,0,8,1,5,50,5,1,1,5,4,5,7,1,1,3,4,4,2,17,26,3,10,1,1,B03,7,8,1,8,2,5,,26,26,1,22,8,B03,120.637724,24.142453,3
2022,11,14,7,33,臺中市,大甲區,0,1,0,8,1,5,70,4,2,1,5,4,5,7,1,1,1,4,4,1,13,23,3,10,1,1,B03,7,9,1,8,1,1,,23,23,1,21,8,B03,120.648653,24.377023,2
2022,11,14,7,34,臺中市,南屯區,0,0,0,8,,,50,,,,,,,,,,,,,,,26,,,,,C03,,,1,,1,,,26,,1,22,,C03,120.638245,24.142279,3
2022,11,14,7,35,臺中市,豐原區,0,1,0,8,1,5,30,14,9,1,5,4,5,7,4,4,10,5,5,1,16,6,3,10,1,1,C03,7,5,1,10,2,11,,6,6,1,21,8,C03,120.720505,24.272621,2
2022,11,14,7,36,臺中市,東勢區,0,0,0,,,,30,,,,,,,,,,,,,,,6,,,,,B03,,,1,,1,,,6,6,1,22,,B03,120.833097,24.256621,3
2022,11,14,7,39,臺中市,沙鹿區,0,1,0,8,1,5,30,3,2,2,5,4,5,7,4,4,10,5,5,2,11,23,3,10,1,1,C01,7,9,1,9,2,14,,23,23,1,21,8,C01,120.590077,24.197565,2
2022,11,14,7,41,臺中市,西區,0,1,0,8,2,5,50,14,8,1,5,4,5,7,2,1,1,4,1,2,13,23,2,8,1,1,C03,7,9,1,10,2,14,,23,23,1,2,9,C03,120.658031,24.158197,2
2022,11,14,7,42,臺中市,豐原區,0,0,0,,,,60,,,,,,,,,,,,,,,18,,,,,B02,,,1,,2,,,18,,1,10,,B02,120.737247,24.257532,3
2022,11,14,7,45,臺中市,北區,0,1,0,8,1,5,50,4,1,1,5,4,5,7,4,4,5,5,5,2,16,6,3,10,1,1,C03,7,9,1,10,2,12,,6,6,1,5,5,C03,120.672068,24.167413,2
2022,11,14,7,45,臺中市,北區,0,0,0,8,,,40,,,,,,,,,,,,,,,19,,,,,B03,,,1,,1,,,19,,1,22,,B03,120.681417,24.159322,3
2022,11,14,7,45,臺中市,南屯區,0,0,0,,,,50,,,,,,,,,,,,,,,23,,,,,B03,,,1,,1,,,23,,1,22,,B03,120.652883,24.134288,3
2022,11,14,7,46,臺中市,烏日區,0,2,0,8,1,5,30,4,1,1,5,4,5,7,4,4,10,5,5,2,16,6,2,9,1,1,C03,7,9,1,10,2,12,,6,6,1,21,8,C03,120.642915,24.096142,2
2022,11,14,7,53,臺中市,北屯區,0,0,0,8,,,50,,,,,,,,,,,,,,,16,,,,,C03,,,1,,11,,,16,,1,22,,C03,120.664208,24.185463,3
2022,11,14,7,53,臺中市,西屯區,0,2,0,8,1,5,50,14,9,1,5,4,5,7,4,4,5,4,5,2,11,7,2,9,3,4,C03,7,8,1,10,2,12,,7,7,1,22,8,C03,120.62498,24.179143,2
2022,11,14,7,54,臺中市,北區,0,2,0,8,1,5,50,4,7,1,5,4,5,7,1,1,5,4,4,1,16,10,2,9,3,4,C03,7,11,1,10,2,14,,10,10,1,22,9,C03,120.692037,24.151645,2
2022,11,14,7,54,臺中市,北屯區,0,0,0,8,,,50,,,,,,,,,,,,,,,23,,,,,B03,,,1,,1,,,23,,1,21,,B03,120.657916,24.187001,3
2022,11,14,7,56,臺中市,豐原區,0,1,0,8,1,5,50,3,1,1,5,4,5,7,1,1,5,5,5,2,16,25,2,7,1,1,C03,7,5,1,10,2,11,,25,25,1,21,8,C03,120.745786,24.262633,2
2022,11,14,7,57,臺中市,沙鹿區,0,1,0,8,1,5,60,3,1,1,5,4,5,7,1,1,10,5,5,2,17,7,3,10,1,1,B03,7,8,1,8,2,2,,7,7,1,4,1,B03,120.580555,24.214722,2
2022,11,14,8,1,臺中市,烏日區,0,0,0,8,,,50,,,,,,,,,,,,,,,17,,,,,A41,,,1,,2,,,17,,1,21,,A41,120.644534,24.056532,3
2022,11,14,8,4,臺中市,東區,0,2,0,8,1,5,40,4,1,1,5,4,5,7,4,4,10,5,5,2,15,6,2,9,1,1,C03,7,9,1,10,2,11,,6,6,1,22,8,C03,120.689478,24.132066,2
2022,11,14,8,5,臺中市,大里區,0,0,0,8,,,50,,,,,,,,,,,,,,,23,,,,,B03,,,1,,2,,,23,,1,22,,B03,120.693212,24.100263,3
2022,11,14,8,7,臺中市,梧棲區,0,2,0,8,1,5,30,4,1,1,5,4,5,7,1,1,10,5,5,2,16,6,2,8,1,1,C03,7,5,1,10,2,11,,6,6,1,3,1,C03,120.535208,24.235871,2
2022,11,14,8,8,臺中市,東區,0,0,0,,,,50,,,,,,,,,,,,,,,6,,,,,C03,,,1,,2,,,6,,1,5,,C03,120.689266,24.144405,3
2022,11,14,8,9,臺中市,南區,0,1,0,8,1,5,40,14,7,1,5,4,5,7,4,4,3,4,4,2,12,7,2,9,1,1,C03,7,7,4,8,2,14,,7,7,1,12,5,C03,120.657066,24.116595,2
2022,11,14,8,14,臺中市,豐原區,0,2,0,8,1,5,50,14,7,1,5,4,5,7,4,4,5,4,4,2,13,23,2,8,1,1,C03,7,6,1,10,2,13,,23,23,1,21,8,C03,120.712958,24.249054,2
2022,11,14,8,17,臺中市,北區,0,1,0,8,1,5,50,4,1,1,5,4,5,7,1,1,1,4,4,2,16,25,3,10,1,1,B01,7,9,1,4,2,5,,25,25,1,5,5,B01,120.675718,24.159221,2
2022,11,14,8,18,臺中市,梧棲區,0,1,0,8,1,5,50,3,1,1,5,4,5,7,4,4,10,5,5,2,16,4,2,9,2,1,F03,7,9,8,20,2,16,,4,4,1,9,1,F03,120.537683,24.258305,2
2022,11,14,8,19,臺中市,南區,0,1,0,8,1,5,50,3,1,1,5,4,5,7,4,4,1,4,4,2,13,16,2,9,1,1,C03,7,9,1,10,2,11,,16,16,1,22,8,C03,120.68194,24.119381,2
2022,11,14,8,20,臺中市,大雅區,0,2,0,8,1,5,30,4,2,1,5,4,5,7,4,4,10,5,5,2,9,23,2,8,1,1,C03,7,9,1,10,2,14,,23,23,1,22,8,C03,120.664668,24.232264,2
2022,11,14,8,20,臺中市,龍井區,0,0,0,8,,,70,,,,,,,,,,,,,,,23,,,,,B03,,,1,,1,,,23,,1,22,,B03,120.587252,24.185523,3
2022,11,14,8,23,臺中市,西屯區,0,0,0,8,,,50,,,,,,,,,,,,,,,17,,,,,B03,,,1,,1,,,17,,1,22,,B03,120.61449,24.186671,3
2022,11,14,8,23,臺中市,西屯區,0,2,0,8,1,5,50,3,2,1,5,4,5,7,2,1,1,5,1,2,3,15,2,9,3,4,C03,7,5,3,18,2,11,,15,15,1,22,8,C03,120.603645,24.182281,2
2022,11,14,8,39,臺中市,南區,0,0,0,8,,,50,,,,,,,,,,,,,,,42,,,,,B12,,,1,,2,,,42,,1,5,,B12,120.656696,24.121651,3
2022,11,14,8,44,臺中市,烏日區,0,1,0,8,1,5,50,4,18,1,5,4,5,7,2,1,1,4,4,1,3,23,3,10,1,1,B03,7,5,1,8,2,1,8,23,23,1,21,8,B03,120.641831,24.108863,2
2022,11,14,8,47,臺中市,潭子區,0,0,0,,,,50,,,,,,,,,,,,,,,23,,,,,B03,,,1,,2,,,23,,1,22,,B03,120.700616,24.214152,3
2022,11,14,8,47,臺中市,東區,0,2,0,8,1,5,50,5,1,1,5,4,5,7,1,1,10,5,5,2,15,25,2,9,1,1,C03,7,9,1,10,2,12,,25,25,1,5,8,C03,120.689124,24.137089,2
2022,11,14,8,48,臺中市,東區,0,1,0,8,1,5,50,3,1,1,5,4,5,7,1,1,3,5,5,2,23,23,2,9,1,1,C03,7,9,1,10,2,14,,23,23,1,22,8,C03,120.693753,24.133034,2
2022,11,14,8,50,臺中市,南屯區,0,0,0,,,,40,,,,,,,,,,,,,,,23,,,,,B03,,,1,,1,,,23,,1,22,,B03,120.647479,24.133485,3
2022,11,14,9,4,臺中市,南區,0,0,0,8,,,50,,,,,,,,,,,,,,,23,,,,,B12,,,1,,2,,,23,,1,10,,B12,120.655477,24.115355,3
2022,11,14,9,5,臺中市,西區,0,0,0,8,,,50,,,,,,,,,,,,,,,23,,,,,B03,,,1,8,1,,,23,23,1,5,,B03,120.657261,24.139286,3
2022,11,14,9,7,臺中市,南屯區,0,0,0,8,,,50,,,,,,,,,,,,,,,12,,,,,B03,,,1,,1,,,12,,1,22,,B03,120.631326,24.142156,3
2022,11,14,9,10,臺中市,沙鹿區,0,2,0,8,1,5,50,4,2,1,5,4,5,7,4,4,8,3,5,1,17,23,2,9,3,4,C03,7,9,1,10,2,11,,23,23,1,22,8,C03,120.568711,24.256191,2
2022,11,14,9,11,臺中市,大里區,0,2,0,8,1,5,40,14,9,1,5,4,5,7,4,4,1,5,4,1,17,42,2,9,1,1,C03,7,9,1,10,2,11,,42,42,1,22,8,C03,120.68912,24.093388,2
2022,11,14,9,16,臺中市,北屯區,0,1,0,8,1,5,50,14,7,1,5,4,5,7,4,4,9,5,4,2,18,23,2,9,3,4,C03,7,9,1,10,2,12,,23,23,1,21,8,C03,120.663821,24.185653,2
2022,11,14,9,28,臺中市,太平區,0,0,0,8,,,50,,,,,,,,,,,,,,,12,,,,,B12,,,1,,2,,,12,,1,4,,B12,120.716213,24.149725,3
2022,11,14,9,32,臺中市,北區,0,1,0,8,1,5,50,14,9,1,5,4,5,7,4,4,1,4,5,2,17,42,3,10,1,1,A04,7,9,1,1,2,1,,42,42,1,22,8,A04,120.677097,24.152381,2
2022,11,14,9,40,臺中市,大雅區,0,1,0,8,1,5,50,14,13,1,5,4,5,7,4,4,5,5,4,1,26,23,2,9,1,1,C03,7,9,1,10,2,11,,23,23,1,22,8,C03,120.644724,24.210531,2
2022,11,14,9,45,臺中市,大雅區,0,0,0,8,,,50,,,,,,,,,,,,,,,12,,,,,B03,,,1,,2,,,12,,1,22,,B03,120.652885,24.228421,3
2022,11,14,9,50,臺中市,外埔區,0,1,0,8,1,5,50,3,2,1,5,4,5,7,4,4,4,4,5,2,16,14,3,10,1,1,B12,7,15,1,8,2,7,,14,23,1,4,8,B12,120.65734,24.329753,2
2022,11,14,9,50,臺中市,東勢區,0,1,0,8,1,5,50,14,9,1,5,4,5,7,4,4,5,5,5,1,17,19,2,8,3,4,B12,7,1,1,8,2,8,,19,19,1,22,8,B12,120.827486,24.258898,2
2022,11,14,9,54,臺中市,西屯區,0,2,0,8,1,5,50,3,1,1,5,4,5,7,1,1,1,4,5,2,16,7,2,9,1,1,C03,7,8,1,10,2,12,,7,7,1,22,8,C03,120.654038,24.167953,2
2022,11,14,9,57,臺中市,大甲區,0,1,0,8,1,5,50,4,1,1,5,4,5,7,4,4,10,5,5,2,15,6,2,8,1,1,C03,7,9,1,10,2,12,,6,6,1,21,8,C03,120.619393,24.352116,2
2022,11,14,9,59,臺中市,烏日區,0,0,0,8,1,5,50,4,2,1,5,4,5,7,1,1,9,4,5,1,13,16,,,,,B03,,,1,,2,,,16,,1,22,,B03,120.625741,24.110485,3
2022,11,14,10,1,臺中市,太平區,0,1,0,8,1,5,50,3,9,1,5,4,5,7,1,1,1,4,5,2,17,23,2,9,1,1,C03,7,9,1,10,2,11,,23,23,1,22,8,C03,120.719535,24.138194,2
2022,11,14,10,8,臺中市,龍井區,0,1,0,8,1,5,50,14,9,1,5,4,5,7,1,1,5,5,5,1,17,23,3,10,3,4,A04,7,9,1,2,2,6,,23,23,1,22,9,A04,120.584928,24.184141,2
2022,11,14,10,10,臺中市,神岡區,0,2,0,8,1,5,50,5,1,1,5,4,5,7,1,1,5,4,4,2,17,6,2,9,1,1,F01,7,5,8,20,2,16,,6,6,1,20,8,F01,120.688297,24.239963,2
2022,11,14,10,17,臺中市,中區,0,1,0,8,1,5,50,14,9,1,5,4,5,7,4,4,5,4,5,2,16,6,3,10,1,1,B03,7,6,1,8,2,2,,6,6,1,2,9,B03,120.678262,24.141134,2
2022,11,14,10,19,臺中市,南屯區,0,1,0,8,1,5,30,3,1,1,5,4,5,7,4,4,10,5,5,2,17,6,3,10,1,1,B11,7,6,1,2,2,4,,6,6,1,22,9,B11,120.604116,24.136171,2
2022,11,14,10,19,臺中市,西屯區,0,1,0,8,1,5,50,3,1,1,5,4,5,7,2,1,10,5,5,2,9,42,3,10,1,1,A04,7,12,1,2,2,15,,42,42,1,10,8,A04,120.609931,24.184871,2
2022,11,14,10,25,臺中市,南區,0,2,0,8,1,5,50,4,1,1,5,4,5,7,4,4,9,5,5,2,16,23,2,7,1,1,C03,7,9,1,10,2,11,12,6,23,1,5,1,C03,120.666428,24.122148,2
2022,11,14,10,25,臺中市,大里區,0,0,0,8,,,30,,,,,,,,,,,,,,,12,,,,,A11,,,1,,2,,,12,,1,21,,A11,120.677927,24.102602,3
2022,11,14,10,28,臺中市,豐原區,0,0,0,8,,,60,,,,,,,,,,,,,,,16,,,,,B03,,,1,,2,,,16,,1,21,,B03,120.703466,24.23822,3
2022,11,14,10,30,臺中市,南屯區,0,0,0,,,,40,,,,,,,,,,,,,,,12,,,,,A11,,,1,,2,,,12,,1,22,,A11,120.642875,24.141722,3
2022,11,14,10,31,臺中市,西區,0,1,0,8,1,5,50,14,9,1,5,4,5,7,4,4,5,5,5,2,17,40,3,10,1,1,B03,7,13,1,8,2,4,,40,40,1,4,5,B03,120.671578,24.138294,2
2022,11,14,10,36,臺中市,神岡區,0,0,0,8,,,30,,,,,,,,,,,,,,,12,,,,,B12,,,1,,2,,,12,,1,22,,B12,120.708853,24.26017,3
2022,11,14,10,42,臺中市,潭子區,0,1,0,8,1,5,60,3,1,1,5,4,5,7,1,1,1,4,5,1,12,17,2,9,1,1,C03,7,9,3,18,2,14,,17,17,1,22,8,C03,120.70392,24.202416,2
2022,11,14,10,45,臺中市,北屯區,0,1,0,8,1,5,50,4,1,1,5,4,5,7,1,1,10,5,5,2,17,26,3,10,1,1,C03,7,8,1,10,2,13,,26,26,1,21,8,C03,120.681316,24.172578,2
2022,11,14,10,45,臺中市,東勢區,0,0,0,8,,,50,,,,,,,,,,,,,,,23,,,,,B03,,,1,,2,,,23,,1,9,,B03,120.827685,24.258291,3
2022,11,14,10,50,臺中市,南區,0,2,0,8,1,5,50,4,1,1,5,4,5,7,1,1,10,5,5,2,12,7,2,9,1,1,C04,7,8,1,10,2,12,,7,7,1,22,8,C04,120.658741,24.1172,2
2022,11,14,10,50,臺中市,南屯區,0,0,0,8,,,30,,,,,,,,,,,,,,,12,,,,,B03,,,1,,2,,,12,,1,22,,B03,120.620028,24.15864,3
2022,11,14,10,53,臺中市,西區,0,2,0,8,1,5,50,4,2,1,5,4,5,7,1,1,5,2,5,2,13,16,2,8,1,1,C03,7,9,1,10,2,11,,16,16,1,21,8,C03,120.674962,24.138062,2
2022,11,14,10,57,臺中市,梧棲區,0,0,0,8,,,70,,,,,,,,,,,,,,,23,,,,,A31,,,1,,2,,,23,,1,9,,A31,120.528296,24.262487,3
2022,11,14,11,0,臺中市,西屯區,0,0,0,8,,,50,,,,,,,,,,,,,,,23,,,,,B03,,,1,,1,,,23,,1,22,,B03,120.613626,24.173278,3
2022,11,14,11,5,臺中市,西屯區,0,0,0,8,,,30,,,,,,,,,,,,,,,17,,,,,B02,,,1,,11,,,17,,1,22,,B02,120.615341,24.181283,3
2022,11,14,11,13,臺中市,西屯區,0,1,0,8,1,5,50,3,1,1,5,4,5,7,4,4,5,4,5,2,16,8,2,9,1,1,C03,7,5,1,10,2,14,,8,44,1,22,8,C03,120.658616,24.160384,2
2022,11,14,11,20,臺中市,北區,0,1,0,8,1,5,30,4,1,1,5,4,5,7,4,4,5,4,5,2,16,6,3,10,1,1,C03,7,9,1,10,2,13,,6,6,1,5,5,C03,120.67962,24.152935,2