年,月,日,時,分,縣市,區,死,受傷,2-30,天候,光線,道路類別,速限,道路型態,事故位置,路面鋪裝,路面狀態,路面缺陷,障礙物,視距,號誌種類,號誌動作,分向設施,快車道或一般車道間,快慢車道間,路面邊線,事故類型及型態,主要肇因,受傷程度,主要傷處,保護裝備,行動電話,當事者區分,車輛用途,當事者行動狀態,駕駛資格情形,駕駛執照種類,飲酒情形,車輛撞擊部位最初,車輛撞擊部位其他,肇事因素個別,肇事因素主要,肇事逃逸,職業,旅次目的,車種,GPS緯度,GPS經度,事故類別
2022,11,14,11,26,臺中市,北屯區,0,1,0,8,1,5,50,3,1,1,5,4,5,7,1,1,10,5,5,2,16,6,2,9,3,4,C03,7,1,1,10,2,14,,23,6,1,21,8,C03,120.69867,24.172871,2
2022,11,14,11,30,臺中市,東區,0,0,0,8,,,50,,,,,,,,,,,,,,,23,,,,,B03,,,1,,2,,,23,,1,22,,B03,120.689287,24.138762,3
2022,11,14,11,30,臺中市,南屯區,0,0,0,8,,,40,,,,,,,,,,,,,,,12,,,,,B12,,,1,,1,,,12,,1,22,,B12,120.624115,24.140899,3
2022,11,14,11,42,臺中市,北區,0,0,0,,,,50,,,,,,,,,,,,,,,23,,,,,F03,,,8,,2,,,23,,1,22,,F03,120.683767,24.15524,3
2022,11,14,11,46,臺中市,西屯區,0,0,0,8,,,50,,,,,,,,,,,,,,,23,,,,,B12,,,1,,2,,,23,,1,22,,B12,120.640555,24.177855,3
2022,11,14,11,50,臺中市,東區,0,1,0,8,1,5,50,5,1,1,5,4,5,7,1,1,10,5,5,2,16,6,3,10,1,1,B03,7,5,1,10,2,8,,6,6,1,22,9,B03,120.706422,24.148591,2
2022,11,14,11,50,臺中市,北屯區,0,1,0,8,1,5,50,14,8,1,5,4,5,7,4,4,5,4,4,2,16,19,3,10,1,1,B03,7,1,1,8,2,8,,19,19,1,21,8,B03,120.719745,24.162965,2
2022,11,14,11,52,臺中市,太平區,0,0,0,8,,,80,,,,,,,,,,,,,,,16,,,,,B03,,,6,,2,,,16,,1,22,,B03,120.716258,24.153144,3
2022,11,14,11,56,臺中市,烏日區,0,0,0,8,1,5,30,4,1,1,5,4,5,7,4,1,10,5,5,2,12,17,,,,,C03,,,1,,2,,,44,17,1,22,,C03,120.607647,24.120939,3
2022,11,14,11,57,臺中市,龍井區,0,1,0,8,1,5,50,3,2,1,5,4,5,7,4,4,5,5,5,2,17,6,2,9,3,4,F03,7,5,8,20,2,16,,6,6,1,22,9,F03,120.585066,24.181875,2
2022,11,14,11,59,臺中市,西區,0,0,0,8,1,5,50,5,1,1,5,4,5,7,1,1,10,5,5,2,21,12,,,,,A11,,,1,,1,,,12,,1,22,,A11,120.669837,24.150818,3
2022,11,14,11,59,臺中市,北屯區,0,1,0,8,1,5,40,14,7,1,5,4,5,7,4,4,8,3,4,2,16,19,3,10,1,1,C03,7,1,6,18,2,13,,19,19,1,21,8,C03,120.696309,24.177459,2
2022,11,14,12,0,臺中市,神岡區,0,2,0,8,1,5,30,14,9,1,5,4,5,7,4,4,10,5,5,1,17,42,2,9,1,1,F03,7,5,8,20,2,16,,42,42,1,12,8,F03,120.687815,24.239061,2
2022,11,14,12,1,臺中市,南區,0,0,0,8,1,5,30,14,8,1,5,4,5,7,4,4,5,5,4,2,17,23,3,10,3,4,C03,7,9,1,10,11,11,,23,23,2,5,8,C03,120.656589,24.123852,3
2022,11,14,12,2,臺中市,南區,0,1,0,8,1,5,50,4,1,1,5,4,5,7,2,1,3,4,4,2,16,26,3,10,1,1,B03,7,6,1,8,2,2,,26,26,1,4,5,B03,120.6552,24.11515,2
2022,11,14,12,9,臺中市,龍井區,0,1,0,8,1,5,50,14,9,1,5,4,5,7,1,1,5,5,5,1,17,23,2,9,3,4,C03,7,9,1,10,2,11,,23,23,1,22,9,C03,120.58486,24.184009,2
2022,11,14,12,10,臺中市,南區,0,2,0,8,1,5,50,14,9,1,5,4,5,7,4,4,9,5,5,2,17,19,2,9,1,1,C03,7,1,1,10,2,14,,19,19,1,5,8,C03,120.682909,24.131485,2
2022,11,14,12,15,臺中市,西屯區,0,1,0,8,1,5,30,3,1,1,5,4,5,7,4,4,10,5,5,2,16,43,3,10,1,1,B12,7,9,1,8,2,4,,43,43,1,22,8,B12,120.635489,24.188608,2
2022,11,14,12,15,臺中市,清水區,0,0,0,,,,50,,,,,,,,,,,,,,,6,,,,,B03,,,1,,2,,,6,6,1,5,,B03,120.560454,24.279791,3
2022,11,14,12,19,臺中市,烏日區,0,1,0,8,1,5,70,3,1,1,5,4,5,7,2,1,1,4,4,1,18,23,2,9,1,1,C03,7,9,1,10,2,12,,23,23,1,21,8,C03,120.611197,24.10757,2
2022,11,14,12,25,臺中市,西屯區,0,2,0,8,1,5,30,4,1,1,5,4,5,7,4,4,10,5,5,2,15,6,3,10,1,1,C03,7,9,1,10,2,12,,6,6,1,22,8,C03,120.64643,24.182819,2
2022,11,14,12,32,臺中市,東區,0,0,0,8,,,40,,,,,,,,,,,,,,,23,,,,,B03,,,1,,8,,,23,,1,22,,B03,120.70795,24.14912,3
2022,11,14,12,40,臺中市,清水區,0,0,0,8,,,30,,,,,,,,,,,,,,,6,,,,,B03,,,1,,1,,,6,,1,21,,B03,120.554694,24.291923,3
2022,11,14,12,45,臺中市,北區,0,1,0,8,1,5,50,4,2,1,5,4,5,7,4,4,5,5,5,2,13,26,2,9,1,1,C03,7,5,1,10,2,13,,26,26,1,22,8,C03,120.684502,24.153444,2
2022,11,14,12,49,臺中市,東區,0,0,0,8,,,50,,,,,,,,,,,,,,,23,,,,,B03,,,1,,2,,,23,,1,4,,B03,120.690009,24.137917,3
2022,11,14,12,57,臺中市,西屯區,0,0,0,8,,,50,,,,,,,,,,,,,,,26,,,,,B03,,,1,,2,,,26,,1,22,,B03,120.635879,24.181852,3
2022,11,14,13,14,臺中市,外埔區,0,0,0,8,,,30,,,,,,,,,,,,,,,23,,,,,B12,,,1,,2,,,23,,1,21,,B12,120.661444,24.331567,3
2022,11,14,13,18,臺中市,大雅區,0,1,0,8,1,5,50,3,2,1,5,4,5,7,4,4,5,5,5,1,16,16,2,9,1,1,C03,7,9,1,10,2,11,,16,16,1,22,9,C03,120.653603,24.224862,2
2022,11,14,13,22,臺中市,南屯區,0,0,0,8,,,1,,,,,,,,,,,,,,,12,,,,,B12,,,1,,11,,,12,,1,4,,B12,120.595018,24.148548,3
2022,11,14,13,25,臺中市,南區,0,2,0,8,1,5,40,14,11,1,5,4,5,7,4,4,1,4,1,2,13,23,2,9,1,1,C03,7,9,1,10,2,11,,23,23,1,18,2,C03,120.67868,24.119227,2
2022,11,14,13,30,臺中市,北屯區,0,0,0,8,,,50,,,,,,,,,,,,,,,12,,,,,B03,,,1,,2,,,12,,1,21,,B03,120.67066,24.174655,3
2022,11,14,13,32,臺中市,太平區,0,1,0,8,1,5,50,3,2,1,5,4,5,7,1,1,5,5,4,2,17,23,2,9,1,1,C03,7,9,1,10,1,11,,23,23,1,22,9,C03,120.716233,24.148695,2
2022,11,14,13,32,臺中市,沙鹿區,0,0,0,8,,,50,,,,,,,,,,,,,,,23,,,,,B12,,,1,,2,,,23,,1,22,,B12,120.572461,24.229606,3
2022,11,14,13,34,臺中市,西屯區,0,1,0,8,1,5,60,4,1,1,5,4,5,7,2,1,10,5,5,2,16,26,3,10,3,4,B03,7,6,1,8,2,2,,26,26,1,22,8,B03,120.646556,24.16469,2
2022,11,14,13,35,臺中市,西區,0,0,0,8,,,50,,,,,,,,,,,,,,,42,,,,,B12,,,1,,1,,,42,,1,10,,B12,120.670488,24.151252,3
2022,11,14,13,37,臺中市,豐原區,0,0,0,8,,,50,,,,,,,,,,,,,,,7,,,,,B03,,,1,,2,,,7,,1,22,,B03,120.72628,24.260115,3
2022,11,14,13,39,臺中市,西屯區,0,0,0,8,,,50,,,,,,,,,,,,,,,23,,,,,B03,,,1,,2,,,23,,1,22,,B03,120.656322,24.200398,3
2022,11,14,13,39,臺中市,外埔區,0,0,0,,,,50,,,,,,,,,,,,,,,16,,,,,B03,,,1,,1,,,16,,1,21,,B03,120.638199,24.341511,4
2022,11,14,13,40,臺中市,西屯區,0,0,0,8,,,50,,,,,,,,,,,,,,,23,,,,,B03,,,1,,1,,,23,,1,22,,B03,120.665062,24.16682,3
2022,11,14,13,41,臺中市,中區,0,1,0,8,1,5,50,4,1,1,5,4,5,7,1,1,10,5,5,2,16,8,3,10,1,1,B03,7,5,1,8,2,8,,8,8,1,4,5,B03,120.67435,24.142871,2
2022,11,14,13,41,臺中市,北區,0,0,0,8,,,50,,,,,,,,,,,,,,,12,,,,,B03,,,1,,2,,,12,,1,22,,B03,120.683767,24.15524,3
2022,11,14,13,46,臺中市,北屯區,0,0,0,6,,,50,,,,,,,,,,,,,,,6,,,,,B03,,9,1,8,2,6,,6,6,1,21,8,B03,120.679429,24.181803,3
2022,11,14,13,47,臺中市,南屯區,0,1,0,8,1,5,50,14,8,1,5,4,5,7,4,4,5,4,4,2,13,23,2,9,1,1,C03,7,9,1,7,2,11,,23,23,1,22,8,C03,120.611359,24.134368,2
2022,11,14,13,52,臺中市,太平區,0,1,0,8,1,5,50,4,1,1,5,4,5,7,1,1,10,5,5,2,16,9,3,10,1,1,B12,7,6,1,8,2,2,,9,9,1,22,5,B12,120.712198,24.141064,2
2022,11,14,13,55,臺中市,大里區,0,0,0,8,,,30,,,,,,,,,,,,,,,12,,,,,B03,,,1,,2,,,12,,1,5,,B03,120.682998,24.093643,3
2022,11,14,14,7,臺中市,豐原區,0,1,0,8,1,5,30,4,1,1,5,4,5,7,1,1,8,3,4,1,15,14,3,10,1,1,B03,7,9,1,8,2,1,,14,14,1,22,5,B03,120.716556,24.252375,2
2022,11,14,14,9,臺中市,豐原區,0,0,0,8,,,50,,,,,,,,,,,,,,,23,,,,,B03,,,1,,2,,,23,23,1,21,,B03,120.723852,24.252175,3
2022,11,14,14,10,臺中市,大甲區,0,1,0,8,1,5,50,14,9,1,5,4,5,7,4,4,5,5,5,1,17,40,3,10,1,1,B03,7,13,1,8,2,4,,40,40,1,4,8,B03,120.620777,24.346844,2
2022,11,14,14,23,臺中市,北屯區,0,1,0,8,1,5,50,4,1,1,5,4,5,7,4,4,10,5,5,2,16,6,3,10,1,1,C03,7,5,1,10,2,11,,6,6,1,21,8,C03,120.699003,24.171325,2
2022,11,14,14,30,臺中市,東區,0,1,0,8,1,5,50,4,1,1,5,4,5,7,1,1,10,5,5,2,13,23,2,4,1,1,C03,7,9,1,10,2,11,,23,23,1,22,8,C03,120.687725,24.140069,2
2022,11,14,14,30,臺中市,神岡區,0,1,0,8,1,5,1,4,1,1,5,4,5,7,1,1,1,4,5,1,13,23,2,8,3,4,C03,7,9,1,10,2,11,,23,23,1,22,9,C03,120.679371,24.243828,2
2022,11,14,14,47,臺中市,西屯區,0,0,0,8,,,50,,,,,,,,,,,,,,,23,,,,,A11,,,1,,1,,,23,,1,22,,A11,120.59851,24.176676,3
2022,11,14,14,48,臺中市,南區,0,1,0,8,1,5,40,3,2,1,5,4,5,7,2,1,3,4,4,2,18,42,2,9,1,1,C03,7,9,1,10,2,15,,42,42,1,18,5,C03,120.654032,24.116455,2
2022,11,14,14,58,臺中市,北屯區,0,1,0,8,1,5,40,14,8,1,5,4,5,7,4,4,5,4,4,2,13,23,2,9,3,4,C03,7,9,1,10,2,11,,23,23,1,21,8,C03,120.698378,24.1732,2
2022,11,14,15,3,臺中市,豐原區,0,0,0,8,,,50,,,,,,,,,,,,,,,12,,,,,B03,,,1,,2,,,12,,1,21,,B03,120.712363,24.250569,3
2022,11,14,15,18,臺中市,西屯區,0,2,0,8,1,5,30,4,1,1,5,4,5,7,4,4,10,5,5,2,16,6,2,9,1,4,C03,7,9,1,10,2,11,,6,6,1,4,8,C03,120.644548,24.179781,2
2022,11,14,15,21,臺中市,西屯區,0,2,0,8,1,5,50,14,9,1,5,4,5,7,4,4,5,4,5,2,16,6,2,7,3,4,C03,7,5,1,10,2,14,,6,6,1,22,8,C03,120.621086,24.185098,2
2022,11,14,15,23,臺中市,豐原區,0,0,0,8,,,30,,,,,,,,,,,,,,,16,,,,,B12,,,1,,2,,,16,,1,21,,B12,120.701772,24.240002,3
2022,11,14,15,27,臺中市,北屯區,0,0,0,8,,,40,,,,,,,,,,,,,,,12,,,,,B12,,,1,,9,,,12,,1,5,,B12,120.726126,24.161611,3
2022,11,14,15,32,臺中市,北屯區,0,0,0,8,,,50,,,,,,,,,,,,,,,7,,,,,B01,,,1,,1,,,7,,1,22,,B01,120.666302,24.182042,3
2022,11,14,15,32,臺中市,神岡區,0,1,0,8,1,5,30,14,9,1,5,4,5,7,4,4,10,5,5,1,26,23,2,9,1,1,C03,7,9,1,10,2,14,,23,23,1,22,8,C03,120.694724,24.258931,2
2022,11,14,15,34,臺中市,南屯區,0,2,0,8,1,5,50,14,9,1,5,4,5,7,4,4,5,5,5,2,17,23,2,9,1,1,C03,7,7,6,10,2,13,12,7,23,1,20,8,C03,120.619679,24.11823,2
2022,11,14,15,37,臺中市,大甲區,0,0,0,8,,,50,,,,,,,,,,,,,,,23,,,,,B03,,,1,,2,,,23,,1,4,,B03,120.658021,24.396161,3
2022,11,14,15,45,臺中市,北區,0,0,0,8,,,50,,,,,,,,,,,,,,,8,,,,,B03,,,1,,2,,,8,,1,22,,B03,120.682105,24.154611,3
2022,11,14,15,45,臺中市,沙鹿區,0,1,0,8,1,5,40,5,1,1,5,4,5,7,1,1,10,5,5,2,16,42,3,10,1,1,C03,7,6,1,10,2,12,,42,42,1,18,8,C03,120.579565,24.221673,2
2022,11,14,15,48,臺中市,太平區,0,1,0,8,1,5,50,4,1,1,5,4,5,7,1,1,10,5,5,2,18,43,2,9,1,1,C03,7,12,1,10,2,14,,43,43,1,22,8,C03,120.722097,24.149427,2
2022,11,14,15,49,臺中市,西區,0,0,0,8,,,50,,,,,,,,,,,,,,,42,,,,,B03,,,1,,1,,,42,,1,21,,B03,120.669454,24.151135,3
2022,11,14,15,55,臺中市,太平區,0,0,0,8,,,30,,,,,,,,,,,,,,,17,,,,,B03,,,1,,1,,,17,,1,22,,B03,120.717688,24.145256,3
2022,11,14,15,58,臺中市,西屯區,0,0,0,8,,,50,,,,,,,,,,,,,,,23,,,,,B03,,,1,,1,,,23,23,1,22,,B03,120.655974,24.170845,3
2022,11,14,16,2,臺中市,南屯區,0,0,0,8,,,50,,,,,,,,,,,,,,,67,,,,,,,,,,,,,67,,1,,,,120.633681,24.152381,4
2022,11,14,16,8,臺中市,北屯區,0,0,0,8,,,40,,,,,,,,,,,,,,,23,,,,,B12,,,1,8,1,,,23,23,1,21,,B12,120.671748,24.201135,3
2022,11,14,16,9,臺中市,太平區,0,1,0,8,1,5,50,14,9,1,5,4,5,7,4,4,5,4,5,2,13,23,2,9,1,1,C03,7,9,1,10,2,12,,23,23,1,22,5,C03,120.732124,24.140751,2
2022,11,14,16,14,臺中市,西區,0,0,0,8,1,5,50,14,9,1,5,4,5,7,4,4,9,5,5,2,14,12,,,,,B11,,,1,,1,,,12,,1,22,,B11,120.674451,24.151194,3
2022,11,14,16,16,臺中市,南屯區,0,1,0,8,1,5,50,3,1,1,5,4,5,7,1,1,5,5,5,2,16,25,2,5,1,1,C03,7,9,1,10,9,11,,25,25,1,22,8,C03,120.609883,24.140483,2
2022,11,14,16,16,臺中市,北屯區,0,1,0,8,1,5,50,4,1,1,5,4,5,7,1,1,10,5,5,2,16,6,3,10,1,1,B03,7,6,1,8,2,2,,6,6,1,5,8,B03,120.678223,24.183906,2
2022,11,14,16,22,臺中市,大雅區,0,1,0,8,1,5,50,14,9,1,5,4,5,7,4,4,9,5,5,1,12,23,2,9,1,1,C03,7,9,1,10,2,11,,23,23,1,22,9,C03,120.648634,24.216053,2
2022,11,14,16,22,臺中市,西屯區,0,0,0,8,,,50,,,,,,,,,,,,,,,7,,,,,A11,,,1,,1,,,7,,1,22,,A11,120.657455,24.200975,3
2022,11,14,16,24,臺中市,西區,0,0,0,8,,,50,,,,,,,,,,,,,,,7,,,,,B03,,,1,,1,,,7,,1,4,,B03,120.657284,24.147872,3
2022,11,14,16,25,臺中市,中區,0,0,0,8,,,50,,,,,,,,,,,,,,,23,,,,,B03,,,1,,2,,,23,,1,4,,B03,120.682488,24.140428,3
2022,11,14,16,27,臺中市,西屯區,0,0,0,8,,,50,,,,,,,,,,,,,,,23,,,,,B03,,,1,,1,,,23,,1,22,,B03,120.618768,24.178709,3
2022,11,14,16,32,臺中市,清水區,0,1,0,8,1,5,40,4,9,1,5,4,5,7,1,1,8,3,4,1,16,6,3,10,1,1,B03,7,6,1,8,2,2,,6,6,1,21,8,B03,120.54624,24.277619,2
2022,11,14,16,34,臺中市,西屯區,0,2,0,8,1,5,50,4,1,1,5,4,5,7,4,4,8,4,5,1,13,38,3,10,1,4,B12,7,14,1,7,2,3,,38,38,1,4,8,B12,120.645353,24.177945,2
2022,11,14,16,35,臺中市,石岡區,0,2,0,8,1,5,50,4,9,1,5,4,5,7,1,1,5,4,5,1,15,25,2,9,1,1,C03,7,9,1,10,2,11,,25,25,1,22,9,C03,120.77697,24.275985,2
2022,11,14,16,36,臺中市,西屯區,0,1,0,8,1,5,50,3,1,1,5,4,5,7,1,1,1,4,5,2,13,23,3,10,1,1,B03,7,9,1,8,2,1,,23,23,1,22,9,B03,120.610145,24.187037,2
2022,11,14,16,41,臺中市,西屯區,0,1,0,8,1,5,50,3,1,1,5,4,5,7,1,1,10,5,5,2,16,6,3,10,3,4,B03,7,6,1,8,2,6,,6,6,1,22,8,B03,120.651528,24.165328,2
2022,11,14,16,43,臺中市,西屯區,0,0,0,,,,50,,,,,,,,,,,,,,,9,,,,,B03,,,1,,1,,,9,,1,22,,B03,120.649396,24.171393,3
2022,11,14,16,43,臺中市,西屯區,0,1,0,8,1,5,50,4,1,1,5,4,5,7,1,1,5,4,4,2,17,43,3,10,3,4,C03,7,5,1,10,2,13,,43,43,1,22,8,C03,120.654582,24.156886,2
2022,11,14,16,43,臺中市,大里區,0,0,0,8,,,50,,,,,,,,,,,,,,,19,,,,,,,,,,,,,19,,1,,,,120.698224,24.080513,3
2022,11,14,16,45,臺中市,南屯區,0,1,0,8,1,5,50,3,1,1,5,4,5,7,4,4,1,4,4,2,17,27,3,10,1,1,B03,7,6,1,8,2,15,,27,27,1,19,8,B03,120.625303,24.145448,2
2022,11,14,16,47,臺中市,西屯區,0,0,0,8,,,50,,,,,,,,,,,,,,,23,,,,,C03,,,1,,1,,,23,,1,22,,C03,120.652949,24.166677,3
2022,11,14,16,47,臺中市,沙鹿區,0,0,0,8,,,60,,,,,,,,,,,,,,,7,,,,,A41,,,1,,2,,,7,,1,22,,A41,120.583562,24.250139,3
2022,11,14,16,49,臺中市,西區,0,0,0,8,,,50,,,,,,,,,,,,,,,7,,,,,B03,,,1,,1,,,7,,1,21,,B03,120.653005,24.14776,3
2022,11,14,16,49,臺中市,烏日區,0,1,0,8,1,5,50,3,2,1,5,4,5,7,4,4,5,4,5,1,12,7,3,10,1,1,C03,7,8,1,10,2,12,,7,7,1,21,8,C03,120.642332,24.064194,2
2022,11,14,16,54,臺中市,東區,0,0,0,8,,,50,,,,,,,,,,,,,,,23,,,,,B03,,,1,8,2,,,23,23,1,21,,B03,120.702676,24.131548,3
2022,11,14,17,0,臺中市,西屯區,0,0,0,8,,,80,,,,,,,,,,,,,,,16,,,,,B12,,,1,,1,,,16,,1,4,,B12,120.645313,24.177868,3
2022,11,14,17,2,臺中市,龍井區,0,2,0,8,1,5,30,4,1,1,5,4,5,7,4,4,10,5,5,2,15,6,2,9,1,1,C03,7,9,3,18,2,11,,6,6,1,12,1,C03,120.528518,24.212571,2
2022,11,14,17,3,臺中市,神岡區,0,1,0,8,1,5,50,4,1,1,5,4,5,7,1,1,10,5,5,2,16,25,3,10,3,4,B03,7,5,1,8,2,8,,25,25,1,22,1,B03,120.654363,24.280268,2
2022,11,14,17,6,臺中市,南屯區,0,0,0,,,,50,,,,,,,,,,,,,,,12,,,,,B03,,,1,,1,,,12,,1,22,,B03,120.626817,24.152533,3
2022,11,14,17,6,臺中市,西屯區,0,0,0,8,,,60,,,,,,,,,,,,,,,23,,,,,B03,,,1,,1,,,23,,1,22,,B03,120.622021,24.18011,3
2022,11,14,17,7,臺中市,北屯區,0,0,0,8,,,50,,,,,,,,,,,,,,,23,,,,,B12,,,1,,2,,,23,,1,22,,B12,120.685357,24.167818,3
2022,11,14,17,7,臺中市,大肚區,0,1,0,8,1,5,60,4,2,1,5,4,5,7,4,4,10,5,5,1,15,6,3,10,1,1,B12,7,1,1,8,2,5,,6,6,1,7,1,B12,120.542392,24.169756,2
2022,11,14,17,11,臺中市,北屯區,0,1,0,8,1,5,60,14,7,1,5,4,5,7,4,4,1,4,4,2,16,7,3,10,1,1,B03,7,7,1,8,2,4,,7,7,1,22,8,B03,120.717946,24.163428,2
2022,11,14,17,15,臺中市,南屯區,0,0,0,8,,,50,,,,,,,,,,,,,,,25,,,,,C03,,,1,,1,,,25,,1,4,,C03,120.623141,24.145201,3
2022,11,14,17,17,臺中市,太平區,0,1,0,8,1,5,50,4,1,1,5,4,5,7,1,1,5,5,5,2,16,6,3,10,1,1,B03,7,5,1,8,2,8,,6,6,1,21,8,B03,120.722441,24.119107,2
2022,11,14,17,18,臺中市,西區,0,0,0,8,1,5,30,3,1,1,5,4,5,7,4,4,10,5,5,2,12,23,,,,,B03,,,1,,1,,,23,,1,22,,B03,120.662078,24.154837,3
2022,11,14,17,18,臺中市,豐原區,0,1,0,8,1,5,50,4,9,1,5,4,5,7,3,1,5,5,5,2,16,8,3,10,3,4,C03,7,5,3,18,2,11,,8,8,1,22,8,C03,120.730337,24.243127,2
2022,11,14,17,20,臺中市,沙鹿區,0,2,0,8,1,5,50,5,1,1,5,4,5,7,2,1,10,5,5,2,12,16,2,9,1,1,C03,7,9,1,10,2,11,,16,16,1,22,8,C03,120.579463,24.22159,2
2022,11,14,17,25,臺中市,太平區,0,1,0,8,2,5,50,3,2,1,5,4,5,7,4,4,5,4,5,1,12,16,3,10,1,1,B03,7,9,1,8,2,5,,16,16,1,5,5,B03,120.733527,24.134595,2
2022,11,14,17,26,臺中市,南屯區,0,1,0,8,3,5,50,4,1,1,5,4,5,7,2,1,10,5,5,2,3,15,3,10,1,1,B12,7,5,1,6,2,5,1,15,15,1,5,8,B12,120.645021,24.140045,2
2022,11,14,17,37,臺中市,清水區,0,0,0,8,3,5,70,14,7,1,5,4,5,7,1,1,1,4,4,1,12,6,3,10,1,1,B03,7,11,1,8,2,5,,6,6,1,5,1,B03,120.567408,24.270311,3
2022,11,14,17,38,臺中市,北屯區,0,1,0,8,1,5,50,14,9,1,5,4,5,7,2,1,5,4,5,2,12,7,3,10,1,1,B03,7,7,6,18,2,7,,7,7,1,22,8,B03,120.66434,24.185774,2
2022,11,14,17,38,臺中市,龍井區,0,0,0,8,,,50,,,,,,,,,,,,,,,23,,,,,B03,,,1,,1,,,23,,1,22,,B03,120.595604,24.187562,4
2022,11,14,17,40,臺中市,大雅區,0,2,0,8,4,5,50,3,1,1,5,4,5,7,4,4,5,5,5,1,16,6,2,9,1,1,C03,7,5,1,10,2,14,,6,6,1,22,9,C03,120.666574,24.232933,2
2022,11,14,17,40,臺中市,大安區,0,1,0,8,3,5,50,4,1,1,5,4,5,7,1,1,10,5,5,2,13,23,3,10,1,1,C03,7,9,1,10,2,11,,23,23,1,4,1,C03,120.586901,24.34573,2
2022,11,14,17,41,臺中市,北屯區,0,1,0,8,3,5,50,3,2,1,5,4,5,7,4,4,10,4,4,2,13,23,3,10,3,4,B12,7,9,1,7,2,1,,23,23,1,21,8,B12,120.691688,24.16983,2
2022,11,14,17,44,臺中市,豐原區,0,1,0,8,3,5,50,4,1,1,5,4,5,7,4,4,10,5,5,2,16,6,2,9,1,1,C03,7,5,1,10,2,12,,6,6,1,21,8,C03,120.718972,24.239158,2
2022,11,14,17,45,臺中市,南屯區,0,1,0,8,3,5,50,4,2,1,5,4,5,7,2,1,1,2,1,2,13,42,2,9,1,1,C03,7,10,1,10,2,13,,42,42,1,22,9,C03,120.632255,24.145551,2
2022,11,14,17,47,臺中市,北屯區,0,1,0,8,3,5,50,4,1,1,5,4,5,7,1,1,10,5,5,2,16,6,2,9,1,1,C03,7,5,1,10,2,12,14,6,6,1,5,8,C03,120.712966,24.172766,2
2022,11,14,17,48,臺中市,西區,0,0,0,8,,,50,,,,,,,,,,,,,,,42,,,,,B12,,,1,,1,,,42,,1,22,,B12,120.677187,24.135331,3
2022,11,14,17,50,臺中市,南屯區,0,0,0,8,,,40,,,,,,,,,,,,,,,43,,,,,B03,,,1,,9,,,43,,1,22,,B03,120.636028,24.151519,3
2022,11,14,17,50,臺中市,沙鹿區,0,2,0,8,3,5,50,14,9,1,5,4,5,7,4,4,5,4,5,1,17,4,2,7,1,1,C03,7,1,1,10,2,11,,4,4,1,18,5,C03,120.564877,24.240215,2
2022,11,14,17,52,臺中市,西區,0,1,0,8,3,5,50,14,9,1,5,4,5,7,4,4,5,4,5,2,17,26,3,10,3,4,B03,7,5,1,8,2,8,,26,26,1,22,8,B03,120.67641,24.140883,2
2022,11,14,17,52,臺中市,西屯區,0,0,0,8,,,50,,,,,,,,,,,,,,,16,,,,,B03,,,1,,1,,,16,,1,22,,B03,120.640337,24.176221,3
2022,11,14,17,53,臺中市,大雅區,0,1,0,8,3,5,50,4,1,1,5,4,5,7,1,1,10,4,5,1,16,6,3,10,1,1,B03,7,5,1,8,2,5,,6,6,1,22,9,B03,120.643526,24.232978,2
2022,11,14,17,53,臺中市,西區,0,1,0,8,3,5,50,4,1,1,5,4,5,7,2,1,10,5,5,2,13,23,2,9,1,1,C03,7,9,1,10,2,11,,23,23,1,21,8,C03,120.673517,24.147762,2
2022,11,14,17,54,臺中市,北屯區,0,0,0,8,,,50,,,,,,,,,,,,,,,7,,,,,B03,,,1,,1,,,7,,1,22,,B03,120.739729,24.178881,3
2022,11,14,17,54,臺中市,烏日區,0,0,0,8,,,60,,,,,,,,,,,,,,,19,,,,,B03,,,1,,2,,,19,,1,4,,B03,120.648693,24.11114,3
2022,11,14,17,55,臺中市,北區,0,1,0,8,1,5,50,4,1,1,5,4,5,7,1,1,10,5,5,2,16,6,3,10,1,1,C03,7,6,1,10,2,13,,6,6,1,22,9,C03,120.684456,24.142287,2
2022,11,14,18,0,臺中市,梧棲區,0,1,0,8,3,5,50,14,9,1,5,4,5,7,4,4,9,5,5,1,18,23,2,9,1,1,C03,7,9,1,10,2,14,,23,23,1,12,8,C03,120.545418,24.239859,2
2022,11,14,18,4,臺中市,西屯區,0,0,0,8,,,60,,,,,,,,,,,,,,,23,,,,,B03,,,1,,1,,,23,,1,22,,B03,120.628409,24.162551,3
2022,11,14,18,5,臺中市,北區,0,0,0,8,,,50,,,,,,,,,,,,,,,23,,,,,B03,,,1,,1,,,23,,1,21,,B03,120.682365,24.163041,3
2022,11,14,18,5,臺中市,南屯區,0,0,0,8,,,50,,,,,,,,,,,,,,,6,,,,,B03,,,1,,2,,,6,,1,22,,B03,120.638291,24.141394,3
2022,11,14,18,5,臺中市,大里區,0,1,0,8,1,5,50,14,9,1,5,4,4,7,4,4,5,5,5,2,17,43,3,10,3,4,B01,7,14,1,4,2,15,,43,43,1,10,8,B01,120.693715,24.086926,2