年,月,日,時,分,縣市,區,死,受傷,2-30,天候,光線,道路類別,速限,道路型態,事故位置,路面鋪裝,路面狀態,路面缺陷,障礙物,視距,號誌種類,號誌動作,分向設施,快車道或一般車道間,快慢車道間,路面邊線,事故類型及型態,主要肇因,受傷程度,主要傷處,保護裝備,行動電話,當事者區分,車輛用途,當事者行動狀態,駕駛資格情形,駕駛執照種類,飲酒情形,車輛撞擊部位最初,車輛撞擊部位其他,肇事因素個別,肇事因素主要,肇事逃逸,職業,旅次目的,車種,GPS緯度,GPS經度,事故類別
2022,11,14,18,6,臺中市,太平區,0,1,0,8,3,5,50,3,2,1,5,4,5,7,4,4,5,4,5,1,16,6,3,10,1,1,C03,7,1,1,10,9,14,,6,6,1,22,8,C03,120.714205,24.143174,2
2022,11,14,18,15,臺中市,潭子區,0,1,0,8,3,5,50,3,1,1,5,4,5,7,1,1,5,4,5,2,18,23,2,9,1,1,C03,7,5,1,10,2,14,,23,23,1,22,1,C03,120.71059,24.227261,2
2022,11,14,18,15,臺中市,西屯區,0,0,0,8,,,40,,,,,,,,,,,,,,,23,,,,,B03,,,1,,1,,,23,,1,22,,B03,120.633499,24.17383,3
2022,11,14,18,15,臺中市,西屯區,0,0,0,8,,,50,,,,,,,,,,,,,,,23,,,,,B03,,,1,,1,,,23,,1,22,,B03,120.651391,24.165171,3
2022,11,14,18,15,臺中市,龍井區,0,0,0,8,,,50,,,,,,,,,,,,,,,23,,,,,C03,,,1,,2,,,23,,1,22,,C03,120.592924,24.182663,3
2022,11,14,18,18,臺中市,清水區,0,0,0,8,,,60,,,,,,,,,,,,,,,26,,,,,A41,,,1,,2,,,26,26,1,21,,A41,120.581002,24.301469,3
2022,11,14,18,20,臺中市,西區,0,1,0,8,3,5,30,3,1,1,5,4,5,7,4,4,10,5,5,2,12,6,3,10,1,1,B12,7,6,1,8,2,7,,6,6,1,22,9,B12,120.657533,24.137388,2
2022,11,14,18,20,臺中市,北區,0,2,0,8,3,5,50,3,2,1,5,4,5,7,4,4,1,4,5,2,12,17,3,10,1,1,C03,7,4,1,10,2,12,,17,17,1,22,8,C03,120.671753,24.162823,2
2022,11,14,18,20,臺中市,霧峰區,0,1,0,8,3,5,60,4,1,1,5,4,5,7,1,1,1,4,5,1,17,25,3,10,3,4,B03,7,5,1,8,2,1,,25,25,1,12,8,B03,120.69561,24.013351,2
2022,11,14,18,23,臺中市,南屯區,0,2,0,8,3,5,50,14,8,1,5,4,5,7,4,4,1,5,5,2,16,7,2,1,1,1,B12,7,8,1,8,2,5,,7,7,1,22,8,B12,120.63488,24.122388,2
2022,11,14,18,24,臺中市,大甲區,0,0,0,,,,40,,,,,,,,,,,,,,,23,,,,,C03,,,1,,1,,,23,23,1,22,,C03,120.628378,24.346729,3
2022,11,14,18,29,臺中市,西區,0,0,0,8,,,50,,,,,,,,,,,,,,,42,,,,,C02,,,1,,2,,,42,,1,21,,C02,120.658502,24.155427,3
2022,11,14,18,29,臺中市,太平區,0,1,0,8,1,5,50,14,9,1,5,4,5,7,4,4,5,2,5,1,12,17,3,10,1,1,C03,7,9,1,10,2,12,,44,17,1,5,7,C03,120.73562,24.133586,2
2022,11,14,18,30,臺中市,北屯區,0,0,0,8,,,70,,,,,,,,,,,,,,,16,,,,,B03,,,1,,2,,,16,,1,5,,B03,120.718885,24.163401,3
2022,11,14,18,32,臺中市,龍井區,0,1,0,8,3,5,30,3,1,1,5,4,5,7,4,4,10,5,5,2,16,6,2,9,1,1,C03,7,6,1,10,2,14,,6,6,1,22,8,C03,120.57592,24.182591,2
2022,11,14,18,38,臺中市,西區,0,0,0,8,,,50,,,,,,,,,,,,,,,23,,,,,C03,,,1,,1,,,23,,1,22,,C03,120.661408,24.148722,3
2022,11,14,18,38,臺中市,烏日區,0,2,0,8,3,5,50,14,9,1,5,4,5,7,4,4,9,5,5,2,16,10,3,10,1,1,B03,7,11,1,8,2,1,,10,10,1,22,8,B03,120.598301,24.108428,2
2022,11,14,18,41,臺中市,龍井區,0,1,0,8,3,5,50,5,1,1,5,4,5,7,3,1,10,5,5,2,16,23,3,10,1,1,B03,7,1,1,8,2,1,,23,19,1,22,8,B03,120.592605,24.181533,2
2022,11,14,18,41,臺中市,大肚區,0,1,0,8,3,5,30,4,1,1,5,4,5,7,4,4,10,5,5,2,16,6,2,8,1,1,C03,7,9,1,10,2,12,,6,6,1,22,8,C03,120.57624,24.175473,2
2022,11,14,18,45,臺中市,北屯區,0,0,0,8,,,50,,,,,,,,,,,,,,,6,,,,,B12,,,1,,2,,,6,,1,22,,B12,120.720953,24.169893,3
2022,11,14,18,45,臺中市,西屯區,0,0,0,8,,,80,,,,,,,,,,,,,,,16,,,,,B03,,,1,,1,,,16,16,1,22,,B03,120.631278,24.168391,3
2022,11,14,18,46,臺中市,南屯區,0,0,0,8,,,50,,,,,,,,,,,,,,,44,,,,,B03,,,1,,1,,,44,44,1,19,,B03,120.62339,24.1497,3
2022,11,14,18,50,臺中市,沙鹿區,0,0,0,8,,,50,,,,,,,,,,,,,,,25,,,,,C03,,,1,,2,,,25,25,1,22,,C03,120.57523,24.226836,3
2022,11,14,19,1,臺中市,北區,0,1,0,8,1,5,50,3,1,1,5,4,5,7,4,4,10,5,5,2,16,23,3,10,1,1,B03,7,5,1,8,2,8,,23,23,1,22,8,B03,120.669463,24.170018,2
2022,11,14,19,2,臺中市,南區,0,1,0,8,2,5,50,4,1,1,5,4,5,7,2,1,10,5,5,2,16,6,3,10,1,1,B03,7,6,1,8,2,2,,6,6,1,21,8,B03,120.685066,24.12957,2
2022,11,14,19,8,臺中市,北區,0,2,0,8,3,5,50,4,1,1,5,4,5,7,1,1,10,5,5,2,12,1,2,9,1,1,C03,7,4,1,10,2,12,,1,1,1,22,8,C03,120.678583,24.160392,2
2022,11,14,19,21,臺中市,南屯區,0,0,0,8,,,50,,,,,,,,,,,,,,,12,,,,,B12,,,1,,2,,,12,,1,5,,B12,120.65185,24.136215,3
2022,11,14,19,29,臺中市,南屯區,0,1,0,8,3,5,50,14,12,1,5,4,5,7,4,4,4,3,4,2,12,19,3,10,1,1,B03,7,1,1,8,2,8,4,19,19,1,22,8,B03,120.617403,24.139535,2
2022,11,14,19,37,臺中市,北屯區,0,0,0,8,,,50,,,,,,,,,,,,,,,43,,,,,,,,,,,,,43,,1,,,,120.72039,24.175861,3
2022,11,14,19,41,臺中市,大甲區,0,1,0,8,3,5,50,5,1,1,5,4,5,7,1,1,10,5,5,2,16,8,2,7,1,1,C03,7,5,3,18,5,11,,8,8,1,4,8,C03,120.623571,24.344436,2
2022,11,14,19,42,臺中市,北屯區,0,1,0,8,3,5,50,14,9,1,5,4,5,7,4,4,10,4,5,2,17,19,3,10,3,4,B03,7,1,1,8,1,8,,19,19,1,21,8,B03,120.713291,24.173113,2
2022,11,14,19,44,臺中市,北屯區,0,2,0,8,3,5,40,4,2,1,5,4,5,7,2,1,10,5,5,2,13,25,2,9,1,1,F01,7,5,8,20,2,16,,25,25,1,5,8,F01,120.662941,24.17807,2
2022,11,14,19,51,臺中市,龍井區,0,1,0,8,3,5,60,4,1,1,5,4,5,7,1,1,10,5,5,2,15,25,2,3,1,1,C03,7,9,1,10,2,11,,44,25,1,9,1,C03,120.521797,24.216549,2
2022,11,14,19,52,臺中市,大肚區,0,1,0,8,3,5,60,5,1,1,5,4,5,7,1,1,10,5,5,2,9,15,3,10,1,1,B03,7,5,1,8,2,4,,15,15,1,21,8,B03,120.563055,24.124116,2
2022,11,14,19,57,臺中市,西屯區,0,0,0,8,,,50,,,,,,,,,,,,,,,8,,,,,B03,,,1,,2,,,8,,1,22,,B03,120.669415,24.177239,3
2022,11,14,20,5,臺中市,北區,0,1,0,8,3,5,50,14,9,1,5,4,5,7,4,4,5,5,5,2,17,23,2,9,1,1,C03,7,9,1,10,2,12,,23,23,1,22,8,C03,120.682889,24.168241,2
2022,11,14,20,5,臺中市,西屯區,0,1,0,8,3,5,50,14,7,1,5,4,5,7,4,4,7,4,4,2,3,12,3,10,1,1,B03,7,2,1,8,2,3,,12,12,1,22,9,B03,120.650555,24.16869,2
2022,11,14,20,12,臺中市,后里區,0,1,0,8,3,5,50,14,12,1,5,4,3,5,4,4,1,4,4,1,17,38,3,10,1,1,B03,7,13,1,8,2,15,,38,38,1,22,8,B03,120.721707,24.306089,2
2022,11,14,20,20,臺中市,北區,0,1,0,8,3,5,50,4,1,1,5,4,5,7,1,1,10,5,5,2,16,23,2,9,1,1,B02,7,9,1,4,2,8,,23,23,1,22,8,B02,120.675355,24.160352,2
2022,11,14,20,25,臺中市,南屯區,0,0,0,,,,50,,,,,,,,,,,,,,,12,,,,,B03,,,1,,1,,,12,,1,22,,B03,120.641354,24.130788,3
2022,11,14,20,25,臺中市,豐原區,0,0,0,8,,,50,,,,,,,,,,,,,,,12,,,,,B03,,,1,,2,,,12,,1,22,,B03,120.731796,24.242514,3
2022,11,14,20,39,臺中市,清水區,0,0,0,8,3,5,50,14,9,1,5,4,5,7,1,1,5,5,5,1,13,23,3,10,1,1,B03,7,9,1,8,2,1,,23,23,1,5,8,B03,120.567389,24.268342,3
2022,11,14,20,43,臺中市,大甲區,0,2,0,8,3,5,50,4,1,1,5,4,5,7,1,1,10,5,5,2,16,23,3,10,1,1,C03,7,5,1,10,2,12,,23,23,1,4,1,C03,120.6525,24.404636,2
2022,11,14,20,45,臺中市,大雅區,0,0,0,8,,,30,,,,,,,,,,,,,,,18,,,,,B03,,,1,,2,,,18,,1,22,,B03,120.669179,24.234895,4
2022,11,14,20,55,臺中市,東區,0,1,0,8,3,5,40,4,1,1,5,4,5,7,1,1,10,5,5,2,16,25,3,10,1,1,B12,7,5,1,8,2,8,,44,25,1,4,8,B12,120.6997,24.142911,2
2022,11,14,20,58,臺中市,大雅區,0,1,0,8,4,5,50,3,1,1,5,4,5,7,3,1,3,4,4,1,12,26,2,9,1,1,C03,7,5,1,10,2,13,,26,26,1,22,9,C03,120.614958,24.218268,2
2022,11,14,20,58,臺中市,北屯區,0,0,0,8,,,50,,,,,,,,,,,,,,,23,,,,,B03,,,1,,2,,,23,,1,22,,B03,120.69531,24.182313,3
2022,11,14,21,0,臺中市,大雅區,0,1,0,8,3,5,40,11,9,1,5,4,5,7,4,4,5,5,5,1,17,23,2,9,1,1,F02,7,9,8,20,2,16,,23,23,1,22,9,F02,120.623944,24.231632,2
2022,11,14,21,0,臺中市,南屯區,0,0,0,,,,50,,,,,,,,,,,,,,,17,,,,,B03,,,1,,1,,,17,,1,4,,B03,120.623785,24.149493,3
2022,11,14,21,5,臺中市,烏日區,0,1,0,8,3,5,50,3,1,1,5,4,5,7,4,4,5,5,5,1,17,40,3,10,3,4,B03,7,14,1,8,2,4,,40,40,1,21,9,B03,120.622425,24.107952,2
2022,11,14,21,5,臺中市,神岡區,0,0,0,8,,,50,,,,,,,,,,,,,,,17,,,,,B12,,,1,,9,,,17,,1,22,,B12,120.661174,24.261809,3
2022,11,14,21,6,臺中市,中區,0,0,0,8,,,50,,,,,,,,,,,,,,,12,,,,,B03,,,1,8,2,,,12,12,1,22,,B03,120.677002,24.145271,3
2022,11,14,21,9,臺中市,南區,0,2,0,8,3,5,50,4,1,1,5,4,5,7,1,1,10,5,5,2,17,6,2,9,1,1,C03,7,6,1,10,2,11,,6,6,1,22,8,C03,120.655145,24.135043,2
2022,11,14,21,11,臺中市,神岡區,0,0,0,8,,,40,,,,,,,,,,,,,,,17,,,,,B03,,,1,,2,,,17,17,1,22,,B03,120.669471,24.269614,3
2022,11,14,21,13,臺中市,潭子區,0,1,0,8,3,5,50,14,9,1,5,2,1,7,4,4,5,5,5,1,18,23,2,9,1,1,C03,7,9,1,10,2,14,,23,23,1,9,8,C03,120.706944,24.211521,2
2022,11,14,21,13,臺中市,北區,0,0,0,8,,,50,,,,,,,,,,,,,,,42,,,,,A02,,,1,,2,,,42,,1,22,,A02,120.684954,24.163253,3
2022,11,14,21,15,臺中市,西屯區,0,0,0,8,,,50,,,,,,,,,,,,,,,6,,,,,B03,,,1,,1,,,6,,1,22,,B03,120.615256,24.186509,3
2022,11,14,21,30,臺中市,沙鹿區,0,0,0,8,,,50,,,,,,,,,,,,,,,6,,,,,B03,,,1,,2,,,6,,1,10,,B03,120.560794,24.237015,3
2022,11,14,21,30,臺中市,外埔區,0,4,0,8,3,5,50,3,1,1,5,4,5,7,1,1,10,5,5,2,15,19,2,8,1,1,C03,7,1,1,10,2,15,,19,19,1,21,1,C03,120.638727,24.341812,2
2022,11,14,21,54,臺中市,潭子區,0,0,0,8,,,50,,,,,,,,,,,,,,,23,,,,,B03,,,1,,2,,,23,,1,22,,B03,120.704167,24.227939,3
2022,11,14,22,3,臺中市,南屯區,0,0,0,8,,,50,,,,,,,,,,,,,,,12,,,,,B02,,,1,,9,,,12,12,1,22,,B02,120.648503,24.144771,3
2022,11,14,22,4,臺中市,西屯區,0,0,0,8,,,50,,,,,,,,,,,,,,,23,,,,,C03,,,1,,1,,,23,,1,22,,C03,120.642667,24.172374,3
2022,11,14,22,16,臺中市,西屯區,0,1,0,8,3,5,30,14,9,1,5,4,5,7,4,4,10,5,5,2,17,6,3,10,3,4,C03,7,5,1,10,2,14,,6,6,1,22,9,C03,120.643859,24.1783,2
2022,11,14,22,37,臺中市,西屯區,0,2,0,8,1,5,50,14,7,1,5,4,5,7,4,4,8,4,4,1,16,10,2,9,1,4,C03,7,11,1,10,2,14,,10,10,1,4,8,C03,120.637415,24.177411,2
2022,11,14,22,47,臺中市,南區,0,0,0,8,,,50,,,,,,,,,,,,,,,6,,,,,B03,,,1,,2,,,6,,1,4,,B03,120.65023,24.120736,3
2022,11,14,22,48,臺中市,沙鹿區,0,2,0,8,4,5,50,14,9,1,5,4,5,7,4,4,1,4,5,2,2,23,2,9,1,1,C03,7,9,1,10,2,12,,23,23,1,9,1,C03,120.575029,24.226632,2
2022,11,14,22,52,臺中市,大里區,0,0,0,8,,,50,,,,,,,,,,,,,,,23,,,,,B03,,,6,,2,,,23,,1,3,,B03,120.7095,24.094502,3
2022,11,14,23,7,臺中市,烏日區,0,1,0,8,3,5,60,4,2,1,5,4,5,7,2,1,1,4,5,1,13,23,2,1,3,4,B12,7,9,1,8,2,3,,44,23,1,21,9,B12,120.641891,24.111245,2
2022,11,14,23,9,臺中市,北區,0,0,0,8,,,30,,,,,,,,,,,,,,,23,,,,,B03,,,1,,11,,,23,,1,5,,B03,120.675436,24.146636,3
2022,11,15,1,6,臺中市,潭子區,0,0,0,8,,,60,,,,,,,,,,,,,,,6,,,,,B01,,,1,,2,,,6,,1,22,,B01,120.70513,24.208615,3
2022,11,15,1,18,臺中市,西屯區,0,0,0,8,,,50,,,,,,,,,,,,,,,23,,,,,B12,,,1,,1,,,23,,1,22,,B12,120.625711,24.178,3
2022,11,15,1,23,臺中市,西屯區,0,2,0,8,3,5,50,4,1,1,5,4,5,7,1,1,10,5,5,2,13,16,2,9,1,1,C03,7,9,1,10,2,11,,16,16,1,4,8,C03,120.623582,24.176949,2
2022,11,15,3,40,臺中市,北屯區,0,0,0,8,,,50,,,,,,,,,,,,,,,23,,,,,B03,,,1,,2,,,23,,1,22,,B03,120.682039,24.169758,3
2022,11,15,3,55,臺中市,外埔區,0,1,0,7,3,5,50,3,1,1,5,4,5,1,3,1,10,5,5,2,26,42,2,1,1,1,A41,7,5,1,1,2,15,,42,42,1,10,4,A41,120.701085,24.334362,2
2022,11,15,4,1,臺中市,清水區,0,2,0,8,3,5,40,14,8,1,5,4,5,7,4,4,1,4,1,1,9,23,2,9,1,1,C03,7,9,1,10,2,12,,23,23,1,21,8,C03,120.557396,24.274064,2
2022,11,15,4,30,臺中市,豐原區,0,0,0,8,,,50,,,,,,,,,,,,,,,42,,,,,B03,,,2,,2,,,42,,1,22,,B03,120.751381,24.260691,3
2022,11,15,5,3,臺中市,西屯區,0,2,0,8,3,5,50,4,1,1,5,4,5,7,1,1,10,5,5,2,15,25,2,9,3,4,B03,7,9,1,8,2,4,,25,25,1,22,8,B03,120.635908,24.176265,2
2022,11,15,5,42,臺中市,沙鹿區,0,0,0,8,,,60,,,,,,,,,,,,,,,23,,,,,A11,,,1,,2,,,23,,1,5,,A11,120.574295,24.229982,3
2022,11,15,5,45,臺中市,東區,0,1,0,8,2,5,50,14,7,1,5,4,5,7,4,4,9,5,4,2,18,23,2,9,1,1,C03,7,9,1,10,2,12,,23,23,1,21,1,C03,120.706166,24.14519,2
2022,11,15,6,41,臺中市,豐原區,0,2,0,8,1,5,50,3,1,1,5,4,5,7,4,4,10,5,5,1,17,19,2,9,1,1,C03,7,1,1,10,2,11,,19,19,1,22,8,C03,120.720235,24.264005,2
2022,11,15,6,52,臺中市,潭子區,0,3,0,8,1,5,30,4,1,1,5,4,5,7,1,1,1,4,4,1,15,25,2,9,1,1,C03,7,9,1,10,2,14,,25,25,1,22,8,C03,120.684792,24.216293,2
2022,11,15,7,1,臺中市,后里區,0,0,0,8,,,50,,,,,,,,,,,,,,,12,,,,,A12,,,1,,2,,,12,,1,6,,A12,120.722305,24.308898,3
2022,11,15,7,2,臺中市,太平區,0,0,0,8,,,50,,,,,,,,,,,,,,,19,,,,,B03,,,1,,1,,,19,,1,22,,B03,120.710622,24.122661,3
2022,11,15,7,4,臺中市,新社區,0,2,0,8,1,5,50,4,9,1,5,4,5,7,1,1,5,5,5,1,17,8,2,9,1,1,C01,7,5,1,9,2,11,,8,8,1,22,1,C01,120.806846,24.255865,2
2022,11,15,7,6,臺中市,大肚區,0,0,0,8,,,50,,,,,,,,,,,,,,,19,,,,,C03,,,1,,2,,,19,,1,21,,C03,120.580335,24.172578,4
2022,11,15,7,11,臺中市,北屯區,0,0,0,8,,,50,,,,,,,,,,,,,,,12,,,,,B03,,,1,,1,,,12,,1,21,,B03,120.715481,24.180117,3
2022,11,15,7,12,臺中市,大肚區,0,0,0,,,,30,,,,,,,,,,,,,,,42,,,,,B03,,,1,,2,,,42,,1,21,,B03,120.544172,24.159539,3
2022,11,15,7,15,臺中市,大肚區,0,2,0,8,1,5,50,14,9,1,5,4,5,7,4,4,9,5,5,1,16,6,2,9,1,1,C03,7,5,1,10,2,12,,6,6,1,21,8,C03,120.578071,24.1666,2
2022,11,15,7,20,臺中市,沙鹿區,0,1,0,8,1,5,40,14,8,1,5,4,5,7,4,4,1,4,2,2,17,23,2,9,3,4,C03,7,21,1,10,2,15,,23,23,1,22,9,C03,120.570183,24.200336,2
2022,11,15,7,24,臺中市,西屯區,0,1,0,8,1,5,40,3,1,1,5,4,5,7,4,4,10,5,5,2,13,23,2,8,1,1,C03,7,9,1,10,2,11,,23,23,1,21,1,C03,120.630848,24.180215,2
2022,11,15,7,30,臺中市,北屯區,0,0,0,8,,,50,,,,,,,,,,,,,,,23,,,,,B03,,,1,,2,,,23,,1,21,,B03,120.701913,24.180983,3
2022,11,15,7,30,臺中市,北屯區,0,1,0,8,1,5,50,14,9,1,5,4,5,7,4,4,1,4,5,2,13,23,2,9,3,4,C03,7,9,1,10,2,11,,23,23,1,21,8,C03,120.701803,24.18193,2
2022,11,15,7,30,臺中市,清水區,0,2,0,8,1,5,40,3,1,1,5,4,1,7,1,3,10,5,5,2,16,8,2,9,1,1,C03,7,5,1,10,2,14,,8,8,1,5,5,C03,120.563743,24.317115,2
2022,11,15,7,33,臺中市,沙鹿區,0,0,1,8,1,5,50,3,2,1,5,4,5,7,4,4,10,3,5,2,17,38,3,10,3,4,A11,7,14,1,2,2,3,,38,38,1,22,8,A11,120.552094,24.215747,2
2022,11,15,7,35,臺中市,大肚區,0,1,0,8,1,5,30,14,9,1,5,4,5,7,4,4,10,5,5,2,16,40,3,10,1,1,B03,7,15,1,8,2,2,,40,40,1,19,8,B03,120.546532,24.153243,2
2022,11,15,7,37,臺中市,南屯區,0,2,0,8,1,5,50,4,1,1,5,4,5,7,1,1,5,4,5,2,17,9,2,9,1,1,C03,7,6,1,10,2,12,,9,9,1,22,8,C03,120.646287,24.134683,2
2022,11,15,7,37,臺中市,后里區,0,0,0,8,,,50,,,,,,,,,,,,,,,12,,,,,B03,,,1,,1,,,12,12,1,4,,B03,120.71113,24.306301,3
2022,11,15,7,38,臺中市,大雅區,0,2,0,8,1,5,50,3,1,1,5,4,5,7,4,4,5,5,5,2,17,4,2,9,1,1,C03,7,9,1,10,2,12,,4,4,1,21,8,C03,120.632502,24.22442,2
2022,11,15,7,40,臺中市,大雅區,0,2,0,8,1,5,50,4,2,1,5,4,5,7,4,4,5,5,5,1,13,16,2,9,1,1,C03,7,9,1,10,2,11,,16,16,1,22,9,C03,120.645373,24.222033,2
2022,11,15,7,40,臺中市,西區,0,0,0,8,,,50,,,,,,,,,,,,,,,23,,,,,B12,,,1,,2,,,23,,1,4,,B12,120.656789,24.144192,3
2022,11,15,7,40,臺中市,東區,0,1,0,8,1,5,50,3,1,1,5,4,5,7,4,4,10,5,5,2,16,8,3,10,1,1,B03,7,5,1,8,2,1,,8,8,1,22,8,B03,120.699461,24.125194,2
2022,11,15,7,40,臺中市,大里區,0,0,0,8,,,60,,,,,,,,,,,,,,,17,,,,,B03,,,1,,2,,,17,,1,5,,B03,120.690335,24.100851,3
2022,11,15,7,42,臺中市,北屯區,0,2,0,8,1,5,40,3,1,1,5,4,5,7,1,1,10,5,5,2,16,25,2,9,1,1,C03,7,9,1,10,2,11,,25,25,1,21,8,C03,120.71785,24.158277,2
2022,11,15,7,46,臺中市,清水區,0,2,0,8,1,5,40,4,9,1,5,4,5,7,1,1,8,3,4,1,15,25,2,9,1,1,C03,7,9,1,10,2,11,,25,25,1,21,8,C03,120.577759,24.276712,2
2022,11,15,7,49,臺中市,西區,0,1,0,8,2,5,40,14,8,1,5,4,5,7,2,1,5,4,4,2,18,42,2,9,1,1,C04,7,9,1,10,2,12,,42,42,1,2,9,C04,120.675255,24.141787,2
2022,11,15,7,49,臺中市,北屯區,0,0,0,8,,,50,,,,,,,,,,,,,,,19,,,,,B03,,,1,,1,,,19,,1,21,,B03,120.679066,24.195885,3
2022,11,15,7,50,臺中市,烏日區,0,1,0,8,1,5,50,14,7,1,5,4,5,7,4,4,5,4,4,2,17,26,3,10,1,1,B03,7,11,1,8,2,7,,26,26,1,21,8,B03,120.646851,24.095298,2
2022,11,15,7,51,臺中市,南屯區,0,2,0,8,1,5,50,14,8,1,5,4,5,7,4,4,3,4,4,2,17,23,2,9,1,1,C03,7,9,1,10,2,12,,23,23,1,22,8,C03,120.637079,24.152014,2
2022,11,15,7,51,臺中市,北屯區,0,2,0,8,1,5,50,3,1,1,5,4,5,7,4,4,9,5,5,2,12,1,2,9,3,4,C03,7,9,1,10,2,12,,1,1,1,21,8,C03,120.6703,24.174613,2
2022,11,15,7,51,臺中市,沙鹿區,0,0,0,8,,,50,,,,,,,,,,,,,,,16,,,,,A41,,,1,,2,,,16,,1,22,,A41,120.568995,24.202244,3
2022,11,15,7,54,臺中市,霧峰區,0,1,0,8,1,5,40,3,9,1,5,4,5,7,3,1,5,5,4,1,16,6,3,10,3,4,A12,7,5,1,3,2,2,,6,6,1,10,8,A12,120.654543,24.084791,2
2022,11,15,7,55,臺中市,北屯區,0,0,0,8,,,50,,,,,,,,,,,,,,,23,,,,,B03,,,1,,1,,,23,,1,21,,B03,120.716133,24.166023,3
2022,11,15,7,58,臺中市,北屯區,0,1,0,8,1,5,50,4,1,1,5,4,5,7,1,1,10,5,5,2,17,6,3,10,1,1,B03,7,6,3,18,2,2,,6,6,1,21,8,B03,120.660085,24.192686,2
2022,11,15,7,58,臺中市,西屯區,0,1,0,8,1,5,50,14,9,1,5,4,5,7,4,4,1,4,5,2,13,23,2,9,1,1,C03,7,9,1,10,2,11,,23,23,1,22,8,C03,120.636528,24.170784,2
2022,11,15,8,0,臺中市,大里區,0,0,0,8,,,30,,,,,,,,,,,,,,,12,,,,,B03,,,1,,2,,,12,,1,5,,B03,120.663978,24.08699,3
2022,11,15,8,2,臺中市,南區,0,2,0,8,1,5,50,14,9,1,5,4,5,7,4,4,5,4,5,2,16,6,2,9,1,1,C03,7,6,1,10,2,14,,6,6,1,22,8,C03,120.683136,24.134163,2
2022,11,15,8,4,臺中市,西區,0,3,0,8,1,5,30,4,1,1,5,4,5,7,4,4,10,5,5,2,15,6,2,8,1,1,C03,7,9,1,10,2,13,,6,6,1,4,8,C03,120.669012,24.146108,2
2022,11,15,8,5,臺中市,大雅區,0,1,0,8,1,5,50,14,9,1,5,4,5,7,4,4,9,5,5,2,13,16,2,9,1,1,C03,7,9,1,10,2,11,,16,16,1,22,9,C03,120.632428,24.241823,2
2022,11,15,8,7,臺中市,神岡區,0,1,0,8,1,5,50,4,2,1,5,4,5,7,1,1,5,5,5,1,16,8,3,10,1,1,C03,7,5,1,10,2,11,,8,8,1,22,9,C03,120.696083,24.251819,2
2022,11,15,8,8,臺中市,大雅區,0,1,0,8,1,5,50,4,1,1,5,4,5,7,1,1,1,4,4,1,17,9,3,10,1,1,B03,7,6,1,8,2,3,,9,9,1,21,8,B03,120.662443,24.219374,2
2022,11,15,8,10,臺中市,南屯區,0,0,0,,,,40,,,,,,,,,,,,,,,43,,,,,B12,,,1,,10,,,43,,1,22,,B12,120.625405,24.148122,3
2022,11,15,8,11,臺中市,西屯區,0,2,0,8,1,5,40,14,8,1,5,4,5,7,4,4,1,4,1,2,12,43,2,9,3,4,C04,7,9,1,11,2,12,,43,43,1,22,8,C04,120.656348,24.159023,2
2022,11,15,8,11,臺中市,西屯區,0,1,0,8,1,5,50,4,1,1,5,4,5,7,2,1,10,5,5,2,12,44,3,10,1,1,C03,7,9,1,10,2,14,,44,44,1,22,8,C03,120.651833,24.16546,2
2022,11,15,8,12,臺中市,西區,0,1,0,8,1,5,50,4,1,1,5,4,5,7,1,1,10,5,5,2,3,15,3,10,1,1,B03,7,6,1,8,2,1,,15,15,1,4,5,B03,120.657231,24.150954,2
2022,11,15,8,13,臺中市,大里區,0,0,0,8,,,60,,,,,,,,,,,,,,,23,,,,,B03,,,1,,2,,,23,,1,5,,B03,120.684195,24.103188,3
2022,11,15,8,17,臺中市,大甲區,0,1,0,8,1,5,50,3,1,1,5,4,5,7,1,1,10,5,5,2,16,10,3,10,1,1,B03,7,11,1,8,2,4,,10,10,1,4,1,B03,120.632428,24.340371,2
2022,11,15,8,18,臺中市,大雅區,0,1,0,8,1,5,30,14,9,1,5,4,5,7,4,4,10,5,5,2,17,16,2,9,1,1,C03,7,9,1,10,2,12,,16,16,1,22,9,C03,120.630911,24.219764,2
2022,11,15,8,18,臺中市,北屯區,0,0,0,8,,,50,,,,,,,,,,,,,,,23,,,,,B03,,,1,,1,,,23,,1,21,,B03,120.704454,24.164862,3
2022,11,15,8,20,臺中市,西區,0,0,0,8,,,50,,,,,,,,,,,,,,,16,,,,,C03,,,1,,1,,,16,,1,21,,C03,120.675786,24.141256,3
2022,11,15,8,20,臺中市,南區,0,1,0,8,1,5,50,3,1,1,5,4,5,7,4,4,10,5,5,2,16,6,2,9,1,1,C03,7,6,1,10,2,14,,6,6,1,22,8,C03,120.651545,24.119166,2
2022,11,15,8,20,臺中市,霧峰區,0,0,0,8,,,40,,,,,,,,,,,,,,,23,,,,,B12,,,1,,2,,,23,,1,21,,B12,120.695795,24.055677,3
2022,11,15,8,20,臺中市,太平區,0,0,0,8,,,40,,,,,,,,,,,,,,,18,,,,,B03,,,1,,2,,,18,,1,22,,B03,120.72429,24.13263,3