年,月,日,時,分,縣市,區,死,受傷,2-30,天候,光線,道路類別,速限,道路型態,事故位置,路面鋪裝,路面狀態,路面缺陷,障礙物,視距,號誌種類,號誌動作,分向設施,快車道或一般車道間,快慢車道間,路面邊線,事故類型及型態,主要肇因,受傷程度,主要傷處,保護裝備,行動電話,當事者區分,車輛用途,當事者行動狀態,駕駛資格情形,駕駛執照種類,飲酒情形,車輛撞擊部位最初,車輛撞擊部位其他,肇事因素個別,肇事因素主要,肇事逃逸,職業,旅次目的,車種,GPS緯度,GPS經度,事故類別
2022,11,15,8,25,臺中市,烏日區,0,0,0,8,,,30,,,,,,,,,,,,,,,26,,,,,A41,,,1,,2,,,26,,1,21,,A41,120.643086,24.075644,3
2022,11,15,8,27,臺中市,太平區,0,1,0,8,1,5,50,3,2,1,5,4,5,7,4,4,5,4,5,1,16,26,3,10,1,1,B03,7,11,3,18,2,4,,26,26,1,22,5,B03,120.733626,24.155153,2
2022,11,15,8,30,臺中市,豐原區,0,2,0,8,1,5,40,12,22,1,5,4,5,7,4,4,5,4,4,2,10,4,2,7,1,1,C04,7,1,1,10,2,12,,4,4,1,22,8,C04,120.705691,24.253176,2
2022,11,15,8,32,臺中市,西屯區,0,1,0,8,1,5,80,14,7,1,5,4,5,7,4,4,2,4,5,2,13,16,3,10,1,1,B03,7,9,1,8,1,1,,16,16,1,22,8,B03,120.63234,24.170531,2
2022,11,15,8,35,臺中市,北區,0,1,0,8,1,5,50,5,1,1,5,4,5,7,1,1,1,4,4,2,2,23,3,10,1,1,B03,7,6,1,8,2,8,,23,23,1,5,5,B03,120.676191,24.158299,2
2022,11,15,8,42,臺中市,梧棲區,0,0,0,8,,,50,,,,,,,,,,,,,,,18,,,,,B03,,,1,,1,,,18,,1,5,,B03,120.540618,24.255532,3
2022,11,15,8,50,臺中市,太平區,0,1,0,8,1,5,50,5,1,1,5,4,5,7,1,1,10,5,5,2,12,23,3,10,1,1,B03,7,9,1,10,2,2,,23,23,1,22,5,B03,120.726912,24.115427,2
2022,11,15,8,57,臺中市,南屯區,0,0,0,,,,30,,,,,,,,,,,,,,,18,,,,,B03,,,1,,11,,,18,18,2,22,,B03,120.654296,24.132645,3
2022,11,15,8,57,臺中市,梧棲區,0,1,0,8,1,5,40,4,2,1,5,4,5,7,4,4,5,5,5,1,16,6,3,10,1,1,B03,7,6,1,8,2,15,,6,6,1,4,8,B03,120.536385,24.237822,2
2022,11,15,8,58,臺中市,西屯區,0,1,0,8,1,5,50,3,1,1,5,4,5,7,2,1,10,5,5,2,16,25,3,10,1,1,B01,7,9,1,4,2,1,,25,25,1,21,8,B01,120.604911,24.18756,2
2022,11,15,9,10,臺中市,南屯區,0,0,0,,,,50,,,,,,,,,,,,,,,12,,,,,B03,,,1,,1,,,12,,1,22,,B03,120.63641,24.151531,3
2022,11,15,9,10,臺中市,烏日區,0,0,0,8,,,40,,,,,,,,,,,,,,,23,,,,,B03,,,1,,2,,,23,,1,21,,B03,120.617333,24.11163,3
2022,11,15,9,13,臺中市,神岡區,0,0,0,8,,,30,,,,,,,,,,,,,,,12,,,,,B03,,,1,,1,,,12,,1,22,,B03,120.694121,24.236593,3
2022,11,15,9,16,臺中市,西屯區,0,1,0,8,1,5,50,4,1,1,5,4,5,7,1,1,10,5,5,2,12,6,3,10,1,1,C03,7,5,1,10,2,13,,6,6,1,22,8,C03,120.63951,24.180621,2
2022,11,15,9,17,臺中市,梧棲區,0,1,0,8,1,5,50,14,9,1,5,4,5,7,4,4,5,5,5,2,17,26,3,10,3,4,B03,7,9,1,8,2,4,,26,26,1,22,8,B03,120.529205,24.255565,2
2022,11,15,9,21,臺中市,豐原區,0,0,0,8,,,50,,,,,,,,,,,,,,,12,,,,,B12,,,1,,2,,,12,,1,21,,B12,120.701815,24.23765,3
2022,11,15,9,22,臺中市,西區,0,0,0,8,,,50,,,,,,,,,,,,,,,23,,,,,B03,,,1,,2,,,23,23,1,4,,B03,120.661406,24.13658,3
2022,11,15,9,24,臺中市,沙鹿區,0,0,0,8,,,50,,,,,,,,,,,,,,,9,,,,,B12,,,1,,2,,,9,,1,22,,B12,120.558677,24.227962,3
2022,11,15,9,25,臺中市,西區,0,2,0,8,1,5,50,4,1,1,5,4,5,7,4,4,10,5,5,2,16,6,2,8,1,1,C03,7,5,1,10,2,12,,6,6,1,21,8,C03,120.660892,24.150849,2
2022,11,15,9,28,臺中市,豐原區,0,2,0,8,1,5,50,3,1,1,5,4,5,7,4,4,5,5,5,1,12,23,2,9,1,1,C03,7,9,1,10,2,14,,23,16,1,22,8,C03,120.73148,24.249981,2
2022,11,15,9,29,臺中市,北區,0,1,0,8,1,5,40,14,8,1,5,4,5,7,4,4,1,4,4,2,9,23,3,10,1,1,C03,7,9,1,10,2,11,,23,23,1,5,5,C03,120.67477,24.16248,2
2022,11,15,9,34,臺中市,大里區,0,0,0,8,,,60,,,,,,,,,,,,,,,23,,,,,B02,,,1,,2,,,23,,1,5,,B02,120.666571,24.083178,3
2022,11,15,9,34,臺中市,梧棲區,0,1,0,8,1,5,50,4,1,1,5,4,5,7,1,1,10,5,5,2,16,19,3,10,1,1,C03,7,1,1,10,1,11,,19,19,1,4,8,C03,120.53746,24.2623,2
2022,11,15,9,44,臺中市,西屯區,0,0,0,8,,,50,,,,,,,,,,,,,,,7,,,,,B03,,,1,,2,,,7,,1,21,,B03,120.612366,24.190535,3
2022,11,15,9,50,臺中市,外埔區,0,2,0,8,1,5,30,3,9,1,5,4,5,7,4,4,10,5,5,2,11,17,2,9,1,1,C03,7,9,1,10,2,12,,17,17,1,9,8,C03,120.657373,24.350557,2
2022,11,15,9,52,臺中市,西屯區,0,2,0,8,1,5,50,4,1,1,5,4,5,7,1,1,10,5,5,2,16,6,2,9,3,4,C03,7,5,1,10,2,14,,6,6,1,22,8,C03,120.622076,24.186298,2
2022,11,15,9,58,臺中市,西區,0,1,0,8,1,5,50,4,1,1,5,4,5,7,4,4,10,5,5,2,16,6,2,9,1,1,C03,7,5,1,10,1,12,,6,6,1,5,8,C03,120.669022,24.146726,2
2022,11,15,9,59,臺中市,潭子區,0,2,0,8,1,5,50,14,9,1,5,4,5,7,4,4,5,4,5,1,17,16,2,9,1,1,C03,7,8,1,10,2,13,,16,16,1,22,8,C03,120.721815,24.20023,2
2022,11,15,9,59,臺中市,太平區,0,1,0,8,1,5,30,3,1,1,5,4,5,7,4,4,10,5,5,2,16,19,2,8,1,1,C03,7,1,1,10,2,11,,19,19,1,22,8,C03,120.71759,24.143647,2
2022,11,15,10,5,臺中市,烏日區,0,0,0,8,,,50,,,,,,,,,,,,,,,26,,,,,B03,,,1,,2,,,26,,1,21,,B03,120.652306,24.055587,3
2022,11,15,10,12,臺中市,西屯區,0,0,0,8,,,50,,,,,,,,,,,,,,,23,,,,,B03,,,1,,1,,,38,23,1,22,,B03,120.62656,24.183668,3
2022,11,15,10,16,臺中市,沙鹿區,0,2,0,8,1,5,50,4,1,1,5,4,5,7,1,1,10,5,5,2,16,25,2,9,1,1,C03,7,9,1,10,2,11,,25,25,1,20,9,C03,120.568054,24.253934,2
2022,11,15,10,16,臺中市,神岡區,0,0,0,8,,,30,,,,,,,,,,,,,,,23,,,,,B03,,,1,,1,,,23,23,1,12,,B03,120.652613,24.276295,3
2022,11,15,10,33,臺中市,北屯區,0,0,0,8,,,50,,,,,,,,,,,,,,,16,,,,,B03,,,1,,2,,,16,,1,21,,B03,120.664663,24.201258,3
2022,11,15,10,35,臺中市,西屯區,0,0,0,8,,,50,,,,,,,,,,,,,,,12,,,,,C03,,,1,,2,,,12,,1,22,,C03,120.663608,24.173181,3
2022,11,15,10,52,臺中市,北屯區,0,0,0,8,,,50,,,,,,,,,,,,,,,12,,,,,B12,,,1,,11,,,12,,1,21,,B12,120.659445,24.190491,3
2022,11,15,10,56,臺中市,西區,0,1,0,8,1,5,50,4,1,1,5,4,5,7,1,1,10,5,5,2,16,6,3,10,1,1,B03,7,6,1,8,2,5,,6,6,1,2,9,B03,120.67016,24.139509,2
2022,11,15,10,56,臺中市,南區,0,0,0,8,,,50,,,,,,,,,,,,,,,23,,,,,B03,,,1,,1,,,23,23,1,19,,B03,120.658325,24.112558,3
2022,11,15,10,56,臺中市,清水區,0,1,0,8,1,5,40,14,8,1,5,4,5,7,4,4,1,4,1,1,18,43,2,8,2,4,F01,7,21,8,20,8,16,,43,43,1,22,9,F01,120.548255,24.292948,2
2022,11,15,11,4,臺中市,南區,0,1,0,8,1,5,50,14,9,1,5,4,5,7,4,4,5,4,5,2,13,16,2,9,1,1,C03,7,9,1,10,2,11,,16,16,1,22,8,C03,120.683494,24.133377,2
2022,11,15,11,6,臺中市,烏日區,0,0,0,8,,,30,,,,,,,,,,,,,,,19,,,,,C03,,,1,,2,,,19,,1,21,,C03,120.642411,24.104184,3
2022,11,15,11,10,臺中市,清水區,0,0,0,,,,5,,,,,,,,,,,,,,,19,,,,,B02,,,1,,2,,,19,,1,5,,B02,120.572031,24.274704,3
2022,11,15,11,11,臺中市,豐原區,0,0,0,8,,,50,,,,,,,,,,,,,,,12,,,,,B03,,,1,,2,,,12,,1,19,,B03,120.707778,24.250074,3
2022,11,15,11,12,臺中市,北區,0,1,0,8,1,5,50,4,1,1,5,4,5,7,1,1,1,4,5,2,12,17,3,10,1,1,B03,7,9,1,8,2,2,,17,17,1,5,5,B03,120.687799,24.165244,2
2022,11,15,11,14,臺中市,大甲區,0,0,0,8,,,50,,,,,,,,,,,,,,,23,,,,,C03,,,1,,2,,,23,,1,4,,C03,120.625363,24.340203,3
2022,11,15,11,17,臺中市,西屯區,0,0,0,8,,,50,,,,,,,,,,,,,,,23,,,,,B03,,,1,,2,,,23,,1,22,,B03,120.654621,24.165951,4
2022,11,15,11,21,臺中市,西屯區,0,0,0,8,,,70,,,,,,,,,,,,,,,42,,,,,B03,,,1,,1,,,42,,1,22,,B03,120.602821,24.18289,3
2022,11,15,11,21,臺中市,沙鹿區,0,0,0,8,,,50,,,,,,,,,,,,,,,42,,,,,B12,,,1,,2,,,42,,1,22,,B12,120.573206,24.226119,3
2022,11,15,11,25,臺中市,南屯區,0,0,0,,,,80,,,,,,,,,,,,,,,44,,,,,B03,,,1,,2,,,44,,1,22,,B03,120.623033,24.140267,3
2022,11,15,11,27,臺中市,南區,0,1,0,8,1,5,50,4,2,1,5,4,5,7,4,4,1,4,5,2,12,43,3,10,1,1,B03,7,9,1,8,2,8,,43,43,1,5,8,B03,120.655221,24.114972,2
2022,11,15,11,29,臺中市,中區,0,1,0,8,1,5,50,4,1,1,5,4,5,7,1,1,10,5,5,2,15,25,3,10,1,1,B03,7,9,1,8,2,5,,25,25,1,4,5,B03,120.675044,24.143557,2
2022,11,15,11,30,臺中市,南屯區,0,0,0,8,,,50,,,,,,,,,,,,,,,23,,,,,B03,,,1,,1,,,23,,1,22,,B03,120.646683,24.150435,3
2022,11,15,11,38,臺中市,北區,0,1,0,8,1,5,40,5,1,1,5,4,5,7,2,1,10,5,5,2,14,12,3,10,1,1,B03,7,2,1,8,1,3,,12,12,1,22,9,B03,120.68892,24.153024,2
2022,11,15,11,42,臺中市,西屯區,0,1,0,8,1,5,50,14,7,1,5,4,5,7,4,4,5,5,4,2,12,7,3,10,1,1,B12,7,7,1,8,2,8,,7,7,1,22,8,B12,120.625203,24.184955,2
2022,11,15,11,44,臺中市,豐原區,0,0,0,8,,,50,,,,,,,,,,,,,,,16,,,,,C03,,,3,,2,,,16,,1,22,,C03,120.711615,24.239648,3
2022,11,15,11,53,臺中市,南屯區,0,1,0,8,1,5,50,4,1,1,5,4,5,7,1,1,10,5,5,2,12,26,3,10,1,1,B12,7,9,1,7,9,2,,26,26,2,22,8,B12,120.642121,24.146841,2
2022,11,15,11,53,臺中市,豐原區,0,3,0,8,1,5,40,4,1,1,5,4,5,7,1,1,5,5,5,2,16,25,2,7,1,1,C03,7,9,1,10,2,12,,25,25,1,5,8,C03,120.72462,24.229181,2
2022,11,15,11,59,臺中市,沙鹿區,0,2,0,8,1,5,50,4,2,1,5,4,5,7,1,1,3,4,4,2,16,9,2,9,1,1,C03,7,5,1,10,2,12,,8,9,1,22,8,C03,120.565952,24.231117,2
2022,11,15,12,1,臺中市,西區,0,1,0,8,1,5,50,4,2,1,5,4,5,7,2,1,3,4,4,2,13,23,3,10,1,1,A41,7,9,1,1,2,8,,23,23,1,21,8,A41,120.66578,24.137898,2
2022,11,15,12,3,臺中市,南屯區,0,1,0,8,1,5,50,4,1,1,5,4,5,7,1,1,5,4,5,2,17,6,3,10,1,1,B03,7,5,1,8,2,2,,6,6,1,22,8,B03,120.652977,24.141847,2
2022,11,15,12,3,臺中市,北屯區,0,1,0,8,1,5,50,14,9,1,5,4,5,7,4,4,9,4,5,2,17,42,2,9,1,1,C03,7,9,1,10,2,12,,42,42,1,5,8,C03,120.680716,24.195498,2
2022,11,15,12,4,臺中市,大甲區,0,0,0,8,,,50,,,,,,,,,,,,,,,12,,,,,B03,,,1,,1,,,12,,1,4,,B03,120.620708,24.345528,3
2022,11,15,12,5,臺中市,大肚區,0,1,0,8,1,5,50,14,9,1,5,4,5,7,4,4,9,5,5,1,12,23,3,10,1,1,A02,7,4,1,2,2,2,,23,23,1,10,4,A02,120.578183,24.166924,2
2022,11,15,12,10,臺中市,后里區,0,0,0,8,,,50,,,,,,,,,,,,,,,12,,,,,B03,,,1,,2,,,12,,1,21,,B03,120.728618,24.325992,3
2022,11,15,12,12,臺中市,北屯區,0,0,0,8,,,50,,,,,,,,,,,,,,,23,,,,,B03,,,1,,1,,,23,,1,21,,B03,120.693286,24.200871,3
2022,11,15,12,16,臺中市,太平區,0,1,0,8,1,5,50,4,1,1,5,4,5,7,3,1,10,5,5,2,15,6,3,10,1,1,B03,7,9,1,8,2,4,,6,6,1,9,7,B03,120.718209,24.130834,2
2022,11,15,12,18,臺中市,北區,0,1,0,8,1,5,50,4,1,1,5,4,5,7,1,1,5,4,5,2,16,23,2,9,1,1,C03,7,9,1,10,2,11,,23,23,1,5,5,C03,120.681796,24.144577,2
2022,11,15,12,24,臺中市,龍井區,0,1,0,8,1,5,40,14,8,1,5,4,3,7,4,4,3,4,3,1,17,23,2,9,1,1,C03,7,9,1,10,11,11,,23,23,1,20,9,C03,120.590143,24.184027,2
2022,11,15,12,25,臺中市,西屯區,0,1,0,8,1,5,50,14,7,1,5,4,5,7,4,4,1,4,4,2,29,42,3,10,1,1,C03,7,9,1,10,1,15,,42,42,1,22,8,C03,120.633397,24.18001,2
2022,11,15,12,40,臺中市,西區,0,1,0,8,1,5,50,4,1,1,5,4,5,7,1,1,10,5,5,2,16,6,3,10,3,4,B01,7,6,1,4,2,2,,6,6,1,10,8,B01,120.66576,24.136553,2
2022,11,15,12,45,臺中市,豐原區,0,0,0,8,,,50,,,,,,,,,,,,,,,17,,,,,B12,,,1,,2,,,17,,1,21,,B12,120.706834,24.251872,4
2022,11,15,12,54,臺中市,豐原區,0,1,0,8,1,5,30,14,9,1,5,4,5,7,4,4,10,5,5,2,10,23,2,8,1,1,C03,7,9,1,10,2,11,,23,23,1,22,8,C03,120.725023,24.253145,2
2022,11,15,12,55,臺中市,太平區,0,1,0,8,1,5,50,14,9,1,5,4,5,7,4,4,9,5,5,2,17,19,3,10,3,4,B03,7,1,1,8,2,8,,19,19,1,9,8,B03,120.711451,24.156485,2
2022,11,15,13,5,臺中市,神岡區,0,0,0,8,,,30,,,,,,,,,,,,,,,12,,,,,B12,,,1,,1,,,12,,1,22,,B12,120.650543,24.261543,3
2022,11,15,13,6,臺中市,太平區,0,1,0,8,1,5,50,3,1,1,5,4,5,7,4,4,10,5,5,2,29,67,,,,,,,,,,,,,67,67,1,,,,120.715614,24.141648,2
2022,11,15,13,18,臺中市,烏日區,0,0,0,8,,,70,,,,,,,,,,,,,,,25,,,,,B03,,,1,,2,,,25,,1,5,,B03,120.589813,24.113631,3
2022,11,15,13,20,臺中市,南屯區,0,1,0,8,1,5,40,14,20,1,5,4,5,7,4,4,1,4,1,2,17,26,2,9,1,1,C03,7,9,1,10,2,11,,26,26,1,22,8,C03,120.638116,24.118761,2
2022,11,15,13,24,臺中市,西區,0,0,0,8,,,60,,,,,,,,,,,,,,,16,,,,,B03,,,1,,1,,,16,,1,4,,B03,120.669416,24.151224,3
2022,11,15,13,24,臺中市,后里區,0,1,0,8,1,5,50,4,2,1,5,4,5,7,2,1,1,4,5,1,17,17,3,10,1,1,B03,7,6,1,6,2,5,,17,17,1,22,8,B03,120.722432,24.30884,2
2022,11,15,13,25,臺中市,東區,0,1,0,8,1,8,50,14,5,1,5,4,5,7,4,4,5,4,5,2,16,7,2,9,1,1,C03,7,7,1,10,2,14,,7,7,1,22,8,C03,120.688854,24.136936,2
2022,11,15,13,32,臺中市,北區,0,0,0,8,,,50,,,,,,,,,,,,,,,6,,,,,B03,,,1,,2,,,6,,1,22,,B03,120.684225,24.154433,3
2022,11,15,13,42,臺中市,清水區,0,1,0,8,1,5,40,14,8,1,5,4,5,7,1,1,1,2,4,2,12,19,3,10,1,1,B12,7,1,1,8,2,8,,19,19,1,5,1,B12,120.579015,24.278485,2
2022,11,15,13,44,臺中市,北屯區,0,0,0,,,,50,,,,,,,,,,,,,,,23,,,,,C03,,,1,,2,,,23,,1,22,,C03,120.668961,24.174153,3
2022,11,15,13,45,臺中市,龍井區,0,0,0,8,,,60,,,,,,,,,,,,,,,23,,,,,B12,,,1,,2,,,23,,1,21,,B12,120.577688,24.186512,3
2022,11,15,13,46,臺中市,西屯區,0,0,0,8,,,40,,,,,,,,,,,,,,,18,,,,,B03,,,1,,1,,,18,,1,22,,B03,120.661073,24.164726,3
2022,11,15,13,50,臺中市,南屯區,0,0,0,8,,,50,,,,,,,,,,,,,,,23,,,,,B03,,,1,,2,,,23,,1,22,,B03,120.646752,24.147215,3
2022,11,15,13,51,臺中市,西屯區,0,0,0,8,,,30,,,,,,,,,,,,,,,12,,,,,B03,,,1,,1,,,12,,1,21,,B03,120.654725,24.165831,3
2022,11,15,13,51,臺中市,新社區,0,1,0,8,1,5,30,4,1,1,5,4,5,7,4,4,10,5,5,2,15,6,2,9,1,1,C03,7,9,1,10,2,12,,6,23,1,22,8,C03,120.812291,24.197603,2
2022,11,15,13,54,臺中市,太平區,0,1,0,8,1,5,50,4,1,1,5,4,5,7,4,4,10,5,5,2,15,6,2,9,1,1,C03,7,9,6,10,2,11,,6,6,1,22,5,C03,120.724432,24.143982,2
2022,11,15,14,1,臺中市,西區,0,0,0,8,,,50,,,,,,,,,,,,,,,23,,,,,B12,,,1,,1,,,23,23,1,21,,B12,120.674717,24.137723,3
2022,11,15,14,3,臺中市,梧棲區,0,1,0,8,1,5,50,4,1,1,5,4,5,7,4,4,10,5,5,2,15,6,2,9,1,1,C03,7,9,1,10,2,11,,6,6,1,12,8,C03,120.535963,24.24681,2
2022,11,15,14,6,臺中市,東區,0,2,0,8,1,5,50,4,1,1,5,4,5,7,2,1,5,4,4,2,15,25,2,9,1,1,C03,7,9,1,10,2,12,,25,25,1,9,5,C03,120.699663,24.144684,2
2022,11,15,14,7,臺中市,西屯區,0,1,0,8,1,5,50,14,9,1,5,4,5,7,4,4,1,4,5,2,12,9,3,10,1,1,B03,7,6,1,8,2,2,,9,9,1,22,8,B03,120.640925,24.182346,2
2022,11,15,14,16,臺中市,西區,0,1,0,8,1,5,50,4,1,1,5,4,5,7,2,1,10,5,5,2,16,6,3,10,1,1,B03,7,5,1,8,1,1,,6,6,1,4,8,B03,120.669792,24.143996,2
2022,11,15,14,20,臺中市,大雅區,0,1,0,8,1,5,50,4,1,1,5,4,5,7,1,1,5,5,4,1,16,23,3,10,1,1,B02,7,5,1,8,2,8,,23,23,1,22,9,B02,120.654328,24.229409,2
2022,11,15,14,25,臺中市,西屯區,0,1,0,8,1,5,50,14,9,1,5,4,5,7,4,4,5,4,5,2,16,19,3,10,1,1,B03,7,1,1,8,2,8,,19,19,1,22,8,B03,120.616217,24.186163,2
2022,11,15,14,26,臺中市,南屯區,0,1,0,8,1,5,50,14,9,1,5,4,5,7,4,4,5,5,5,2,16,10,3,10,1,1,B03,7,11,1,8,2,1,,10,10,1,22,8,B03,120.651588,24.152773,2
2022,11,15,14,37,臺中市,南區,0,1,0,8,1,5,50,3,1,1,5,4,5,7,4,4,10,5,5,2,16,6,3,10,1,1,B12,7,5,1,8,2,2,,6,6,1,5,8,B12,120.676128,24.131488,2
2022,11,15,14,40,臺中市,北屯區,0,1,0,8,1,5,50,4,1,1,5,4,5,7,2,1,10,5,5,2,11,8,3,10,1,1,B11,7,5,1,8,2,2,,8,8,1,5,4,B11,120.729614,24.171167,2
2022,11,15,14,40,臺中市,神岡區,0,0,0,8,,,40,,,,,,,,,,,,,,,42,,,,,B03,,,1,,1,,,42,42,1,22,,B03,120.65726,24.270707,3
2022,11,15,14,52,臺中市,北區,0,1,0,8,1,5,50,14,9,1,5,4,5,7,4,4,5,5,5,2,17,19,2,9,1,1,C03,7,1,1,10,2,11,,19,19,1,22,9,C03,120.682064,24.160262,2
2022,11,15,14,55,臺中市,太平區,0,0,0,8,,,50,,,,,,,,,,,,,,,16,,,,,B12,,,1,,2,,,16,,1,22,,B12,120.714549,24.149924,3
2022,11,15,14,55,臺中市,大甲區,0,1,0,8,1,5,50,14,12,1,5,4,5,7,4,4,9,5,4,1,14,12,3,10,1,1,B12,7,2,1,8,2,3,,12,12,1,4,8,B12,120.633855,24.35635,2
2022,11,15,15,2,臺中市,南屯區,0,0,0,8,,,50,,,,,,,,,,,,,,,6,,,,,B01,,,1,,2,,,6,,1,22,,B01,120.615206,24.151555,3
2022,11,15,15,4,臺中市,沙鹿區,0,1,0,8,1,5,40,14,8,1,5,4,5,7,4,4,10,5,3,1,17,23,3,10,1,1,C03,7,9,1,10,2,12,,23,23,1,18,9,C03,120.577405,24.224319,2
2022,11,15,15,20,臺中市,北屯區,0,0,0,8,,,50,,,,,,,,,,,,,,,7,,,,,B03,,,1,,9,,,7,,1,22,,B03,120.669993,24.176527,3
2022,11,15,15,24,臺中市,龍井區,0,1,0,8,1,5,30,3,9,1,5,4,5,7,4,4,10,5,5,1,17,8,3,10,1,1,C03,7,5,1,10,2,15,,8,8,1,2,8,C03,120.588457,24.178243,2
2022,11,15,15,25,臺中市,太平區,0,1,0,8,1,5,50,4,1,1,5,4,5,7,4,4,10,5,5,2,16,9,3,10,1,1,B03,7,6,1,8,1,5,,9,9,1,22,5,B03,120.711112,24.151631,2
2022,11,15,15,26,臺中市,南屯區,0,0,0,,,,50,,,,,,,,,,,,,,,16,,,,,B03,,,1,,1,,,16,,1,22,,B03,120.617472,24.159071,3
2022,11,15,15,26,臺中市,后里區,0,0,0,6,,,50,,,,,,,,,,,,,,,23,,,,,A41,,,1,,2,,,23,,1,10,,A41,120.697386,24.313109,3
2022,11,15,15,28,臺中市,西屯區,0,0,0,8,,,50,,,,,,,,,,,,,,,16,,,,,B03,,,1,,1,,,16,,1,22,,B03,120.659402,24.171039,3
2022,11,15,15,31,臺中市,西屯區,0,1,0,8,1,5,50,14,9,1,5,4,5,7,4,4,1,4,5,1,13,23,2,9,1,4,C03,7,9,2,18,2,11,,23,23,1,4,8,C03,120.594749,24.195395,2
2022,11,15,15,33,臺中市,北屯區,0,1,0,8,1,5,50,4,1,1,5,4,5,7,2,1,10,5,5,2,16,25,3,10,1,1,B12,7,5,1,8,2,2,,25,25,1,21,8,B12,120.702512,24.186502,2
2022,11,15,15,34,臺中市,西屯區,0,0,0,8,,,50,,,,,,,,,,,,,,,12,,,,,B12,,,1,,1,,,12,,1,22,,B12,120.609809,24.168326,3
2022,11,15,15,37,臺中市,北區,0,0,0,8,,,50,,,,,,,,,,,,,,,23,,,,,B03,,,1,,2,,,23,,1,22,,B03,120.664016,24.157527,3
2022,11,15,15,40,臺中市,烏日區,0,0,0,8,,,40,,,,,,,,,,,,,,,18,,,,,B03,,,1,,2,,,18,,1,21,,B03,120.637019,24.10729,3
2022,11,15,15,45,臺中市,北區,0,1,0,8,1,5,50,3,1,1,5,4,5,7,1,1,3,4,4,2,16,6,3,10,1,1,B03,7,5,1,8,2,6,,6,6,1,22,8,B03,120.689536,24.147105,2
2022,11,15,15,45,臺中市,西屯區,0,0,0,,,,50,,,,,,,,,,,,,,,23,,,,,B03,,,1,,2,,,23,,1,22,,B03,120.636224,24.169578,3
2022,11,15,15,45,臺中市,和平區,0,0,0,8,1,3,30,14,9,1,5,4,5,7,4,4,10,5,5,1,20,17,3,10,1,1,B03,7,9,1,8,2,2,,17,17,1,9,6,B03,121.284166,24.304862,3
2022,11,15,15,53,臺中市,神岡區,0,0,0,8,,,50,,,,,,,,,,,,,,,16,,,,,B12,,,1,,2,,,16,,1,10,,B12,120.682783,24.243231,3
2022,11,15,15,56,臺中市,北屯區,0,0,0,8,,,50,,,,,,,,,,,,,,,16,,,,,C03,,,1,,1,,,16,,1,22,,C03,120.712735,24.1727,3
2022,11,15,15,56,臺中市,太平區,0,0,0,8,,,50,,,,,,,,,,,,,,,16,,,,,B03,,,3,,1,,,16,,1,9,,B03,120.72274,24.13154,3
2022,11,15,15,57,臺中市,太平區,0,1,0,8,1,5,50,4,1,1,5,4,5,7,1,1,10,5,5,2,13,16,2,9,1,1,C03,7,9,1,10,2,14,,16,16,1,18,1,C03,120.723713,24.133922,2
2022,11,15,15,58,臺中市,龍井區,0,2,0,8,1,5,50,4,3,1,5,4,5,7,1,1,10,5,5,2,12,23,2,8,1,1,C03,7,6,1,10,2,12,,23,23,1,18,8,C03,120.592953,24.182872,2
2022,11,15,16,0,臺中市,太平區,0,1,0,8,1,5,50,4,1,1,5,4,5,7,1,1,10,5,5,2,16,6,3,10,3,4,B03,7,6,1,8,2,2,,6,6,1,9,8,B03,120.724025,24.111108,2
2022,11,15,16,2,臺中市,北屯區,0,1,0,8,1,5,40,14,8,1,5,4,5,7,4,4,5,5,4,2,17,40,3,10,1,1,B03,7,13,1,8,2,4,,40,40,1,22,8,B03,120.716626,24.180216,2
2022,11,15,16,2,臺中市,神岡區,0,1,0,8,1,5,30,3,9,1,5,4,5,7,4,4,10,5,5,2,14,12,3,10,3,4,B03,7,2,1,8,2,6,,12,12,1,22,9,B03,120.687949,24.25632,2
2022,11,15,16,6,臺中市,北屯區,0,0,0,8,,,50,,,,,,,,,,,,,,,23,,,,,C03,,,1,,1,,,23,,1,22,,C03,120.697833,24.173467,3
2022,11,15,16,14,臺中市,神岡區,0,0,0,8,,,50,,,,,,,,,,,,,,,23,,,,,B12,,,1,,2,,,23,23,1,22,,B12,120.684257,24.245652,3
2022,11,15,16,16,臺中市,南屯區,0,2,0,8,1,5,50,14,9,1,5,4,5,7,4,4,8,3,5,2,16,23,2,9,1,1,C03,7,9,1,10,2,11,12,23,23,1,22,8,C03,120.615083,24.151681,2
2022,11,15,16,18,臺中市,東勢區,0,1,0,8,1,5,30,11,9,1,5,4,5,7,4,4,10,5,5,1,11,5,3,10,1,1,B03,7,5,1,8,2,1,,5,5,1,22,8,B03,120.832745,24.255701,2
2022,11,15,16,20,臺中市,西屯區,0,0,0,8,,,50,,,,,,,,,,,,,,,26,,,,,C01,,,3,,11,,,26,26,1,22,,C01,120.640973,24.155593,3
2022,11,15,16,21,臺中市,西屯區,0,0,0,8,,,50,,,,,,,,,,,,,,,23,,,,,B03,,,1,,1,,,23,,1,22,,B03,120.64679,24.158926,3