年,月,日,時,分,縣市,區,死,受傷,2-30,天候,光線,道路類別,速限,道路型態,事故位置,路面鋪裝,路面狀態,路面缺陷,障礙物,視距,號誌種類,號誌動作,分向設施,快車道或一般車道間,快慢車道間,路面邊線,事故類型及型態,主要肇因,受傷程度,主要傷處,保護裝備,行動電話,當事者區分,車輛用途,當事者行動狀態,駕駛資格情形,駕駛執照種類,飲酒情形,車輛撞擊部位最初,車輛撞擊部位其他,肇事因素個別,肇事因素主要,肇事逃逸,職業,旅次目的,車種,GPS緯度,GPS經度,事故類別
2022,11,16,18,10,臺中市,大雅區,0,0,0,8,,,30,,,,,,,,,,,,,,,23,,,,,B03,,,1,,1,,,23,,1,22,,B03,120.648388,24.23474,3
2022,11,16,18,10,臺中市,大雅區,0,0,0,8,,,30,,,,,,,,,,,,,,,12,,,,,B12,,,1,,2,,,12,,1,22,,B12,120.668372,24.236224,3
2022,11,16,18,10,臺中市,太平區,0,2,0,8,3,5,50,4,1,1,5,4,5,7,2,1,10,5,5,2,16,6,2,9,1,1,C03,7,5,1,10,2,11,,6,6,1,21,8,C03,120.735892,24.147468,2
2022,11,16,18,14,臺中市,西屯區,0,1,0,8,3,5,50,14,9,1,5,4,5,7,4,4,1,4,5,2,13,16,2,9,1,1,C03,7,9,1,10,2,11,12,16,16,1,22,8,C03,120.663013,24.172513,2
2022,11,16,18,17,臺中市,豐原區,0,4,0,8,3,5,50,4,1,1,5,4,5,7,4,4,10,5,5,2,17,14,2,9,1,1,C03,7,9,3,18,2,11,,14,14,1,22,8,C03,120.71569,24.249221,2
2022,11,16,18,19,臺中市,南區,0,0,0,8,,,50,,,,,,,,,,,,,,,42,,,,,B03,,,1,,2,,,42,,1,22,,B03,120.666078,24.117029,3
2022,11,16,18,19,臺中市,北屯區,0,0,0,8,,,50,,,,,,,,,,,,,,,26,,,,,C03,,,2,,1,,,26,,1,16,,C03,120.694373,24.165371,3
2022,11,16,18,24,臺中市,大里區,0,0,0,8,,,50,,,,,,,,,,,,,,,23,,,,,C03,,,1,,2,,,23,,1,12,,C03,120.69083,24.092309,3
2022,11,16,18,25,臺中市,烏日區,0,0,0,8,,,30,,,,,,,,,,,,,,,17,,,,,B03,,,1,,1,,,17,,1,21,,B03,120.647121,24.083483,3
2022,11,16,18,28,臺中市,沙鹿區,0,2,0,8,3,5,50,4,1,1,5,4,5,7,4,4,10,5,5,2,16,23,3,10,1,1,B03,7,5,1,8,2,4,,23,23,1,21,8,B03,120.566711,24.241649,2
2022,11,16,18,30,臺中市,大里區,0,0,0,8,,,50,,,,,,,,,,,,,,,23,,,,,B01,,,1,,9,,,23,,1,10,,B01,120.687684,24.110231,3
2022,11,16,18,31,臺中市,西屯區,0,0,0,8,,,50,,,,,,,,,,,,,,,7,,,,,C03,,,1,,1,,,7,,1,22,,C03,120.59745,24.191535,3
2022,11,16,18,34,臺中市,南區,0,0,0,8,,,50,,,,,,,,,,,,,,,23,,,,,B03,,,1,,2,,,23,,1,22,,B03,120.674781,24.131613,3
2022,11,16,18,40,臺中市,東勢區,0,1,0,8,3,5,40,14,9,1,5,4,5,7,4,4,5,5,5,1,17,23,2,7,3,4,B03,7,9,1,8,2,5,,23,23,1,22,8,B03,120.840381,24.184402,2
2022,11,16,18,44,臺中市,西區,0,0,0,8,3,5,50,14,9,1,5,4,5,7,4,4,5,5,5,2,13,16,3,10,3,4,C03,7,9,1,10,8,11,,16,16,1,21,8,C03,120.664149,24.146719,3
2022,11,16,18,45,臺中市,西屯區,0,2,0,8,1,5,50,4,1,1,5,4,5,7,1,1,8,4,4,1,16,6,2,9,1,4,C03,7,9,1,10,2,11,,6,6,1,4,8,C03,120.638283,24.177346,2
2022,11,16,18,49,臺中市,西屯區,0,1,0,8,3,5,50,4,8,1,5,4,5,7,2,1,10,5,5,2,12,43,3,10,1,1,C03,7,9,1,10,2,12,,43,43,1,22,8,C03,120.644476,24.194476,2
2022,11,16,18,53,臺中市,梧棲區,0,0,0,8,3,5,50,14,9,1,5,4,5,7,4,4,5,5,5,1,18,42,3,10,1,1,C03,7,9,3,18,8,14,,42,42,1,20,8,C03,120.54171,24.260931,3
2022,11,16,18,53,臺中市,豐原區,0,1,0,8,3,5,50,14,8,1,5,4,5,7,4,4,5,5,4,2,17,19,3,10,1,1,B03,7,1,1,8,2,5,,19,19,1,19,7,B03,120.721978,24.25312,2
2022,11,16,18,55,臺中市,大里區,0,0,0,8,3,5,50,14,13,1,5,4,5,7,4,4,5,5,5,1,17,23,,,,,B03,,,1,,2,,,23,23,1,22,,B03,120.700966,24.110399,3
2022,11,16,18,57,臺中市,沙鹿區,0,0,0,8,,,50,,,,,,,,,,,,,,,44,,,,,B03,,,1,,9,,,44,44,1,21,,B03,120.56555,24.23713,3
2022,11,16,19,4,臺中市,大雅區,0,1,0,8,3,5,50,3,2,1,5,4,5,7,1,1,1,4,4,2,13,42,2,9,1,1,C03,7,9,1,10,2,11,,42,42,1,22,9,C03,120.633341,24.238008,2
2022,11,16,19,5,臺中市,沙鹿區,0,2,0,8,3,5,40,14,8,1,5,4,5,7,4,4,1,5,5,1,13,23,2,9,1,1,C03,7,9,1,10,2,11,,23,23,1,21,8,C03,120.560349,24.241186,2
2022,11,16,19,10,臺中市,大里區,0,3,0,8,3,5,50,5,1,1,5,4,5,7,4,4,10,5,5,2,16,6,2,9,1,1,C03,7,9,1,10,2,14,,6,6,1,19,8,C03,120.675726,24.097793,2
2022,11,16,19,13,臺中市,龍井區,0,0,0,8,,,30,,,,,,,,,,,,,,,67,,,,,,,,,,,,,67,,1,,,,120.585055,24.179971,3
2022,11,16,19,20,臺中市,西屯區,0,1,0,8,3,5,50,14,9,1,5,4,5,7,4,4,1,4,5,2,17,6,3,10,1,1,B03,7,6,1,8,2,5,,6,6,1,21,8,B03,120.660798,24.172146,2
2022,11,16,19,21,臺中市,東區,0,2,0,8,3,5,50,5,1,1,5,4,5,7,1,1,10,5,5,2,17,16,2,9,1,1,C03,7,9,1,10,2,11,,16,16,1,22,8,C03,120.696951,24.142767,2
2022,11,16,19,26,臺中市,南屯區,0,0,0,8,,,40,,,,,,,,,,,,,,,12,,,,,B03,,,1,,2,,,12,,1,5,,B03,120.634265,24.148471,3
2022,11,16,19,32,臺中市,中區,0,2,0,8,3,5,50,14,9,1,5,4,5,7,4,4,5,4,5,2,17,26,2,9,1,1,C03,7,11,1,10,2,12,,26,26,1,4,1,C03,120.678253,24.141357,2
2022,11,16,19,45,臺中市,西區,0,2,0,8,3,5,30,3,1,1,5,4,5,7,4,4,10,5,5,2,17,8,2,8,3,4,C03,7,5,1,10,1,14,,8,6,1,21,8,C03,120.666531,24.137279,2
2022,11,16,19,52,臺中市,西區,0,1,0,8,3,5,50,4,1,1,5,4,5,7,1,1,1,4,1,2,16,26,3,10,3,4,B03,7,6,1,8,2,2,,26,26,1,21,8,B03,120.659841,24.157264,2
2022,11,16,19,56,臺中市,東區,0,2,0,8,3,5,50,14,7,1,5,4,5,7,4,4,5,5,4,2,3,51,2,9,4,5,H01,8,16,8,20,10,16,,51,51,1,5,8,H01,120.705936,24.135004,2
2022,11,16,19,58,臺中市,潭子區,0,0,0,8,,,60,,,,,,,,,,,,,,,23,,,,,B03,,,1,,2,,,23,,1,22,,B03,120.703599,24.201574,3
2022,11,16,20,0,臺中市,東區,0,1,0,8,3,5,50,14,7,1,5,4,5,7,4,4,5,4,5,2,29,67,,,,,,,,,,,,,67,67,1,,,,120.687853,24.140108,2
2022,11,16,20,9,臺中市,西區,0,2,0,8,3,5,50,4,9,1,5,4,5,7,1,1,7,4,5,2,17,8,2,8,1,1,C03,7,5,1,10,2,14,,8,8,1,19,7,C03,120.681428,24.136536,2
2022,11,16,20,9,臺中市,太平區,0,0,0,8,,,50,,,,,,,,,,,,,,,17,,,,,B02,,,1,,2,,,17,,1,22,,B02,120.718703,24.148041,3
2022,11,16,20,15,臺中市,西屯區,0,1,0,8,3,5,50,4,2,1,5,4,5,7,1,1,5,4,4,2,13,23,2,7,1,1,C03,7,9,1,10,2,11,14,23,23,1,22,8,C03,120.647996,24.169678,2
2022,11,16,20,34,臺中市,南區,0,1,0,8,1,5,50,3,1,1,5,4,5,7,4,4,10,5,5,2,17,6,3,10,1,1,B03,7,6,1,8,2,2,,6,6,1,22,8,B03,120.681952,24.12348,2
2022,11,16,20,38,臺中市,豐原區,0,1,0,8,1,5,50,4,2,1,5,4,5,7,1,1,10,5,5,2,17,16,3,10,1,1,B03,7,14,1,8,2,8,,16,16,1,22,8,B03,120.710962,24.248936,2
2022,11,16,20,41,臺中市,西屯區,0,3,0,8,3,5,50,14,8,1,5,4,5,7,4,4,1,5,5,2,17,16,2,9,3,4,C03,7,9,1,10,2,11,,16,16,1,22,9,C03,120.6082,24.183856,2
2022,11,16,20,43,臺中市,大雅區,0,1,0,8,3,5,50,4,1,1,5,4,5,7,1,1,10,4,5,1,16,25,2,9,1,1,C03,7,5,1,10,2,11,,25,25,1,22,9,C03,120.653231,24.217595,2
2022,11,16,20,48,臺中市,潭子區,0,0,0,8,,,40,,,,,,,,,,,,,,,43,,,,,,,,,,,,,43,,2,,,,120.706307,24.202625,3
2022,11,16,21,0,臺中市,北屯區,0,0,0,8,,,50,,,,,,,,,,,,,,,43,,,,,B03,,,1,,9,,,43,43,1,22,,B03,120.682451,24.171731,3
2022,11,16,21,10,臺中市,西區,0,1,0,8,3,5,50,4,1,1,5,4,5,7,4,4,10,5,5,2,16,23,2,9,1,1,C03,7,9,1,10,2,12,,23,23,1,21,8,C03,120.658361,24.146713,2
2022,11,16,21,15,臺中市,北屯區,0,2,0,8,3,5,50,4,1,1,5,4,5,7,1,1,10,5,5,2,15,43,2,9,1,1,C03,7,9,1,10,2,15,,43,43,1,21,8,C03,120.686595,24.186421,2
2022,11,16,21,26,臺中市,東區,0,0,0,8,,,30,,,,,,,,,,,,,,,42,,,,,B03,,,1,,2,,,42,,1,22,,B03,120.701374,24.144785,3
2022,11,16,21,34,臺中市,西屯區,0,4,0,8,1,5,50,11,7,1,5,4,5,7,4,4,8,4,4,1,16,19,2,9,1,4,C03,7,1,1,10,2,14,,19,19,1,4,8,C03,120.644096,24.187268,2
2022,11,16,21,36,臺中市,西屯區,0,0,0,,,,40,,,,,,,,,,,,,,,6,,,,,B03,,,1,,1,,,6,,1,22,,B03,120.621574,24.180091,3
2022,11,16,21,37,臺中市,北區,0,1,0,8,3,5,50,4,1,1,5,4,5,7,1,1,10,5,5,2,16,19,2,9,1,1,C03,7,1,1,10,2,14,,19,19,1,22,8,C03,120.676153,24.173555,2
2022,11,16,21,37,臺中市,沙鹿區,0,0,0,8,,,50,,,,,,,,,,,,,,,7,,,,,B03,,,1,,2,,,7,7,1,21,,B03,120.568207,24.238389,3
2022,11,16,21,47,臺中市,南區,0,2,0,8,1,5,50,4,1,1,5,4,3,7,1,1,10,5,5,2,17,43,3,10,1,1,B03,7,11,1,8,2,15,,43,43,1,22,8,B03,120.653832,24.122322,2
2022,11,16,21,47,臺中市,大甲區,0,0,0,8,,,50,,,,,,,,,,,,,,,23,,,,,B03,,,1,,1,,,23,23,1,22,,B03,120.617558,24.351633,3
2022,11,16,21,54,臺中市,東區,0,2,0,8,3,5,50,14,7,1,5,4,5,7,4,4,5,5,4,2,17,26,2,9,1,1,C03,7,1,1,10,2,14,,26,26,1,5,8,C03,120.696095,24.129449,2
2022,11,16,22,0,臺中市,西區,0,1,0,8,3,5,50,14,9,1,5,4,5,7,4,4,5,4,5,2,16,22,3,10,1,1,B03,7,11,1,8,2,4,,22,10,1,21,8,B03,120.661678,24.136547,2
2022,11,16,22,6,臺中市,北屯區,0,0,0,8,,,50,,,,,,,,,,,,,,,16,,,,,C03,,,2,,2,,,16,,1,21,,C03,120.686216,24.181487,3
2022,11,16,22,16,臺中市,北屯區,0,1,0,8,3,5,40,4,1,1,5,4,5,7,1,1,10,5,5,2,16,7,2,9,1,1,C03,7,7,1,10,2,14,,7,7,1,22,8,C03,120.659618,24.190186,2
2022,11,16,22,20,臺中市,東區,0,2,0,8,3,5,50,4,1,1,5,4,5,7,1,1,10,4,5,2,13,16,2,9,1,1,C03,7,9,1,10,2,11,,16,16,1,22,8,C03,120.704804,24.130636,2
2022,11,16,22,37,臺中市,北屯區,0,1,0,8,3,5,50,4,2,1,5,4,5,7,1,1,1,2,5,2,13,23,3,10,1,1,B03,7,9,1,8,2,1,,23,23,1,21,8,B03,120.690246,24.172475,2
2022,11,16,23,5,臺中市,北屯區,0,0,0,8,,,50,,,,,,,,,,,,,,,12,,,,,B12,,,1,,9,,,12,,2,21,,B12,120.682921,24.169591,3
2022,11,16,23,8,臺中市,西屯區,0,2,0,8,3,5,50,4,1,1,5,4,5,7,2,1,10,5,5,2,12,19,2,9,1,1,C03,7,1,1,10,2,12,,19,19,1,22,8,C03,120.637465,24.179054,2
2022,11,16,23,10,臺中市,南區,0,1,0,8,3,5,50,4,2,1,5,4,5,7,1,1,5,2,5,2,18,42,2,7,1,1,C03,7,7,1,10,2,15,,42,42,1,22,8,C03,120.666806,24.114368,2
2022,11,16,23,27,臺中市,南屯區,0,1,0,8,3,5,40,14,7,1,5,4,5,7,4,4,5,4,4,2,17,42,2,9,1,1,C03,7,9,1,10,2,11,,42,42,1,22,8,C03,120.619514,24.139813,2
2022,11,16,23,33,臺中市,北區,0,0,0,8,,,40,,,,,,,,,,,,,,,17,,,,,B03,,,1,,2,,,17,,1,22,,B03,120.694206,24.159031,3
2022,11,17,0,42,臺中市,西屯區,0,0,0,8,,,40,,,,,,,,,,,,,,,19,,,,,B12,,,1,,2,,,19,,1,22,,B12,120.649173,24.158513,3
2022,11,17,4,5,臺中市,霧峰區,0,2,0,8,3,5,30,3,2,1,5,4,5,7,4,4,5,4,4,2,11,26,3,10,1,1,B03,7,5,1,8,2,8,,26,26,1,18,5,B03,120.688309,24.044726,2
2022,11,17,4,48,臺中市,烏日區,0,1,0,8,3,5,50,4,2,1,5,4,5,7,2,1,5,5,5,1,10,4,3,10,3,4,B03,7,9,1,7,2,5,,4,4,1,21,9,B03,120.59039,24.113976,2
2022,11,17,5,28,臺中市,北屯區,0,1,0,8,3,5,50,14,8,1,5,4,5,7,4,4,7,5,4,2,13,23,2,9,1,1,B12,7,9,1,8,2,5,,23,23,1,10,4,B12,120.722888,24.164646,2
2022,11,17,5,45,臺中市,西屯區,0,1,0,8,1,5,50,14,9,1,5,4,5,7,4,4,1,4,5,2,12,42,2,9,1,1,C03,7,9,1,11,2,12,,42,42,1,22,8,C03,120.66545,24.173042,2
2022,11,17,6,24,臺中市,沙鹿區,0,0,0,8,,,50,,,,,,,,,,,,,,,19,,,,,B03,,,1,,2,,,19,,1,22,,B03,120.566839,24.254865,3
2022,11,17,6,28,臺中市,大雅區,0,1,0,8,2,5,50,3,1,1,5,4,5,7,1,1,10,5,5,2,13,16,2,9,1,1,C03,7,9,1,10,2,11,,16,16,1,22,1,C03,120.64138,24.22996,2
2022,11,17,6,50,臺中市,潭子區,0,0,0,8,,,50,,,,,,,,,,,,,,,23,,,,,B03,,,1,,2,,,23,,1,22,,B03,120.704441,24.213024,3
2022,11,17,6,51,臺中市,北區,0,0,0,8,,,50,,,,,,,,,,,,,,,17,,,,,A11,,,1,,11,,,17,,1,22,,A11,120.687283,24.16006,3
2022,11,17,6,56,臺中市,梧棲區,0,1,0,8,1,5,70,4,1,3,5,4,5,7,1,1,10,5,5,2,18,43,2,9,1,1,C03,7,15,1,10,2,12,,43,43,1,9,1,C03,120.513105,24.227427,2
2022,11,17,7,0,臺中市,北屯區,0,1,0,8,1,5,50,4,18,1,5,4,5,7,2,1,10,5,5,2,3,15,3,10,1,1,B01,7,5,1,4,2,8,,15,15,1,10,8,B01,120.694468,24.171495,2
2022,11,17,7,0,臺中市,沙鹿區,0,0,0,8,1,5,50,14,9,1,5,4,5,7,4,4,1,3,5,1,12,23,,,,,B03,,,1,,2,,,23,23,1,3,,B03,120.6145,24.240731,3
2022,11,17,7,0,臺中市,大甲區,0,0,0,,,,30,,,,,,,,,,,,,,,42,,,,,B03,,,1,,1,,,42,42,1,22,,B03,120.622215,24.337876,3
2022,11,17,7,8,臺中市,大雅區,0,1,0,8,1,5,30,5,1,1,5,4,5,7,4,4,10,5,5,2,17,5,3,10,1,1,B03,7,9,1,8,2,8,,5,5,1,22,8,B03,120.668405,24.20319,2
2022,11,17,7,17,臺中市,豐原區,0,0,0,8,,,50,,,,,,,,,,,,,,,26,,,,,B03,,,1,,2,,,44,26,1,22,,B03,120.70995,24.23653,3
2022,11,17,7,19,臺中市,東勢區,0,0,0,8,,,50,,,,,,,,,,,,,,,6,,,,,B03,,,1,,1,,,6,,1,9,,B03,120.83104,24.25818,3
2022,11,17,7,22,臺中市,大甲區,0,2,0,7,1,5,70,14,9,1,5,4,5,7,4,4,1,4,5,1,17,19,2,6,1,1,C03,7,1,1,10,2,11,,19,19,1,17,8,C03,120.617825,24.338516,2
2022,11,17,7,25,臺中市,西屯區,0,2,0,8,1,5,50,14,9,1,5,4,5,7,4,4,9,4,5,2,12,23,2,9,1,1,C03,7,9,1,10,2,11,,23,23,1,12,8,C03,120.631773,24.170263,2
2022,11,17,7,25,臺中市,梧棲區,0,0,0,8,,,50,,,,,,,,,,,,,,,1,,,,,C03,,,1,,9,,,1,,1,9,,C03,120.536717,24.24269,3
2022,11,17,7,26,臺中市,龍井區,0,0,0,8,,,40,,,,,,,,,,,,,,,18,,,,,B03,,,1,,2,,,18,,1,21,,B03,120.573971,24.179575,3
2022,11,17,7,27,臺中市,大里區,0,0,0,8,,,40,,,,,,,,,,,,,,,23,,,,,B03,,,1,,1,,,23,,1,22,,B03,120.690154,24.097605,3
2022,11,17,7,27,臺中市,大里區,0,0,0,8,,,50,,,,,,,,,,,,,,,23,,,,,B03,,,1,,2,,,23,,1,5,,B03,120.690996,24.101775,3
2022,11,17,7,27,臺中市,豐原區,0,0,0,8,,,50,,,,,,,,,,,,,,,10,,,,,B03,,,1,,2,,,10,10,1,21,,B03,120.721716,24.248849,3
2022,11,17,7,31,臺中市,豐原區,0,2,0,8,1,5,60,4,2,1,5,4,5,7,2,1,1,4,4,1,13,23,2,9,3,4,C03,7,9,1,10,2,11,,23,23,1,22,8,C03,120.72298,24.264072,2
2022,11,17,7,35,臺中市,西屯區,0,2,0,8,1,5,50,14,9,1,5,4,5,7,4,4,10,4,5,2,13,23,2,9,1,1,C03,7,9,1,10,2,11,,23,23,1,22,8,C03,120.637226,24.170767,2
2022,11,17,7,37,臺中市,沙鹿區,0,1,0,8,1,5,50,15,9,1,5,4,5,7,4,4,5,5,5,2,13,23,3,10,1,1,B03,7,9,1,8,2,1,,23,23,1,4,9,B03,120.560564,24.235341,2
2022,11,17,7,38,臺中市,西屯區,0,1,0,8,1,5,50,4,1,1,5,4,5,7,2,1,10,5,5,2,12,6,2,9,3,4,C03,7,6,1,10,2,12,,6,6,1,22,8,C03,120.644251,24.194815,2
2022,11,17,7,38,臺中市,烏日區,0,4,0,8,1,5,50,14,9,1,5,4,5,7,4,4,9,4,5,2,12,23,2,9,1,1,C03,7,9,4,8,2,11,,23,23,1,21,8,C03,120.623925,24.108391,2
2022,11,17,7,38,臺中市,豐原區,0,1,0,8,1,5,30,4,1,1,5,4,5,7,3,1,10,5,5,2,15,6,2,9,1,1,C03,7,9,4,8,2,14,,6,6,1,21,8,C03,120.720803,24.250598,2
2022,11,17,7,39,臺中市,西屯區,0,1,0,8,1,5,50,4,1,1,5,4,5,7,2,1,10,5,5,2,17,26,3,10,1,1,B03,7,5,1,8,2,1,,26,26,1,19,8,B03,120.650721,24.171448,2
2022,11,17,7,40,臺中市,北區,0,0,0,8,,,40,,,,,,,,,,,,,,,23,,,,,B03,,,1,,1,,,23,,1,21,,B03,120.664089,24.162142,3
2022,11,17,7,40,臺中市,烏日區,0,0,0,8,,,50,,,,,,,,,,,,,,,23,,,,,B03,,,1,,2,,,23,,1,21,,B03,120.634099,24.108047,3
2022,11,17,7,40,臺中市,豐原區,0,0,0,8,1,3,40,14,9,1,5,4,5,7,4,4,5,4,5,2,12,17,3,10,1,1,A31,7,14,1,1,2,7,7,44,17,1,21,8,A31,120.715681,24.230501,3
2022,11,17,7,41,臺中市,西屯區,0,0,0,8,,,50,,,,,,,,,,,,,,,23,,,,,C03,,,1,,11,,,23,,1,22,,C03,120.649796,24.162755,3
2022,11,17,7,42,臺中市,大里區,0,1,0,8,1,5,50,3,1,1,5,4,5,7,1,1,10,5,5,2,13,23,2,9,1,1,C03,7,1,1,10,2,13,11,23,23,1,5,1,C03,120.682105,24.096966,2
2022,11,17,7,44,臺中市,東勢區,0,0,0,,,,50,,,,,,,,,,,,,,,23,,,,,C03,,,1,,2,,,23,,1,9,,C03,120.82406,24.26149,3
2022,11,17,7,45,臺中市,南區,0,0,0,8,,,50,,,,,,,,,,,,,,,23,,,,,B12,,,1,8,2,,,23,23,1,5,,B12,120.657361,24.129411,3
2022,11,17,7,45,臺中市,北屯區,0,1,0,8,1,5,50,11,9,1,5,4,5,7,4,4,5,5,5,2,16,19,3,10,1,1,B03,7,1,1,8,2,8,,19,19,1,21,1,B03,120.728102,24.178792,2
2022,11,17,7,50,臺中市,太平區,0,1,0,8,1,5,30,14,9,1,5,4,5,7,4,4,5,5,5,2,18,23,2,9,1,1,F01,7,9,8,20,2,16,,23,23,1,22,6,F01,120.760939,24.127702,2
2022,11,17,7,53,臺中市,北屯區,0,2,0,8,1,5,50,14,9,1,5,4,5,7,4,4,10,5,5,2,12,1,2,8,3,4,C03,7,4,1,10,2,12,,1,1,1,21,8,C03,120.687121,24.172428,2
2022,11,17,7,54,臺中市,南區,0,0,0,8,,,30,,,,,,,,,,,,,,,42,,,,,B03,,,1,,2,,,42,42,1,22,,B03,120.665033,24.121061,3
2022,11,17,7,56,臺中市,西屯區,0,0,0,8,,,50,,,,,,,,,,,,,,,42,,,,,C03,,,1,,1,,,42,,1,22,,C03,120.617561,24.188315,3
2022,11,17,7,57,臺中市,大里區,0,2,0,8,1,5,50,14,8,1,5,4,5,7,4,4,1,4,4,1,17,43,2,9,1,1,C03,7,15,1,10,2,15,,43,43,1,22,1,C03,120.679435,24.104465,2
2022,11,17,8,11,臺中市,北區,0,0,0,8,,,50,,,,,,,,,,,,,,,23,,,,,B03,,,6,,2,,,23,,1,22,,B03,120.684735,24.164996,3
2022,11,17,8,12,臺中市,北區,0,2,0,8,1,5,50,4,1,1,5,4,5,7,4,4,5,5,5,2,15,6,2,9,1,1,C03,7,9,1,10,2,12,,6,6,1,21,8,C03,120.695978,24.156712,2
2022,11,17,8,14,臺中市,北屯區,0,0,0,8,,,50,,,,,,,,,,,,,,,16,,,,,B03,,,1,,1,,,16,,1,22,,B03,120.69827,24.173266,3
2022,11,17,8,15,臺中市,南屯區,0,1,0,8,1,5,50,4,1,1,5,4,5,7,1,1,10,5,5,2,16,8,3,10,1,1,C03,7,5,1,10,2,13,,8,8,1,4,8,C03,120.642251,24.140935,2
2022,11,17,8,15,臺中市,烏日區,0,1,0,8,1,5,30,14,9,1,5,4,5,7,4,4,10,5,5,2,17,19,3,10,1,1,B12,7,1,1,8,2,5,,19,19,1,21,8,B12,120.646903,24.10826,2
2022,11,17,8,20,臺中市,西屯區,0,0,0,8,,,30,,,,,,,,,,,,,,,23,,,,,B03,,,1,,1,,,23,,1,12,,B03,120.594654,24.196241,3
2022,11,17,8,22,臺中市,西區,0,1,0,8,1,5,50,4,1,1,5,4,5,7,1,1,10,5,5,2,15,6,2,8,1,1,C03,7,9,1,10,2,11,,6,6,1,22,8,C03,120.661725,24.144333,2
2022,11,17,8,23,臺中市,南屯區,0,1,0,8,1,5,50,14,9,1,5,4,5,7,4,4,9,5,5,2,11,6,3,10,3,4,B03,7,5,1,8,2,5,,6,6,1,22,8,B03,120.644027,24.134205,2
2022,11,17,8,26,臺中市,西屯區,0,0,0,8,,,50,,,,,,,,,,,,,,,19,,,,,C03,,,1,,1,,,19,,1,22,,C03,120.627487,24.200933,4
2022,11,17,8,30,臺中市,南屯區,0,0,0,,,,50,,,,,,,,,,,,,,,26,,,,,B03,,,1,,2,,,26,,1,22,,B03,120.617045,24.15536,3
2022,11,17,8,33,臺中市,北區,0,1,0,8,1,5,40,3,1,1,5,4,5,7,1,1,10,5,5,2,11,25,2,9,3,4,C03,7,9,1,10,2,11,,25,25,1,5,8,C03,120.675858,24.159215,2
2022,11,17,8,33,臺中市,豐原區,0,0,0,8,,,50,,,,,,,,,,,,,,,16,,,,,B03,,,1,,2,,,16,16,1,22,,B03,120.758177,24.27632,3
2022,11,17,8,34,臺中市,北區,0,0,0,8,,,50,,,,,,,,,,,,,,,23,,,,,B03,,,1,,2,,,23,,1,22,,B03,120.675613,24.159701,3
2022,11,17,8,35,臺中市,北屯區,0,1,0,8,1,5,50,4,1,1,5,4,5,7,4,4,10,5,5,2,15,6,3,10,1,1,B03,7,9,1,8,2,1,,6,6,1,21,8,B03,120.708601,24.166261,2
2022,11,17,8,37,臺中市,大里區,0,2,0,8,1,5,50,4,1,1,5,4,5,7,4,4,5,2,5,1,15,6,2,8,1,1,C03,7,9,1,10,2,11,,6,6,1,22,9,C03,120.693307,24.08551,2
2022,11,17,8,40,臺中市,大雅區,0,1,0,8,1,5,50,15,8,1,5,4,5,7,4,4,5,4,5,1,17,40,3,10,1,1,B12,7,13,1,8,2,4,,40,40,1,21,8,B12,120.650828,24.216732,2
2022,11,17,8,41,臺中市,大肚區,0,1,0,8,1,5,40,14,8,1,5,4,5,7,4,4,1,4,4,1,17,12,3,10,1,1,C03,7,2,1,10,2,13,,12,12,1,21,1,C03,120.547944,24.154444,2
2022,11,17,8,42,臺中市,大里區,0,2,0,8,1,5,40,14,9,1,5,4,5,7,4,4,10,5,5,2,17,42,2,9,1,1,C02,7,9,4,10,2,14,,42,42,1,22,8,C02,120.671645,24.084638,2
2022,11,17,8,44,臺中市,豐原區,0,3,0,8,1,5,50,14,9,1,5,4,5,7,4,4,5,5,5,1,16,9,2,1,1,1,C03,7,6,1,10,2,11,,9,9,1,21,8,C03,120.722258,24.245729,2
2022,11,17,8,47,臺中市,北屯區,0,1,0,8,1,5,50,14,9,1,5,4,5,7,4,4,1,4,5,2,16,7,3,10,1,1,B03,7,8,1,8,2,5,,7,7,1,21,8,B03,120.69623,24.171096,2
2022,11,17,8,49,臺中市,東區,0,2,0,8,1,5,40,4,1,1,5,4,5,7,4,4,10,5,5,2,15,6,2,9,1,1,C03,7,9,1,10,2,12,,6,6,1,21,8,C03,120.695571,24.143985,2
2022,11,17,8,50,臺中市,北屯區,0,0,0,8,,,50,,,,,,,,,,,,,,,43,,,,,B03,,,1,,9,,,43,43,1,21,,B03,120.686647,24.20009,3
2022,11,17,8,50,臺中市,大里區,0,2,0,8,1,5,50,3,1,1,5,4,5,7,1,1,10,5,5,2,16,19,2,9,1,1,C03,7,1,1,10,2,13,,19,19,1,5,5,C03,120.689628,24.11677,2
2022,11,17,8,52,臺中市,南區,0,0,0,8,1,5,50,4,1,1,5,4,5,7,1,1,10,5,5,2,12,23,3,10,1,1,B03,7,4,1,8,11,8,,23,23,2,20,8,B03,120.653495,24.122737,3
2022,11,17,8,53,臺中市,沙鹿區,0,0,0,8,,,30,,,,,,,,,,,,,,,12,,,,,B03,,,1,,2,,,12,,1,22,,B03,120.575662,24.231674,3