年,月,日,時,分,縣市,區,死,受傷,2-30,天候,光線,道路類別,速限,道路型態,事故位置,路面鋪裝,路面狀態,路面缺陷,障礙物,視距,號誌種類,號誌動作,分向設施,快車道或一般車道間,快慢車道間,路面邊線,事故類型及型態,主要肇因,受傷程度,主要傷處,保護裝備,行動電話,當事者區分,車輛用途,當事者行動狀態,駕駛資格情形,駕駛執照種類,飲酒情形,車輛撞擊部位最初,車輛撞擊部位其他,肇事因素個別,肇事因素主要,肇事逃逸,職業,旅次目的,車種,GPS緯度,GPS經度,事故類別
2022,11,17,8,55,臺中市,南屯區,0,0,0,,,,50,,,,,,,,,,,,,,,26,,,,,B03,,,1,,1,,,26,,1,4,,B03,120.628661,24.149413,3
2022,11,17,9,1,臺中市,東區,0,0,0,8,,,40,,,,,,,,,,,,,,,23,,,,,B12,,,1,8,2,,,23,23,1,5,,B12,120.657443,24.129728,3
2022,11,17,9,4,臺中市,西屯區,0,0,0,8,,,80,,,,,,,,,,,,,,,23,,,,,B03,,,1,,1,,,23,23,1,21,,B03,120.625123,24.15608,3
2022,11,17,9,11,臺中市,西屯區,0,0,0,8,,,50,,,,,,,,,,,,,,,23,,,,,B03,,,1,,1,,,23,,1,12,,B03,120.64169,24.168808,3
2022,11,17,9,16,臺中市,西區,0,2,0,8,1,5,50,4,1,1,5,4,5,7,1,1,10,5,5,2,13,23,2,9,1,1,C03,7,9,1,10,2,11,,23,16,1,4,8,C03,120.669414,24.138753,2
2022,11,17,9,20,臺中市,西屯區,0,2,0,8,1,5,50,4,2,1,5,4,5,7,2,1,1,3,1,1,13,23,2,9,1,1,C03,7,9,1,10,2,11,,23,23,1,22,8,C03,120.653258,24.160817,2
2022,11,17,9,22,臺中市,潭子區,0,1,0,8,1,5,30,3,1,1,5,4,5,7,4,4,5,5,5,1,16,6,3,10,1,1,B03,7,5,1,8,2,8,,6,6,1,22,9,B03,120.697797,24.223454,2
2022,11,17,9,30,臺中市,西屯區,0,0,0,8,,,50,,,,,,,,,,,,,,,18,,,,,A12,,,1,,1,,,18,,1,22,,A12,120.643859,24.200471,3
2022,11,17,9,35,臺中市,南屯區,0,1,0,8,1,5,50,4,1,1,5,4,5,7,1,1,5,5,4,2,11,6,3,10,3,4,B03,7,5,1,8,2,1,,6,6,1,22,8,B03,120.643936,24.135908,2
2022,11,17,9,40,臺中市,南屯區,0,0,0,8,,,50,,,,,,,,,,,,,,,6,,,,,B03,,,1,,1,,,6,,1,4,,B03,120.638007,24.13215,3
2022,11,17,9,50,臺中市,沙鹿區,0,2,0,8,1,5,50,4,9,1,5,4,5,7,1,1,4,3,4,1,3,25,2,9,1,1,C03,7,9,4,11,2,11,,25,25,1,22,8,C03,120.575215,24.226738,2
2022,11,17,9,55,臺中市,南屯區,0,0,0,8,,,50,,,,,,,,,,,,,,,43,,,,,B12,,,1,,2,,,43,,1,22,,B12,120.630013,24.147238,3
2022,11,17,9,55,臺中市,西屯區,0,1,0,8,1,5,40,4,2,1,5,4,5,7,4,4,5,5,4,2,16,40,3,10,3,4,B03,7,13,1,8,2,4,,40,40,1,22,8,B03,120.635013,24.165525,2
2022,11,17,9,55,臺中市,太平區,0,1,0,8,1,5,40,14,9,1,5,4,5,7,4,4,5,5,5,2,16,19,3,10,1,1,G03,7,1,1,8,2,8,,19,19,1,9,4,G03,120.702727,24.117294,2
2022,11,17,9,59,臺中市,沙鹿區,0,1,0,8,1,5,50,3,1,1,5,4,5,7,1,1,5,4,5,2,12,4,2,9,1,1,C03,7,9,1,10,2,12,,4,4,1,22,9,C03,120.571385,24.199228,2
2022,11,17,10,1,臺中市,北區,0,0,0,,,,50,,,,,,,,,,,,,,,23,,,,,B03,,,1,,2,,,23,,1,5,,B03,120.681081,24.167825,3
2022,11,17,10,5,臺中市,西屯區,0,0,0,8,,,30,,,,,,,,,,,,,,,23,,,,,B02,,,1,,1,,,23,,2,22,,B02,120.648978,24.182921,3
2022,11,17,10,9,臺中市,潭子區,0,0,0,8,,,50,,,,,,,,,,,,,,,12,,,,,B12,,,1,,2,,,12,,1,22,,B12,120.702322,24.216225,3
2022,11,17,10,10,臺中市,大雅區,0,0,0,8,,,50,,,,,,,,,,,,,,,12,,,,,B03,,,1,,2,,,12,,1,22,,B03,120.648447,24.224544,3
2022,11,17,10,11,臺中市,潭子區,0,1,0,8,1,5,60,14,12,1,5,4,5,7,4,4,1,4,4,1,12,40,3,10,1,1,B12,7,14,1,8,2,4,,40,40,1,22,9,B12,120.705802,24.218467,2
2022,11,17,10,12,臺中市,沙鹿區,0,1,0,8,1,5,50,4,1,1,5,4,5,7,2,1,10,5,5,2,16,6,3,10,1,1,B03,7,6,1,5,2,2,,6,6,1,22,8,B03,120.558549,24.229505,2
2022,11,17,10,15,臺中市,西屯區,0,2,0,8,1,5,40,14,7,1,5,4,5,7,4,4,9,4,4,2,16,26,3,10,1,1,B03,7,11,1,8,2,4,3,26,26,1,12,8,B03,120.647638,24.166836,2
2022,11,17,10,16,臺中市,霧峰區,0,2,0,8,1,5,60,4,1,1,5,4,5,7,4,4,10,5,5,2,16,8,2,9,1,1,C03,7,5,1,10,2,11,,8,8,1,22,8,C03,120.696232,24.067578,2
2022,11,17,10,24,臺中市,西屯區,0,1,0,8,1,5,1,14,7,1,5,4,5,7,4,4,5,5,4,2,16,19,3,10,3,4,B03,7,1,1,8,2,8,,19,19,1,22,8,B03,120.654347,24.156904,2
2022,11,17,10,29,臺中市,大里區,0,0,0,8,,,50,,,,,,,,,,,,,,,23,,,,,B03,,,1,,9,,,23,23,2,22,,B03,120.680496,24.107261,3
2022,11,17,10,30,臺中市,神岡區,0,1,0,8,1,5,50,14,9,1,5,4,5,7,4,4,5,5,5,1,16,19,2,9,1,1,F03,7,1,8,20,2,16,,19,19,1,19,8,F03,120.699235,24.250991,2
2022,11,17,10,43,臺中市,南屯區,0,0,0,8,,,50,,,,,,,,,,,,,,,42,,,,,B11,,,1,,2,,,42,,1,10,,B11,120.649886,24.142629,3
2022,11,17,10,45,臺中市,沙鹿區,0,1,0,8,1,5,50,3,9,1,5,4,5,7,4,4,9,3,5,2,16,10,2,8,1,1,C03,7,11,1,10,2,11,,10,10,1,20,8,C03,120.55789,24.235039,2
2022,11,17,10,45,臺中市,大甲區,0,2,0,8,1,5,50,14,9,1,5,4,5,7,4,4,9,5,5,1,17,8,3,10,1,1,C03,7,5,1,10,2,11,,8,8,1,20,8,C03,120.62437,24.34934,2
2022,11,17,10,47,臺中市,太平區,0,1,0,8,1,5,30,3,1,2,5,4,5,7,4,4,5,5,5,2,1,23,3,10,1,1,C03,7,9,1,10,2,11,,23,23,1,20,5,C03,120.710238,24.153203,2
2022,11,17,10,48,臺中市,龍井區,0,1,0,8,1,5,30,14,9,1,5,4,3,7,4,4,10,5,5,2,17,23,2,9,1,1,C03,7,9,1,10,2,11,,23,23,1,18,8,C03,120.591543,24.180098,2
2022,11,17,10,50,臺中市,豐原區,0,2,0,8,1,5,50,5,1,1,5,4,5,7,1,1,10,5,5,2,17,25,2,9,3,4,C03,7,9,4,8,2,12,,25,25,1,22,8,C03,120.723504,24.252139,2
2022,11,17,10,51,臺中市,豐原區,0,0,0,8,,,60,,,,,,,,,,,,,,,16,,,,,B02,,,1,,2,,,16,16,1,21,,B02,120.737265,24.25156,3
2022,11,17,10,54,臺中市,大里區,0,1,0,8,1,5,50,4,1,1,5,4,5,7,1,1,10,5,5,1,16,6,3,10,1,1,B12,7,6,1,8,2,6,,6,6,1,22,9,B12,120.698493,24.079484,2
2022,11,17,10,58,臺中市,梧棲區,0,0,0,8,,,50,,,,,,,,,,,,,,,12,,,,,B12,,,1,,2,,,12,,1,9,,B12,120.550291,24.258348,4
2022,11,17,11,0,臺中市,大雅區,0,0,0,8,,,50,,,,,,,,,,,,,,,44,,,,,A06,,,1,,2,,,44,,1,22,,A06,120.653528,24.225208,3
2022,11,17,11,1,臺中市,西屯區,0,1,0,8,1,5,50,3,1,1,5,4,5,7,2,1,10,5,5,2,13,23,3,10,1,1,B01,7,7,1,4,2,1,,23,23,1,10,8,B01,120.627055,24.159656,2
2022,11,17,11,3,臺中市,南區,0,2,0,8,1,5,50,4,1,1,5,4,5,7,2,1,10,5,5,2,13,23,2,8,3,4,C03,7,9,1,10,2,11,,23,23,1,5,8,C03,120.68892,24.13126,2
2022,11,17,11,6,臺中市,北區,0,2,0,8,1,5,50,4,1,1,5,4,5,7,1,1,5,5,4,2,13,6,2,9,1,1,C03,7,9,1,10,2,12,,23,6,1,21,8,C03,120.676489,24.159195,2
2022,11,17,11,7,臺中市,中區,0,0,0,8,1,5,50,4,1,1,5,4,5,7,1,1,5,5,5,2,16,25,,,,,B03,,,1,,1,,,25,,1,21,,B03,120.680272,24.143142,3
2022,11,17,11,8,臺中市,北屯區,0,2,0,8,1,5,50,4,1,1,5,4,5,7,4,4,10,5,5,2,15,6,2,9,3,4,B03,7,9,1,8,2,5,,6,6,1,21,8,B03,120.680502,24.180582,2
2022,11,17,11,13,臺中市,東區,0,1,0,8,1,5,1,14,9,1,5,4,5,7,4,4,5,4,5,2,14,12,3,10,1,4,B03,7,2,1,8,2,6,,12,12,1,21,8,B03,120.68985,24.144401,2
2022,11,17,11,18,臺中市,中區,0,0,0,8,1,5,50,3,1,1,5,4,5,7,4,4,5,4,5,2,13,23,,,,,B03,,,1,,1,,,23,,1,4,,B03,120.68064,24.143496,3
2022,11,17,11,19,臺中市,沙鹿區,0,1,0,8,1,5,30,3,1,1,5,4,5,7,4,4,10,5,5,2,17,6,3,10,1,1,B12,7,5,1,8,2,8,,6,6,1,22,8,B12,120.615833,24.241391,2
2022,11,17,11,20,臺中市,西屯區,0,1,0,8,1,5,40,4,2,1,5,4,5,7,2,1,1,3,1,1,12,6,3,10,1,1,B03,7,6,1,8,2,5,,6,6,1,22,8,B03,120.643913,24.156379,2
2022,11,17,11,22,臺中市,南屯區,0,1,0,8,1,5,50,4,1,1,5,4,5,7,4,4,10,5,5,2,16,6,3,10,3,4,B03,7,5,1,8,2,8,,6,6,1,22,8,B03,120.6407,24.129552,2
2022,11,17,11,26,臺中市,潭子區,0,1,0,8,1,5,40,11,9,1,5,4,5,7,4,4,10,5,5,1,18,23,2,9,1,1,C03,7,9,1,10,11,11,,23,23,1,22,8,C03,120.714329,24.202707,2
2022,11,17,11,27,臺中市,北屯區,0,0,0,8,,,50,,,,,,,,,,,,,,,23,,,,,B03,,,1,,1,,,23,,1,21,,B03,120.694238,24.166913,3
2022,11,17,11,30,臺中市,西屯區,0,1,0,8,1,5,30,4,1,1,5,4,5,7,4,4,10,5,5,2,16,26,2,9,3,4,B12,7,9,1,8,2,4,,26,26,1,22,8,B12,120.608235,24.16295,2
2022,11,17,11,30,臺中市,西屯區,0,2,0,8,1,5,30,4,1,1,5,4,5,7,4,4,9,5,5,2,16,6,2,9,1,1,C03,7,9,1,10,2,11,,6,6,1,12,8,C03,120.644125,24.18064,2
2022,11,17,11,34,臺中市,西屯區,0,0,0,8,,,50,,,,,,,,,,,,,,,23,,,,,A41,,,1,,11,,,23,23,1,10,,A41,120.613673,24.173139,3
2022,11,17,11,37,臺中市,南區,0,1,0,8,1,5,50,4,1,1,5,4,5,7,1,1,5,5,5,2,18,42,2,8,1,1,C03,7,9,1,10,2,14,,42,42,1,21,4,C03,120.664535,24.122587,2
2022,11,17,11,39,臺中市,西區,0,0,0,8,,,50,,,,,,,,,,,,,,,23,,,,,B12,,,1,,2,,,23,,1,22,,B12,120.667285,24.131625,3
2022,11,17,11,42,臺中市,大里區,0,1,0,8,1,5,50,3,1,1,5,4,5,7,3,1,10,5,5,2,16,40,3,10,1,1,B03,7,13,1,6,2,4,,40,40,1,22,8,B03,120.68279,24.110166,2
2022,11,17,11,55,臺中市,南屯區,0,0,0,,,,50,,,,,,,,,,,,,,,19,,,,,C03,,,1,,1,,,19,,1,4,,C03,120.624978,24.136162,3
2022,11,17,11,58,臺中市,大里區,0,2,0,8,1,5,50,4,1,1,5,4,5,7,1,1,10,5,5,2,16,25,2,8,1,1,C03,7,9,1,10,2,12,,44,25,1,22,8,C03,120.703431,24.091517,2
2022,11,17,12,0,臺中市,西區,0,0,0,8,,,50,,,,,,,,,,,,,,,18,,,,,B02,,,1,,1,,,18,,1,4,,B02,120.668295,24.149167,3
2022,11,17,12,0,臺中市,北屯區,0,1,0,8,1,5,50,4,1,1,5,4,5,7,2,1,10,5,5,2,16,25,3,10,1,1,B02,7,5,3,18,2,2,,25,25,1,5,8,B02,120.702495,24.186435,2
2022,11,17,12,3,臺中市,北區,0,0,0,,,,50,,,,,,,,,,,,,,,16,,,,,B03,,,1,,1,,,16,,1,5,,B03,120.682681,24.148739,3
2022,11,17,12,6,臺中市,東區,0,1,0,8,1,5,50,4,1,1,5,4,5,7,2,1,5,4,5,2,13,23,2,9,3,4,C03,7,9,1,3,2,11,,23,23,1,5,8,C03,120.689216,24.140978,2
2022,11,17,12,7,臺中市,南區,0,1,0,8,1,5,50,4,1,1,5,4,5,7,1,1,1,4,4,2,15,25,3,10,3,4,B03,7,9,1,8,2,1,,25,25,1,21,8,B03,120.663368,24.121688,2
2022,11,17,12,12,臺中市,大雅區,0,2,0,8,1,5,30,3,1,1,5,4,5,7,4,4,10,5,5,2,17,6,2,7,1,1,C03,7,5,1,10,2,11,,6,6,1,22,8,C03,120.653838,24.219002,2
2022,11,17,12,15,臺中市,北屯區,0,0,0,8,,,50,,,,,,,,,,,,,,,23,,,,,C03,,,1,,2,,,23,,1,21,,C03,120.662303,24.18512,3
2022,11,17,12,16,臺中市,大里區,0,1,0,8,1,5,50,3,1,1,5,4,5,7,3,1,10,5,5,1,16,6,2,8,1,1,C03,7,5,1,10,2,14,12,6,6,1,22,9,C03,120.686504,24.087453,2
2022,11,17,12,19,臺中市,西區,0,1,0,8,1,5,50,14,9,1,5,4,5,7,4,4,3,4,5,2,16,7,3,10,1,1,B03,7,8,1,8,2,3,,7,7,1,4,7,B03,120.667337,24.131337,2
2022,11,17,12,20,臺中市,大雅區,0,1,0,8,1,5,30,4,2,1,5,4,5,7,4,4,10,5,5,2,16,9,3,10,1,1,B12,7,6,1,8,2,2,,9,9,1,22,9,B12,120.633589,24.220369,2
2022,11,17,12,25,臺中市,北區,0,0,0,8,,,50,,,,,,,,,,,,,,,16,,,,,B03,,,1,,2,,,16,,1,22,,B03,120.676823,24.167026,3
2022,11,17,12,25,臺中市,西屯區,0,1,0,8,1,5,50,14,9,1,5,4,5,7,4,4,1,4,5,2,17,42,2,9,1,1,C03,7,12,1,10,2,12,,42,42,1,5,8,C03,120.624456,24.18237,2
2022,11,17,12,27,臺中市,北屯區,0,0,0,8,,,50,,,,,,,,,,,,,,,23,,,,,B03,,,1,,1,,,23,23,1,21,,B03,120.68967,24.187342,3
2022,11,17,12,29,臺中市,西屯區,0,0,0,8,,,40,,,,,,,,,,,,,,,23,,,,,C03,,,1,,1,,,23,,2,22,,C03,120.638411,24.159581,3
2022,11,17,12,29,臺中市,太平區,0,1,0,8,1,5,50,4,1,1,5,4,5,7,1,1,10,5,5,2,16,6,3,10,1,1,B03,7,5,1,8,2,5,,6,6,1,5,5,B03,120.719876,24.156312,2
2022,11,17,12,30,臺中市,北區,0,0,0,8,,,50,,,,,,,,,,,,,,,6,,,,,B03,,,1,,2,,,6,,1,21,,B03,120.677336,24.161681,3
2022,11,17,12,30,臺中市,北屯區,0,0,0,8,,,50,,,,,,,,,,,,,,,12,,,,,C03,,,1,,2,,,12,,1,22,,C03,120.706743,24.187803,3
2022,11,17,12,30,臺中市,梧棲區,0,0,0,8,,,40,,,,,,,,,,,,,,,42,,,,,A11,,,1,,2,,,42,,1,21,,A11,120.526051,24.222475,3
2022,11,17,12,31,臺中市,梧棲區,0,1,0,8,1,5,50,14,9,1,5,4,5,7,4,4,5,5,5,2,16,26,3,10,1,1,B03,7,5,1,8,2,4,,26,26,1,9,8,B03,120.54106,24.256358,2
2022,11,17,12,37,臺中市,東區,0,1,0,8,1,5,50,4,1,1,5,4,5,7,4,4,10,5,5,2,16,6,2,9,1,1,C03,7,6,6,10,11,13,,6,6,1,20,8,C03,120.689209,24.143254,2
2022,11,17,12,43,臺中市,北區,0,0,0,,,,40,,,,,,,,,,,,,,,12,,,,,B02,,,1,,2,,,12,,1,5,,B02,120.686531,24.159757,3
2022,11,17,12,43,臺中市,霧峰區,0,0,0,8,,,50,,,,,,,,,,,,,,,23,,,,,B03,,,1,,2,,,23,,1,22,,B03,120.686626,24.053691,3
2022,11,17,12,48,臺中市,南區,0,3,0,8,1,5,40,4,1,1,5,4,5,7,4,4,10,5,5,2,17,26,2,9,1,1,C03,7,9,1,10,2,11,,26,26,1,22,8,C03,120.677019,24.125658,2
2022,11,17,12,49,臺中市,東區,0,0,0,8,,,50,,,,,,,,,,,,,,,18,,,,,B03,,,1,8,11,,,44,12,1,5,,B03,120.685226,24.13258,3
2022,11,17,12,52,臺中市,西屯區,0,3,0,8,1,5,30,5,1,1,5,4,5,7,1,1,5,5,5,2,12,6,2,9,1,1,C03,7,5,1,10,2,14,,6,6,1,12,8,C03,120.641246,24.17382,2
2022,11,17,12,53,臺中市,西屯區,0,0,0,8,,,30,,,,,,,,,,,,,,,23,,,,,B03,,,1,,11,,,23,,1,22,,B03,120.652787,24.172749,3
2022,11,17,12,55,臺中市,大肚區,0,1,0,8,1,5,30,3,9,1,5,4,3,5,4,4,10,5,5,2,11,23,2,9,1,1,C03,7,6,1,10,2,11,,23,23,1,5,1,C03,120.574316,24.163281,2
2022,11,17,12,57,臺中市,豐原區,0,1,0,8,1,5,50,3,1,1,5,4,5,7,4,4,5,5,5,1,12,26,2,9,1,1,C03,7,9,4,8,2,12,,26,26,1,22,8,C03,120.701234,24.250746,2
2022,11,17,13,0,臺中市,南屯區,0,0,0,,,,50,,,,,,,,,,,,,,,26,,,,,B03,,,1,,1,,,26,,1,19,,B03,120.622774,24.144921,3
2022,11,17,13,3,臺中市,太平區,0,1,0,8,1,5,30,11,9,1,5,4,5,7,4,4,10,5,5,2,12,23,3,10,1,1,C03,7,9,1,10,2,11,,23,23,1,22,8,C03,120.705937,24.150974,2
2022,11,17,13,8,臺中市,潭子區,0,0,0,8,,,50,,,,,,,,,,,,,,,43,,,,,B02,,,3,,9,,,43,,1,22,,B02,120.685213,24.209844,3
2022,11,17,13,13,臺中市,大雅區,0,0,0,8,,,50,,,,,,,,,,,,,,,10,,,,,B03,,,1,,2,,,10,,1,22,,B03,120.64808,24.226574,3
2022,11,17,13,17,臺中市,清水區,0,1,0,8,1,5,50,3,2,1,5,4,5,7,4,4,5,5,4,2,26,43,2,1,1,1,C03,7,9,6,18,8,11,,43,43,1,5,5,C03,120.630113,24.292855,2
2022,11,17,13,24,臺中市,北屯區,0,1,0,8,1,5,50,14,9,1,5,4,5,7,4,4,5,4,5,2,18,23,2,9,1,1,C03,7,9,1,10,2,14,,23,23,1,22,8,C03,120.680096,24.189156,2
2022,11,17,13,26,臺中市,大里區,0,0,0,8,,,50,,,,,,,,,,,,,,,23,,,,,B03,,,1,,1,,,23,,1,22,,B03,120.690031,24.10085,3
2022,11,17,13,29,臺中市,沙鹿區,0,1,0,8,1,5,40,4,1,1,5,4,5,7,4,4,10,5,5,2,15,6,2,9,1,1,C03,7,9,1,10,2,11,,6,6,1,5,9,C03,120.558177,24.247084,2
2022,11,17,13,30,臺中市,太平區,0,1,0,8,1,5,50,14,9,1,5,4,5,7,4,4,9,4,5,2,17,19,3,10,1,1,C03,7,1,1,10,2,11,,19,19,1,21,8,C03,120.703423,24.156593,2
2022,11,17,13,37,臺中市,霧峰區,0,2,0,8,1,5,30,14,9,1,5,4,5,7,4,4,10,5,5,1,16,19,2,8,1,1,C03,7,1,4,8,2,11,,19,19,1,22,9,C03,120.673364,24.07339,2
2022,11,17,13,38,臺中市,豐原區,0,1,0,8,1,5,50,14,9,1,5,4,5,7,4,4,1,5,5,2,16,6,3,10,3,4,B03,7,6,1,8,2,2,,6,6,1,21,8,B03,120.74794,24.269666,2
2022,11,17,13,39,臺中市,西屯區,0,1,0,8,1,5,50,4,1,1,5,4,5,7,2,1,10,5,5,2,16,6,3,10,3,4,B03,7,6,1,8,1,2,,6,6,1,22,8,B03,120.642667,24.172374,2
2022,11,17,13,39,臺中市,西屯區,0,0,0,8,,,50,,,,,,,,,,,,,,,23,,,,,A12,,,1,,1,,,23,,1,21,,A12,120.633247,24.173811,3
2022,11,17,13,41,臺中市,南區,0,1,0,8,1,5,50,4,2,1,5,4,5,7,3,1,5,4,4,2,16,9,3,10,1,1,B03,7,6,1,8,2,2,,9,9,1,21,8,B03,120.677655,24.1322,2
2022,11,17,13,45,臺中市,西屯區,0,1,0,8,1,5,50,3,2,1,5,4,5,7,2,1,8,3,5,1,9,15,3,10,1,1,B01,7,5,1,4,2,1,,15,23,1,22,8,B01,120.616508,24.182689,2
2022,11,17,13,45,臺中市,西屯區,0,1,0,8,1,5,40,14,7,1,5,4,5,7,4,4,5,5,4,2,16,42,2,9,3,4,C04,7,9,1,8,2,14,,42,42,1,22,8,C04,120.661303,24.164143,2
2022,11,17,13,45,臺中市,沙鹿區,0,1,0,8,1,5,50,14,9,1,5,4,5,7,4,4,4,3,4,1,16,8,2,9,1,1,C03,7,5,1,10,2,11,,8,8,1,18,8,C03,120.560006,24.238967,2
2022,11,17,13,50,臺中市,太平區,0,1,0,8,1,5,30,14,9,1,5,4,5,7,4,4,10,5,5,2,11,5,2,9,1,1,C03,7,9,1,10,2,14,,5,5,1,19,7,C03,120.729737,24.140319,2
2022,11,17,13,50,臺中市,清水區,0,1,0,8,1,5,50,14,8,1,5,4,5,7,4,4,5,4,5,1,18,23,2,1,1,1,B03,7,9,1,8,2,5,,23,23,1,5,1,B03,120.632134,24.292134,2
2022,11,17,13,55,臺中市,烏日區,0,0,0,8,,,30,,,,,,,,,,,,,,,19,,,,,B12,,,1,,2,,,19,,1,22,,B12,120.609102,24.108803,3
2022,11,17,14,4,臺中市,神岡區,0,0,0,8,,,50,,,,,,,,,,,,,,,7,,,,,A31,,,1,,1,,,7,,1,22,,A31,120.696635,24.248158,3
2022,11,17,14,10,臺中市,豐原區,0,0,0,8,,,50,,,,,,,,,,,,,,,6,,,,,B03,,,1,,2,,,6,6,1,22,,B03,120.714487,24.25107,3
2022,11,17,14,17,臺中市,大里區,0,0,0,8,,,40,,,,,,,,,,,,,,,8,,,,,B03,,,1,,2,,,8,,1,5,,B03,120.691815,24.100998,3
2022,11,17,14,18,臺中市,潭子區,0,0,0,8,,,30,,,,,,,,,,,,,,,17,,,,,B01,,,1,,2,,,17,17,1,22,,B01,120.733423,24.208192,3
2022,11,17,14,20,臺中市,中區,0,0,0,8,,,50,,,,,,,,,,,,,,,19,,,,,B03,,,1,,2,,,19,,1,22,,B03,120.680623,24.141517,3
2022,11,17,14,23,臺中市,烏日區,0,0,0,8,,,60,,,,,,,,,,,,,,,19,,,,,B03,,,1,,2,,,19,19,1,21,,B03,120.627056,24.10415,3
2022,11,17,14,25,臺中市,烏日區,0,0,0,8,,,60,,,,,,,,,,,,,,,23,,,,,B03,,,1,,2,,,23,,1,21,,B03,120.620366,24.105564,3
2022,11,17,14,30,臺中市,大里區,0,1,0,8,1,5,50,14,9,1,5,4,5,7,1,1,3,2,4,1,13,23,3,10,1,1,B12,7,9,1,8,2,1,,23,23,1,22,8,B12,120.680948,24.104905,2
2022,11,17,14,30,臺中市,烏日區,0,1,0,8,1,5,50,14,7,1,5,4,5,7,4,4,5,4,4,1,17,26,3,10,1,1,F03,7,11,8,20,2,16,,26,26,1,21,8,F03,120.626209,24.105958,2
2022,11,17,14,33,臺中市,南屯區,0,0,0,8,,,50,,,,,,,,,,,,,,,42,,,,,B12,,,1,,1,,,42,,1,22,,B12,120.617269,24.153797,3
2022,11,17,14,34,臺中市,沙鹿區,0,1,0,8,1,5,50,14,7,1,5,4,5,7,4,4,8,5,4,2,17,18,3,10,1,1,C03,7,3,1,10,2,14,,18,18,1,5,9,C03,120.567612,24.251073,2
2022,11,17,14,45,臺中市,大里區,0,1,0,8,1,5,50,3,1,1,5,4,5,7,1,1,10,5,5,2,16,19,2,7,1,1,C03,7,1,1,10,2,11,,19,19,1,12,5,C03,120.670116,24.110735,2
2022,11,17,14,47,臺中市,豐原區,0,0,0,8,,,30,,,,,,,,,,,,,,,12,,,,,B12,,,1,,9,,,12,,2,21,,B12,120.730102,24.23675,3
2022,11,17,14,50,臺中市,北屯區,0,2,0,8,1,5,50,4,18,1,5,4,5,7,2,1,1,5,5,2,3,52,2,9,4,5,H01,8,16,8,20,10,16,,52,52,1,21,8,H01,120.702176,24.186818,2
2022,11,17,14,58,臺中市,潭子區,0,2,0,8,1,5,50,3,1,1,5,4,5,7,2,1,1,4,4,1,16,25,2,9,1,1,C03,7,5,1,10,2,14,,25,25,1,22,9,C03,120.708649,24.231206,2
2022,11,17,14,58,臺中市,大里區,0,0,0,8,,,50,,,,,,,,,,,,,,,23,,,,,C03,,,1,,2,,,23,,1,22,,C03,120.69592,24.104651,3
2022,11,17,14,59,臺中市,北屯區,0,0,0,8,,,40,,,,,,,,,,,,,,,23,,,,,B03,,,1,,1,,,23,,1,22,,B03,120.68847,24.201012,3
2022,11,17,15,1,臺中市,霧峰區,0,0,0,8,,,60,,,,,,,,,,,,,,,23,,,,,B03,,,1,,2,,,23,,1,22,,B03,120.69485,24.051783,3
2022,11,17,15,9,臺中市,北屯區,0,0,0,8,,,60,,,,,,,,,,,,,,,16,,,,,B03,,,1,,2,,,16,,1,22,,B03,120.701998,24.182206,3
2022,11,17,15,9,臺中市,大里區,0,1,0,8,1,5,50,4,2,1,5,4,5,7,1,1,1,4,5,1,12,7,3,10,1,1,A04,7,8,1,2,2,8,,7,7,1,10,4,A04,120.679133,24.112071,2
2022,11,17,15,10,臺中市,中區,0,1,0,8,1,5,50,4,1,1,5,4,5,7,2,1,10,5,5,2,13,23,2,9,1,1,C03,7,9,1,10,2,11,,23,23,1,20,8,C03,120.680272,24.143142,2
2022,11,17,15,11,臺中市,西屯區,0,0,0,8,,,40,,,,,,,,,,,,,,,19,,,,,B03,,,1,,1,,,19,,1,22,,B03,120.64177,24.182316,3
2022,11,17,15,16,臺中市,神岡區,0,0,0,8,,,30,,,,,,,,,,,,,,,23,,,,,B11,,,1,,2,,,23,,1,22,,B11,120.713906,24.258,3
2022,11,17,15,19,臺中市,西屯區,0,2,0,8,1,5,30,3,1,1,5,4,5,7,4,4,10,5,5,2,17,6,2,9,3,4,C03,7,5,1,10,2,11,,6,6,1,22,9,C03,120.635349,24.169426,2
2022,11,17,15,20,臺中市,烏日區,0,1,0,8,1,5,50,3,1,1,5,4,5,7,1,1,5,3,5,1,17,6,3,10,1,1,B12,7,5,1,8,2,15,,6,6,1,21,8,B12,120.64278,24.072904,2
2022,11,17,15,24,臺中市,西區,0,0,0,8,1,5,50,14,9,1,5,4,5,7,4,4,5,5,5,2,14,23,,,,,B03,,,1,,2,,,23,,1,21,,B03,120.655957,24.150886,3
2022,11,17,15,25,臺中市,霧峰區,0,0,0,8,,,30,,,,,,,,,,,,,,,23,,,,,C03,,,1,,2,,,23,,1,18,,C03,120.664274,24.069302,3
2022,11,17,15,29,臺中市,北屯區,0,0,0,8,,,50,,,,,,,,,,,,,,,23,,,,,B03,,,1,,11,,,23,,2,21,,B03,120.727634,24.179168,3