年,月,日,時,分,縣市,區,死,受傷,2-30,天候,光線,道路類別,速限,道路型態,事故位置,路面鋪裝,路面狀態,路面缺陷,障礙物,視距,號誌種類,號誌動作,分向設施,快車道或一般車道間,快慢車道間,路面邊線,事故類型及型態,主要肇因,受傷程度,主要傷處,保護裝備,行動電話,當事者區分,車輛用途,當事者行動狀態,駕駛資格情形,駕駛執照種類,飲酒情形,車輛撞擊部位最初,車輛撞擊部位其他,肇事因素個別,肇事因素主要,肇事逃逸,職業,旅次目的,車種,GPS緯度,GPS經度,事故類別
2022,11,17,15,30,臺中市,烏日區,0,1,0,8,1,5,30,4,1,1,5,4,5,7,4,4,10,5,5,2,15,6,2,9,1,1,C03,7,9,1,8,2,12,,6,6,1,21,8,C03,120.636718,24.072353,2
2022,11,17,15,37,臺中市,南屯區,0,1,0,8,1,5,40,14,8,1,5,4,5,7,4,4,1,4,4,2,17,40,3,10,1,1,B02,7,13,1,8,2,4,,40,40,1,5,8,B02,120.640256,24.148548,2
2022,11,17,15,43,臺中市,西屯區,0,0,0,8,,,50,,,,,,,,,,,,,,,23,,,,,B03,,,1,,1,,,23,,1,22,,B03,120.641241,24.168175,3
2022,11,17,15,44,臺中市,南屯區,0,0,0,8,,,50,,,,,,,,,,,,,,,12,,,,,B12,,,1,,9,,,12,,1,22,,B12,120.626003,24.138324,3
2022,11,17,15,45,臺中市,太平區,0,0,0,8,,,80,,,,,,,,,,,,,,,17,,,,,B03,,,1,,2,,,17,,1,22,,B03,120.717664,24.157509,3
2022,11,17,15,48,臺中市,太平區,0,2,0,8,1,5,50,14,7,1,5,4,5,7,4,4,5,4,4,1,17,19,2,9,1,1,C03,7,1,4,8,2,11,,19,19,1,21,8,C03,120.72621,24.150011,2
2022,11,17,15,50,臺中市,西區,0,3,0,8,1,5,50,4,1,1,5,4,5,7,4,4,10,5,5,2,17,8,2,8,1,1,C03,7,5,1,10,1,14,,8,8,1,4,7,C03,120.667898,24.142827,2
2022,11,17,16,0,臺中市,北區,0,1,0,8,1,5,50,4,2,1,5,4,5,7,4,4,5,5,5,2,9,23,3,10,1,1,B03,7,5,3,18,11,15,,23,23,1,22,8,B03,120.686094,24.148168,2
2022,11,17,16,2,臺中市,南屯區,1,0,0,8,1,5,50,14,7,1,5,4,5,7,4,4,1,4,5,2,12,17,3,10,1,1,A12,7,9,1,3,2,2,,17,17,1,22,9,A12,120.646857,24.14938,1
2022,11,17,16,6,臺中市,西屯區,0,0,0,8,,,40,,,,,,,,,,,,,,,23,,,,,B03,,,1,,1,,,23,,1,22,,B03,120.612878,24.18409,3
2022,11,17,16,8,臺中市,北區,0,0,0,,,,50,,,,,,,,,,,,,,,23,,,,,B03,,,1,,1,,,23,,1,21,,B03,120.668127,24.166255,3
2022,11,17,16,8,臺中市,北屯區,0,0,0,8,,,50,,,,,,,,,,,,,,,19,,,,,B03,,,1,,1,,,19,,1,5,,B03,120.697205,24.175991,3
2022,11,17,16,10,臺中市,北區,0,1,0,8,1,5,50,4,2,1,5,4,5,7,1,1,2,3,4,2,13,16,2,9,1,1,C03,7,9,1,10,2,15,,16,16,1,22,8,C03,120.685836,24.155691,2
2022,11,17,16,11,臺中市,大里區,0,0,0,8,1,5,40,14,9,1,5,4,5,7,1,1,2,4,5,1,13,23,,,,,B12,,,1,,2,,,23,,1,22,,B12,120.692287,24.101885,3
2022,11,17,16,14,臺中市,北區,0,0,0,8,,,50,,,,,,,,,,,,,,,23,,,,,B03,,,1,,1,,,23,,1,22,,B03,120.667741,24.171101,3
2022,11,17,16,15,臺中市,西屯區,0,1,0,8,1,5,40,14,8,1,5,4,5,7,1,1,10,5,5,2,9,23,3,10,1,1,C03,7,9,1,10,2,11,,23,23,1,21,8,C03,120.603715,24.183291,2
2022,11,17,16,16,臺中市,霧峰區,0,0,0,8,,,50,,,,,,,,,,,,,,,10,,,,,B03,,,1,,2,,,10,,1,12,,B03,120.694407,24.05943,3
2022,11,17,16,22,臺中市,北區,0,1,0,8,1,5,50,4,1,1,5,4,5,7,1,1,10,5,5,2,9,58,2,9,2,5,H02,7,20,8,20,10,16,,58,58,1,22,8,H02,120.677944,24.167048,2
2022,11,17,16,22,臺中市,南屯區,0,0,0,8,,,50,,,,,,,,,,,,,,,23,,,,,C03,,,1,,2,,,23,,1,18,,C03,120.650995,24.15353,3
2022,11,17,16,25,臺中市,大里區,0,0,0,8,,,50,,,,,,,,,,,,,,,12,,,,,B12,,,1,,2,,,12,,1,22,,B12,120.70419,24.086263,3
2022,11,17,16,30,臺中市,沙鹿區,0,1,0,8,1,5,70,3,1,1,5,4,5,7,1,1,10,5,5,2,13,16,2,9,1,1,C03,7,9,1,10,2,14,,16,16,1,21,8,C03,120.62101,24.242292,2
2022,11,17,16,30,臺中市,沙鹿區,0,0,0,8,,,30,,,,,,,,,,,,,,,12,,,,,B12,,,3,,9,,,12,,1,9,,B12,120.569025,24.219218,3
2022,11,17,16,33,臺中市,北區,0,0,0,8,,,40,,,,,,,,,,,,,,,19,,,,,B12,,,1,,2,,,19,19,1,22,,B12,120.680802,24.159097,3
2022,11,17,16,34,臺中市,豐原區,0,1,0,8,1,5,40,14,12,1,5,4,5,7,4,4,1,4,4,1,11,17,2,9,1,1,C03,7,9,1,10,2,15,,17,17,1,22,8,C03,120.742821,24.264038,2
2022,11,17,16,35,臺中市,西區,0,1,0,8,1,5,50,14,20,2,5,4,5,7,4,4,10,5,5,2,18,42,2,9,3,4,F01,7,9,8,20,2,16,,42,42,1,14,2,F01,120.67589,24.138797,2
2022,11,17,16,35,臺中市,霧峰區,0,0,0,8,,,30,,,,,,,,,,,,,,,12,,,,,B02,,,1,,2,,,12,,1,4,,B02,120.664879,24.064737,3
2022,11,17,16,36,臺中市,豐原區,0,1,0,8,1,5,50,14,7,1,5,4,5,7,4,4,9,5,4,2,16,23,2,9,1,1,C03,7,9,1,10,2,12,,23,23,1,20,8,C03,120.72268,24.250611,2
2022,11,17,16,40,臺中市,后里區,0,0,0,8,1,5,50,3,2,1,5,4,5,7,1,1,8,5,4,1,12,17,,,,,B12,,,1,,1,,,17,,1,7,,B12,120.710675,24.31074,3
2022,11,17,16,42,臺中市,南區,0,1,0,8,1,5,50,3,1,1,5,4,5,7,4,4,5,4,5,2,16,6,3,10,1,1,B03,7,5,1,8,2,8,,6,6,1,22,8,B03,120.670141,24.130116,2
2022,11,17,16,44,臺中市,太平區,0,1,0,8,1,5,50,14,9,1,5,4,5,7,4,4,9,4,5,1,16,1,3,10,1,1,C03,7,9,1,10,2,15,,1,1,1,21,8,C03,120.714884,24.153666,2
2022,11,17,16,46,臺中市,北區,0,1,0,8,2,5,50,4,1,1,5,4,5,7,1,1,10,5,5,2,16,8,3,10,1,1,C03,7,5,1,10,2,12,,8,8,1,22,8,C03,120.680853,24.149177,2
2022,11,17,16,47,臺中市,東區,0,0,0,8,1,5,50,14,8,1,5,4,5,7,4,4,5,5,4,2,14,12,3,10,1,1,B11,7,2,1,4,2,6,,12,12,1,10,8,B11,120.704427,24.132773,3
2022,11,17,16,56,臺中市,西屯區,0,2,0,8,1,5,40,3,2,1,5,4,5,7,4,4,5,4,4,2,13,23,2,9,1,1,C03,7,9,3,18,2,11,,23,23,1,18,8,C03,120.650203,24.175393,2
2022,11,17,16,58,臺中市,北屯區,0,0,0,8,,,50,,,,,,,,,,,,,,,12,,,,,A11,,,1,,1,,,12,,1,22,,A11,120.715566,24.178485,3
2022,11,17,17,0,臺中市,東區,0,1,0,8,3,5,50,4,1,1,5,4,5,6,1,1,10,5,5,2,12,6,2,9,1,1,C03,7,5,1,10,2,14,,6,6,1,22,8,C03,120.696518,24.127215,2
2022,11,17,17,6,臺中市,烏日區,0,0,0,8,,,50,,,,,,,,,,,,,,,18,,,,,B03,,,1,,2,,,18,,1,21,,B03,120.62828,24.112541,3
2022,11,17,17,8,臺中市,南區,0,2,0,8,1,5,50,3,2,1,5,4,5,7,4,4,10,5,5,2,16,26,2,9,1,1,C03,7,8,1,10,2,12,,26,26,1,22,9,C03,120.659665,24.126121,2
2022,11,17,17,10,臺中市,太平區,0,0,0,8,,,50,,,,,,,,,,,,,,,12,,,,,B03,,,1,,2,7,,12,12,1,22,,B03,120.723884,24.154543,3
2022,11,17,17,14,臺中市,潭子區,0,0,0,8,,,50,,,,,,,,,,,,,,,23,,,,,B03,,,1,,9,,,23,23,2,22,,B03,120.707443,24.228686,3
2022,11,17,17,15,臺中市,大肚區,0,0,0,,,,30,,,,,,,,,,,,,,,12,,,,,B03,,,1,,2,,,12,,1,21,,B03,120.577736,24.120629,3
2022,11,17,17,15,臺中市,大甲區,0,2,0,8,1,5,50,3,1,1,5,4,5,7,4,4,10,5,5,2,16,6,3,10,1,1,B03,7,5,1,8,2,1,,6,6,1,4,1,B03,120.643133,24.412641,2
2022,11,17,17,17,臺中市,西屯區,0,1,0,8,3,5,50,14,8,1,5,4,5,7,4,4,5,4,4,2,17,16,3,10,3,4,C03,7,12,1,10,2,11,,16,16,1,22,9,C03,120.62111,24.172653,2
2022,11,17,17,18,臺中市,霧峰區,0,0,0,8,,,40,,,,,,,,,,,,,,,17,,,,,B03,,,1,,2,,,17,,1,22,,B03,120.679916,24.065675,3
2022,11,17,17,20,臺中市,北屯區,0,1,0,8,3,5,40,11,8,1,5,4,5,7,4,4,5,5,4,2,17,19,3,10,1,1,B03,7,1,1,8,2,8,,19,19,1,22,8,B03,120.722055,24.175535,2
2022,11,17,17,20,臺中市,后里區,0,0,0,8,,,50,,,,,,,,,,,,,,,23,3,10,1,1,B03,,9,1,8,2,1,,23,23,1,22,,B03,120.711554,24.319558,3
2022,11,17,17,24,臺中市,南屯區,0,0,0,8,,,40,,,,,,,,,,,,,,,16,,,,,B03,,,1,,2,,,16,,1,5,,B03,120.623255,24.145906,3
2022,11,17,17,25,臺中市,西區,0,0,0,,,,50,,,,,,,,,,,,,,,23,,,,,B02,,,1,,1,,,23,,1,20,,B02,120.675422,24.133556,3
2022,11,17,17,25,臺中市,西屯區,0,1,0,8,1,5,50,3,1,1,5,4,5,7,4,4,1,4,4,2,12,6,3,10,1,1,B03,7,6,1,8,2,2,,6,6,1,22,8,B03,120.640848,24.15601,2
2022,11,17,17,28,臺中市,北屯區,0,0,0,8,,,50,,,,,,,,,,,,,,,23,,,,,B03,,,1,,1,,,23,,1,21,,B03,120.734936,24.176421,3
2022,11,17,17,28,臺中市,后里區,0,2,0,8,1,5,50,4,1,1,5,4,5,7,4,4,10,5,5,2,16,6,2,9,1,1,F01,7,5,8,20,2,16,,6,6,1,22,8,F01,120.699273,24.317661,2
2022,11,17,17,28,臺中市,后里區,0,1,0,7,3,5,50,4,1,1,5,4,5,7,4,4,10,5,5,1,15,23,3,10,1,1,C03,7,9,1,10,2,15,,23,23,1,4,1,C03,120.711704,24.303049,2
2022,11,17,17,31,臺中市,北屯區,0,1,0,8,3,5,50,4,1,1,5,4,5,7,1,1,10,5,5,2,15,25,3,10,1,1,B03,7,9,1,10,2,2,,25,25,1,5,8,B03,120.69708,24.175908,2
2022,11,17,17,32,臺中市,南區,0,1,0,8,1,5,50,4,1,1,5,4,5,7,1,1,10,5,5,2,16,25,2,9,1,1,F01,7,9,8,20,2,16,,25,25,1,22,8,F01,120.679262,24.126371,2
2022,11,17,17,36,臺中市,潭子區,0,0,0,8,,,40,,,,,,,,,,,,,,,19,,,,,B03,,,1,,2,,,19,,1,22,,B03,120.708804,24.232903,3
2022,11,17,17,36,臺中市,西區,0,0,0,8,3,5,50,3,1,1,5,4,5,7,4,4,10,5,5,2,17,23,,,,,B03,,,1,,2,,,23,,1,4,,B03,120.669797,24.149014,3
2022,11,17,17,39,臺中市,北區,0,2,0,8,3,5,40,4,1,1,5,4,5,7,1,1,10,5,5,2,17,19,2,9,1,1,C01,7,1,3,18,2,14,,19,19,1,22,9,C01,120.67056,24.157286,2
2022,11,17,17,44,臺中市,南區,0,1,0,8,3,5,50,14,9,1,5,4,5,7,4,4,1,4,5,2,12,23,3,10,1,1,A05,7,9,1,1,2,5,,23,23,1,10,8,A05,120.649606,24.121299,2
2022,11,17,17,45,臺中市,北屯區,0,0,0,8,,,50,,,,,,,,,,,,,,,23,,,,,B03,,,1,,1,,,23,,1,22,,B03,120.690668,24.17279,3
2022,11,17,17,46,臺中市,南屯區,0,2,0,8,3,5,50,4,1,1,5,4,5,7,1,1,10,5,5,2,17,16,2,7,1,1,C03,7,15,1,10,2,11,14,16,16,1,5,8,C03,120.653231,24.152533,2
2022,11,17,17,50,臺中市,霧峰區,0,1,0,8,3,5,60,14,7,1,5,4,5,7,4,4,1,4,4,1,28,23,2,9,1,1,C03,7,9,1,10,2,11,,23,23,1,18,8,C03,120.695092,24.062035,2
2022,11,17,17,50,臺中市,太平區,0,0,0,8,,,50,,,,,,,,,,,,,,,12,,,,,B03,,,1,,2,,,12,,1,21,,B03,120.720003,24.121922,3
2022,11,17,17,50,臺中市,清水區,0,0,0,8,,,50,,,,,,,,,,,,,,,23,,,,,F01,,,1,,2,,,23,,1,15,,F01,120.566471,24.268412,3
2022,11,17,17,54,臺中市,北屯區,0,1,0,8,3,5,50,4,1,1,5,4,5,7,4,4,10,5,5,2,15,6,3,10,1,1,B03,7,9,2,18,2,5,,6,6,1,20,8,B03,120.722518,24.175556,2
2022,11,17,17,54,臺中市,西屯區,0,0,0,8,,,50,,,,,,,,,,,,,,,23,,,,,B03,,,1,,1,,,23,,1,21,,B03,120.653956,24.20234,3
2022,11,17,17,54,臺中市,豐原區,0,2,0,8,3,5,30,5,1,1,5,4,5,7,1,1,5,4,4,2,16,25,2,9,1,1,C03,7,9,1,10,2,13,,25,25,1,22,8,C03,120.724579,24.250725,2
2022,11,17,17,56,臺中市,西屯區,0,1,0,8,3,5,50,4,1,1,5,4,5,7,1,1,10,5,5,2,13,23,3,10,1,1,B12,7,9,1,8,2,8,,23,23,1,22,8,B12,120.652563,24.156495,2
2022,11,17,17,57,臺中市,大雅區,0,0,0,8,,,50,,,,,,,,,,,,,,,12,,,,,B03,,,1,,2,,,12,,1,22,,B03,120.648372,24.224541,3
2022,11,17,17,57,臺中市,豐原區,0,1,0,8,3,5,50,5,1,1,5,4,5,7,1,1,5,5,5,2,13,23,3,10,3,4,B03,7,9,1,4,2,8,,23,23,1,20,8,B03,120.70608,24.242851,2
2022,11,17,18,0,臺中市,東區,0,0,0,8,3,5,40,4,1,1,5,4,5,7,4,4,10,5,5,2,14,12,3,10,1,1,B12,7,2,1,8,2,6,,12,12,1,22,8,B12,120.697449,24.128638,3
2022,11,17,18,5,臺中市,潭子區,0,1,0,8,3,5,80,14,7,1,5,4,5,7,4,4,1,4,5,2,13,23,3,10,3,4,B03,7,9,1,8,2,1,,23,23,1,22,8,B03,120.722405,24.191458,2
2022,11,17,18,5,臺中市,南區,0,0,0,,,,50,,,,,,,,,,,,,,,12,,,,,B03,,,1,,11,,,12,,1,22,,B03,120.666711,24.118041,3
2022,11,17,18,5,臺中市,沙鹿區,0,0,0,8,,,50,,,,,,,,,,,,,,,8,,,,,C03,,,1,,2,,,8,,1,21,,C03,120.568092,24.236835,3
2022,11,17,18,7,臺中市,西屯區,0,0,0,8,,,80,,,,,,,,,,,,,,,16,,,,,B12,,,3,,1,,,16,,1,22,,B12,120.634843,24.181361,3
2022,11,17,18,8,臺中市,外埔區,0,0,0,,,,50,,,,,,,,,,,,,,,7,,,,,B03,,,1,,2,,,7,,1,21,,B03,120.644827,24.333727,3
2022,11,17,18,9,臺中市,大甲區,0,0,0,,,,50,,,,,,,,,,,,,,,44,,,,,B03,,,1,,1,,,44,,1,22,,B03,120.617799,24.342219,3
2022,11,17,18,10,臺中市,南屯區,0,0,0,8,,,50,,,,,,,,,,,,,,,16,,,,,B03,,,1,,1,,,16,,1,5,,B03,120.628661,24.149413,3
2022,11,17,18,14,臺中市,大雅區,0,0,0,8,,,50,,,,,,,,,,,,,,,7,,,,,B03,,,1,,2,,,7,,1,22,,B03,120.64319,24.22819,3
2022,11,17,18,14,臺中市,西區,0,1,0,8,3,5,50,4,1,1,5,4,5,7,2,1,10,5,5,2,16,6,3,10,1,1,B03,7,6,1,8,2,2,,6,6,1,21,8,B03,120.66981,24.13305,2
2022,11,17,18,14,臺中市,西屯區,0,0,0,8,,,50,,,,,,,,,,,,,,,16,,,,,B03,,,1,,1,,,16,,1,22,,B03,120.659146,24.170555,3
2022,11,17,18,16,臺中市,太平區,0,1,0,8,3,5,50,3,2,1,5,4,5,7,1,1,5,4,4,1,29,23,2,9,1,1,C03,7,9,1,10,2,11,12,23,23,1,22,8,C03,120.712803,24.138572,2
2022,11,17,18,18,臺中市,北區,0,0,0,8,,,50,,,,,,,,,,,,,,,12,,,,,B12,,,1,,1,,,12,,1,22,,B12,120.677017,24.171386,3
2022,11,17,18,18,臺中市,北區,0,2,0,8,3,5,50,14,8,1,5,4,5,7,4,4,1,4,4,2,16,7,2,8,1,1,C03,7,7,1,10,2,14,,7,7,1,21,8,C03,120.685845,24.155441,2
2022,11,17,18,20,臺中市,霧峰區,0,0,0,8,,,50,,,,,,,,,,,,,,,44,,,,,C03,,,1,,9,,,44,,1,18,,C03,120.697033,24.063032,3
2022,11,17,18,23,臺中市,大里區,0,0,0,8,,,50,,,,,,,,,,,,,,,6,,,,,C03,,,1,,2,,,6,,1,22,,C03,120.699535,24.110175,3
2022,11,17,18,27,臺中市,東區,0,2,0,8,3,5,50,14,7,1,5,4,5,7,4,4,5,2,5,2,17,42,2,8,1,1,C03,7,9,1,10,2,14,,23,42,1,22,8,C03,120.683428,24.134225,2
2022,11,17,18,27,臺中市,神岡區,0,0,0,8,,,30,,,,,,,,,,,,,,,42,,,,,B02,,,1,,2,,,42,,1,22,,B02,120.671632,24.278935,3
2022,11,17,18,31,臺中市,北屯區,0,1,0,8,3,5,50,3,1,1,5,4,5,7,4,4,10,5,5,2,17,19,3,10,1,1,B02,7,1,1,8,2,1,,19,19,1,22,8,B02,120.695108,24.183963,2
2022,11,17,18,34,臺中市,北屯區,0,0,0,8,,,50,,,,,,,,,,,,,,,23,,,,,B12,,,1,,11,,,23,,1,21,,B12,120.688591,24.171433,3
2022,11,17,18,34,臺中市,太平區,0,0,0,8,,,50,,,,,,,,,,,,,,,23,,,,,B12,,,1,,2,1,,23,23,1,22,,B12,120.723935,24.1546,3
2022,11,17,18,35,臺中市,西屯區,0,0,0,8,,,50,,,,,,,,,,,,,,,17,,,,,C02,,,1,,1,,,17,,1,22,,C02,120.631376,24.170683,3
2022,11,17,18,39,臺中市,烏日區,0,0,0,8,,,60,,,,,,,,,,,,,,,23,,,,,B03,,,1,,2,,,23,23,1,22,,B03,120.646341,24.118146,3
2022,11,17,18,39,臺中市,豐原區,0,2,0,8,3,5,30,4,1,1,5,4,5,7,4,4,10,5,5,1,11,23,2,9,1,1,C03,7,4,1,10,2,14,,23,23,1,22,5,C03,120.726306,24.244825,2
2022,11,17,18,40,臺中市,北區,0,0,0,8,,,50,,,,,,,,,,,,,,,42,,,,,B03,,,1,,2,,,42,,1,22,,B03,120.680977,24.149302,3
2022,11,17,18,43,臺中市,太平區,0,2,0,8,3,5,50,14,7,1,5,4,5,7,4,4,5,4,4,1,13,16,2,9,1,1,C03,7,9,1,10,2,11,,16,16,1,18,8,C03,120.73415,24.121096,2
2022,11,17,18,45,臺中市,西屯區,0,0,0,8,,,50,,,,,,,,,,,,,,,12,,,,,B03,,,1,,1,,,12,,1,21,,B03,120.642653,24.196498,3
2022,11,17,18,46,臺中市,西屯區,0,1,0,8,3,5,50,4,4,1,5,4,5,7,1,1,5,5,5,2,13,23,3,10,1,1,B03,7,9,1,8,2,5,,23,23,1,22,8,B03,120.635051,24.181511,2
2022,11,17,18,46,臺中市,龍井區,0,1,0,8,3,5,50,4,1,1,5,4,5,7,1,1,10,5,5,2,17,9,3,10,1,1,B03,7,6,1,8,2,15,,9,9,1,2,8,B03,120.585716,24.185847,2
2022,11,17,18,48,臺中市,梧棲區,0,1,0,8,1,5,40,14,8,1,5,4,5,7,4,4,1,4,1,1,13,23,3,10,1,1,B03,7,6,1,8,2,7,,44,23,1,4,8,B03,120.532191,24.251636,2
2022,11,17,18,49,臺中市,西屯區,0,1,0,8,3,5,40,14,9,1,5,4,5,7,4,4,10,5,5,2,12,43,2,9,1,1,C03,7,9,1,10,2,14,,43,43,1,22,8,C03,120.633274,24.177255,2
2022,11,17,18,50,臺中市,東勢區,0,0,0,8,,,50,,,,,,,,,,,,,,,38,,,,,B11,,,1,,2,,,38,,1,5,,B11,120.829924,24.251877,3
2022,11,17,18,51,臺中市,西屯區,0,0,0,8,,,,,,,,,,,,,,,,,,67,,,,,,,,,,,,,67,,1,,,,120.646726,24.158558,3
2022,11,17,18,51,臺中市,大里區,0,0,0,8,,,50,,,,,,,,,,,,,,,19,,,,,B03,,,1,,2,,,19,,1,22,,B03,120.689528,24.110041,3
2022,11,17,18,55,臺中市,西屯區,0,0,0,8,,,50,,,,,,,,,,,,,,,23,,,,,C03,,,1,,1,,,23,,1,22,,C03,120.642651,24.198518,3
2022,11,17,19,0,臺中市,西屯區,0,0,0,6,,,50,,,,,,,,,,,,,,,7,,,,,C02,,,1,,1,,,7,,1,22,,C02,120.659172,24.165734,3
2022,11,17,19,2,臺中市,太平區,0,1,0,8,3,5,50,3,1,1,5,4,5,7,2,1,10,5,5,2,16,6,3,10,1,1,B03,7,6,1,8,2,2,,6,6,1,22,8,B03,120.733213,24.150557,2
2022,11,17,19,4,臺中市,大甲區,0,1,0,8,1,5,50,5,1,1,5,4,5,7,4,4,10,5,5,2,16,6,3,10,1,1,B03,7,5,1,8,2,8,,6,6,1,22,9,B03,120.619931,24.347007,2
2022,11,17,19,5,臺中市,北區,0,0,0,8,,,50,,,,,,,,,,,,,,,12,,,,,B03,,,1,,2,,,12,,1,22,,B03,120.686481,24.161986,3
2022,11,17,19,5,臺中市,西屯區,0,1,0,8,3,5,50,14,9,1,5,4,5,7,4,4,1,4,5,2,27,42,2,9,3,4,C03,7,9,1,10,2,11,,42,42,1,22,9,C03,120.653158,24.195602,2
2022,11,17,19,25,臺中市,南屯區,0,0,0,8,,,40,,,,,,,,,,,,,,,25,,,,,B03,,,1,,2,,,44,25,1,5,,B03,120.622691,24.140703,3
2022,11,17,19,25,臺中市,南屯區,0,0,0,8,,,50,,,,,,,,,,,,,,,16,,,,,B03,,,1,,2,,,16,16,1,5,,B03,120.622721,24.140471,3
2022,11,17,19,26,臺中市,北區,0,0,0,8,,,30,,,,,,,,,,,,,,,12,,,,,B12,,,1,,1,,,12,,1,22,,B12,120.669022,24.162254,3
2022,11,17,19,27,臺中市,神岡區,0,0,0,8,,,50,,,,,,,,,,,,,,,23,,,,,B03,,,1,,1,,,23,,1,22,,B03,120.696773,24.248558,3
2022,11,17,19,30,臺中市,清水區,0,0,0,8,,,50,,,,,,,,,,,,,,,23,,,,,B03,,,1,,1,,,23,,1,5,,B03,120.573319,24.270557,3
2022,11,17,19,32,臺中市,北區,0,0,0,8,,,50,,,,,,,,,,,,,,,12,,,,,B03,,,1,,2,,,12,,1,22,,B03,120.692723,24.154966,3
2022,11,17,19,32,臺中市,大里區,0,1,0,8,3,5,60,5,2,1,5,4,5,7,1,1,1,2,4,2,13,16,2,8,1,1,C03,7,12,1,10,2,11,,16,16,1,22,9,C03,120.67133,24.102365,2
2022,11,17,19,40,臺中市,霧峰區,0,0,0,8,,,50,,,,,,,,,,,,,,,16,,,,,C03,,,1,,2,,,16,,1,12,,C03,120.714597,24.075296,3
2022,11,17,19,42,臺中市,西屯區,0,0,0,8,,,50,,,,,,,,,,,,,,,16,,,,,B03,,,1,,1,,,16,,1,22,,B03,120.637946,24.16692,3
2022,11,17,19,46,臺中市,西區,0,0,0,8,3,5,50,4,1,1,5,4,5,7,1,1,5,5,5,2,16,42,,,,,B03,,,1,,1,,,42,,1,21,,B03,120.658836,24.146698,3
2022,11,17,19,48,臺中市,大甲區,0,0,0,8,4,2,70,14,13,1,5,4,1,7,4,4,10,5,5,2,14,12,3,10,1,1,B03,7,2,1,8,1,6,,12,12,1,7,7,B03,120.651233,24.380581,3
2022,11,17,19,48,臺中市,大甲區,0,1,0,8,3,5,50,4,1,1,5,4,5,7,4,4,10,5,5,2,15,6,3,10,1,1,B03,7,9,1,8,2,8,,6,6,1,22,9,B03,120.621313,24.347212,2
2022,11,17,19,49,臺中市,北屯區,0,2,0,8,3,5,50,4,1,1,5,4,5,7,1,1,10,5,5,2,16,23,2,9,1,1,C03,7,9,1,10,2,11,,23,23,1,22,8,C03,120.683686,24.176072,2
2022,11,17,19,55,臺中市,北屯區,0,0,0,8,,,50,,,,,,,,,,,,,,,6,,,,,B03,,,1,,1,,,6,,1,22,,B03,120.69041,24.185433,3
2022,11,17,20,0,臺中市,南屯區,0,0,0,8,,,50,,,,,,,,,,,,,,,6,,,,,B03,,,1,,2,,,6,,1,22,,B03,120.635306,24.136208,3
2022,11,17,20,1,臺中市,北屯區,0,2,0,8,3,5,30,3,1,1,5,4,5,7,4,4,1,4,5,2,16,23,2,2,1,1,B03,7,6,1,8,1,2,,23,23,1,21,8,B03,120.693542,24.164245,2
2022,11,17,20,3,臺中市,北區,0,1,0,8,3,5,50,4,18,1,5,4,5,7,1,1,10,5,5,2,3,15,3,10,1,1,B02,7,5,1,8,2,8,,15,15,1,22,9,B02,120.684918,24.16032,2
2022,11,17,20,10,臺中市,太平區,0,1,0,8,3,5,50,4,1,1,5,4,5,7,4,4,10,5,5,2,15,6,3,10,1,1,B03,7,9,1,8,2,2,,6,6,1,22,8,B03,120.721996,24.151507,2
2022,11,17,20,21,臺中市,大肚區,0,2,0,8,3,5,50,3,1,1,5,4,5,7,4,4,10,5,5,2,16,8,2,9,1,1,C03,7,5,1,10,2,12,,8,8,1,2,7,C03,120.579569,24.168661,2
2022,11,17,20,24,臺中市,大雅區,0,1,0,8,3,5,50,14,9,1,5,4,5,7,4,4,5,5,5,1,13,16,2,9,1,1,C03,7,12,1,10,2,11,,16,16,1,22,9,C03,120.65695,24.22305,2
2022,11,17,20,28,臺中市,神岡區,0,1,0,8,1,5,50,15,9,1,5,4,5,7,4,4,5,5,5,1,17,1,3,10,1,1,C03,7,5,1,10,2,15,,42,14,1,22,8,C03,120.65252,24.280944,2
2022,11,17,20,30,臺中市,潭子區,0,1,0,8,3,5,50,4,2,1,5,4,5,7,2,1,5,4,4,2,17,44,2,9,1,1,B03,7,9,1,8,2,15,,25,44,1,22,8,B03,120.704338,24.211661,2
2022,11,17,20,32,臺中市,北區,0,1,0,8,3,5,50,4,2,1,5,4,5,7,1,1,1,2,5,2,17,26,3,10,1,1,B02,7,8,1,8,1,5,,26,26,1,22,8,B02,120.677212,24.151146,2
2022,11,17,20,32,臺中市,沙鹿區,0,2,0,8,3,5,40,11,8,1,5,4,5,7,4,4,1,4,4,1,17,4,2,8,1,1,C03,7,9,6,10,2,11,,4,4,1,20,8,C03,120.569831,24.239449,2
2022,11,17,20,33,臺中市,龍井區,0,2,0,8,3,5,40,14,8,1,5,4,5,7,4,4,1,4,3,1,16,19,2,9,1,1,C01,7,1,1,9,2,14,,19,19,1,2,1,C01,120.587504,24.185667,2
2022,11,17,20,33,臺中市,梧棲區,0,2,0,8,3,5,40,4,2,1,5,4,5,7,4,4,5,5,5,1,16,26,2,9,1,1,C03,7,5,3,18,2,12,,26,26,1,4,8,C03,120.533427,24.231758,2