年,月,日,時,分,縣市,區,死,受傷,2-30,天候,光線,道路類別,速限,道路型態,事故位置,路面鋪裝,路面狀態,路面缺陷,障礙物,視距,號誌種類,號誌動作,分向設施,快車道或一般車道間,快慢車道間,路面邊線,事故類型及型態,主要肇因,受傷程度,主要傷處,保護裝備,行動電話,當事者區分,車輛用途,當事者行動狀態,駕駛資格情形,駕駛執照種類,飲酒情形,車輛撞擊部位最初,車輛撞擊部位其他,肇事因素個別,肇事因素主要,肇事逃逸,職業,旅次目的,車種,GPS緯度,GPS經度,事故類別
2022,11,17,20,41,臺中市,石岡區,0,0,0,8,,,70,,,,,,,,,,,,,,,23,,,,,B03,,,1,,2,,,23,,1,21,,B03,120.78669,24.274398,3
2022,11,17,20,44,臺中市,大里區,0,0,0,8,,,50,,,,,,,,,,,,,,,23,,,,,C03,,,1,,2,,,23,,1,22,,C03,120.703185,24.084366,3
2022,11,17,20,46,臺中市,西屯區,0,0,0,8,,,50,,,,,,,,,,,,,,,23,,,,,C03,,,1,,1,,,23,,1,5,,C03,120.63732,24.176283,3
2022,11,17,20,46,臺中市,太平區,0,1,0,8,3,5,50,4,1,1,5,4,5,7,1,1,10,5,5,2,13,23,3,10,1,1,B12,7,9,1,8,2,5,,23,23,1,4,5,B12,120.711794,24.1445,2
2022,11,17,20,47,臺中市,太平區,0,1,0,8,3,5,40,3,1,1,5,4,5,7,1,1,10,5,5,2,13,23,3,10,1,1,B02,7,8,1,8,2,5,,23,23,1,3,8,B02,120.733652,24.155691,2
2022,11,17,20,53,臺中市,西屯區,0,0,0,8,,,50,,,,,,,,,,,,,,,42,,,,,F01,,,8,,8,,,42,,1,22,,F01,120.642814,24.177321,3
2022,11,17,20,56,臺中市,潭子區,0,1,0,8,3,5,60,4,4,1,5,4,5,7,2,1,1,4,4,1,13,23,2,9,1,1,C03,7,9,3,18,2,11,,23,23,1,22,8,C03,120.70515,24.215575,2
2022,11,17,21,2,臺中市,南區,0,3,0,8,3,5,30,4,1,1,5,4,5,7,4,4,10,5,5,2,15,6,2,9,1,1,C03,7,9,3,18,2,14,,6,6,1,5,8,C03,120.675085,24.129094,2
2022,11,17,21,3,臺中市,沙鹿區,0,0,0,8,,,30,,,,,,,,,,,,,,,17,,,,,B03,,,1,,1,,,17,,1,2,,B03,120.557222,24.219166,3
2022,11,17,21,8,臺中市,南屯區,0,2,0,8,3,5,50,3,2,1,5,4,5,7,4,4,1,4,5,2,13,16,2,9,1,1,C03,7,9,1,10,2,11,,16,16,1,18,5,C03,120.646824,24.150342,2
2022,11,17,21,8,臺中市,龍井區,0,0,0,8,,,60,,,,,,,,,,,,,,,42,,,,,B03,,,1,,2,,,44,44,1,2,,B03,120.57392,24.18438,3
2022,11,17,21,10,臺中市,南區,0,0,0,8,3,5,1,14,8,1,5,4,5,7,4,4,9,4,4,2,29,44,3,10,1,1,C03,7,13,1,10,11,12,,44,44,1,22,8,C03,120.66115,24.113154,3
2022,11,17,21,12,臺中市,中區,0,4,0,8,3,5,50,14,9,1,5,4,5,7,4,4,5,4,5,2,13,23,2,7,1,1,C03,7,9,2,18,2,11,,23,23,1,16,8,C03,120.681464,24.144027,2
2022,11,17,21,12,臺中市,大里區,0,1,0,8,1,5,50,4,1,1,5,4,5,7,1,1,5,4,5,1,12,10,3,10,1,1,B03,7,11,1,8,2,4,,10,10,1,22,8,B03,120.676939,24.106446,2
2022,11,17,21,27,臺中市,南屯區,0,0,0,8,3,5,50,3,1,1,5,4,5,7,2,1,10,5,5,2,16,7,3,10,1,1,C03,7,5,6,10,2,14,11,7,7,1,8,1,C03,120.610517,24.144119,3
2022,11,17,21,32,臺中市,南屯區,0,0,0,8,3,5,50,14,9,1,5,4,5,7,4,4,1,4,5,2,17,23,3,10,1,1,C03,7,9,1,10,2,11,,23,23,1,22,8,C03,120.637459,24.149237,3
2022,11,17,21,41,臺中市,北區,0,0,0,,,,50,,,,,,,,,,,,,,,23,,,,,C03,,,1,,1,,,23,,1,21,,C03,120.677303,24.151254,3
2022,11,17,21,50,臺中市,霧峰區,0,2,0,8,3,5,50,3,2,1,5,4,5,7,3,1,9,4,4,1,16,8,2,8,1,1,C04,7,5,6,18,2,11,,8,8,1,20,8,C04,120.697669,24.057188,2
2022,11,17,21,55,臺中市,神岡區,0,2,0,8,1,5,40,14,9,1,5,4,5,7,4,4,5,5,4,2,8,23,2,9,1,1,C03,7,9,1,10,2,11,,23,23,1,22,8,C03,120.69888,24.26437,2
2022,11,17,22,0,臺中市,西區,0,1,0,8,3,5,50,5,1,1,5,4,5,7,2,1,10,5,5,2,13,23,3,10,1,1,B03,7,9,1,8,2,1,,23,23,1,20,8,B03,120.662595,24.132143,2
2022,11,17,22,2,臺中市,大雅區,0,1,0,8,3,5,50,3,1,1,5,4,5,7,3,1,3,4,5,1,27,23,2,9,1,1,C03,7,9,1,10,2,11,,23,23,1,22,8,C03,120.65848,24.23106,2
2022,11,17,22,9,臺中市,西區,0,1,0,8,3,5,50,3,1,1,5,4,5,7,1,1,10,5,5,2,12,1,3,10,1,1,C03,7,6,1,10,2,14,,1,1,1,5,8,C03,120.665757,24.140083,2
2022,11,17,22,11,臺中市,潭子區,0,0,0,8,,,50,,,,,,,,,,,,,,,23,,,,,B03,,,1,,2,,,23,,1,22,,B03,120.709913,24.232936,3
2022,11,17,22,15,臺中市,東區,0,1,0,8,3,5,50,14,22,1,5,3,1,7,4,4,10,5,5,2,9,42,2,9,1,1,C03,7,9,1,10,2,15,,42,42,1,22,8,C03,120.697402,24.150095,2
2022,11,17,22,18,臺中市,太平區,0,1,0,8,4,5,50,4,1,1,5,4,5,7,1,1,10,5,5,2,16,26,3,10,1,1,C03,7,11,1,10,1,11,,26,26,1,18,7,C03,120.718889,24.148994,2
2022,11,17,22,31,臺中市,太平區,0,0,0,8,,,50,,,,,,,,,,,,,,,12,,,,,B03,,,1,,2,,,12,,1,4,,B03,120.708251,24.161288,3
2022,11,17,22,40,臺中市,北屯區,0,1,0,8,3,5,50,15,9,1,5,4,5,7,3,1,4,4,5,2,16,7,3,10,1,1,B02,7,8,1,8,2,2,,7,7,1,22,8,B02,120.766284,24.197175,2
2022,11,17,23,3,臺中市,北區,0,1,0,8,3,5,50,14,7,1,5,4,5,7,4,4,3,2,4,1,16,19,3,10,3,4,B03,7,1,1,8,2,8,,19,19,1,22,9,B03,120.685244,24.164369,2
2022,11,17,23,8,臺中市,大里區,0,1,0,8,1,5,50,14,9,1,5,4,5,7,4,4,10,5,5,1,16,8,3,10,1,1,C03,7,5,1,10,2,11,,8,8,1,22,8,C03,120.69875,24.089593,2
2022,11,17,23,10,臺中市,潭子區,0,2,0,8,3,5,30,4,2,1,5,4,5,7,3,1,3,4,5,1,15,6,2,9,1,1,F03,7,9,8,20,2,16,,6,6,1,22,8,F03,120.710502,24.202961,2
2022,11,17,23,10,臺中市,大里區,0,2,0,8,1,5,50,14,9,1,5,4,5,7,4,4,5,5,5,1,12,23,2,7,1,1,C03,7,9,1,10,2,12,,23,23,1,22,8,C03,120.708758,24.086616,2
2022,11,17,23,11,臺中市,霧峰區,0,2,0,8,3,5,40,4,1,1,5,4,5,7,2,1,10,5,5,2,13,16,2,8,1,1,C03,7,9,1,10,2,11,,16,16,1,18,5,C03,120.686626,24.053691,2
2022,11,17,23,15,臺中市,南區,0,3,0,8,3,5,50,4,1,1,5,4,5,7,1,1,10,5,5,2,13,16,2,7,1,1,C03,7,9,1,10,2,11,,16,16,1,18,8,C03,120.679262,24.126371,2
2022,11,17,23,15,臺中市,龍井區,0,2,0,8,3,5,50,3,1,1,5,4,5,7,4,4,9,4,4,2,13,23,2,9,1,1,C03,7,9,2,18,2,11,,23,23,1,16,8,C03,120.588391,24.180991,2
2022,11,17,23,21,臺中市,沙鹿區,0,2,0,8,3,5,30,4,1,1,5,4,3,7,4,4,10,5,5,2,15,6,3,10,1,1,C03,7,9,1,10,2,12,,6,6,1,18,5,C03,120.572499,24.229166,2
2022,11,17,23,26,臺中市,北屯區,0,1,0,8,3,5,50,14,9,1,5,4,5,7,1,1,1,2,5,2,17,23,3,10,1,1,B03,7,14,1,8,2,1,,23,23,1,21,8,B03,120.693012,24.162175,2
2022,11,17,23,32,臺中市,北區,0,0,0,8,,,50,,,,,,,,,,,,,,,17,,,,,C03,,,1,,2,,,17,,1,22,,C03,120.686196,24.154408,3
2022,11,17,23,38,臺中市,大雅區,0,0,0,8,,,50,,,,,,,,,,,,,,,23,,,,,C03,,,1,,2,,,23,,1,22,,C03,120.65018,24.22709,3
2022,11,17,23,46,臺中市,龍井區,0,4,0,8,3,5,40,3,1,1,5,4,5,7,2,1,1,4,1,1,17,23,2,9,1,1,C03,7,6,1,10,2,13,,23,23,1,18,8,C03,120.58015,24.192195,2
2022,11,17,23,49,臺中市,北區,0,2,0,8,3,5,40,3,1,1,5,4,5,7,4,4,5,4,5,2,16,4,2,7,1,1,C03,7,5,1,10,2,12,,4,4,1,5,5,C03,120.694279,24.160502,2
2022,11,18,0,52,臺中市,沙鹿區,0,1,0,8,3,5,30,4,1,1,5,4,5,7,4,4,10,5,5,2,17,6,2,8,1,1,C03,7,9,1,10,2,12,,6,6,1,4,8,C03,120.568673,24.230558,2
2022,11,18,1,25,臺中市,沙鹿區,0,1,0,8,3,5,30,14,9,1,5,4,5,7,4,4,10,5,5,2,6,53,2,9,4,5,H01,8,18,8,20,7,16,,53,53,1,18,5,H01,120.574444,24.228611,2
2022,11,18,5,50,臺中市,西屯區,0,0,0,8,,,30,,,,,,,,,,,,,,,23,,,,,B03,,,1,,1,,,23,,1,22,,B03,120.645369,24.175304,3
2022,11,18,5,53,臺中市,太平區,0,1,0,8,4,5,40,4,1,1,5,4,5,7,3,1,5,5,5,1,16,1,3,10,1,1,C03,7,9,1,10,2,11,,1,1,1,4,1,C03,120.722972,24.142245,2
2022,11,18,5,58,臺中市,東區,0,1,0,8,2,5,50,4,1,1,5,4,5,7,2,1,1,4,5,2,15,25,2,8,1,1,F01,7,9,8,20,2,16,,25,25,1,22,8,F01,120.692393,24.147736,2
2022,11,18,6,29,臺中市,北屯區,0,0,0,8,,,50,,,,,,,,,,,,,,,7,,,,,B03,,,1,,1,,,7,7,1,21,,B03,120.730255,24.17378,3
2022,11,18,6,45,臺中市,潭子區,0,0,0,8,,,50,,,,,,,,,,,,,,,6,,,,,B03,,,1,,2,,,6,,1,22,,B03,120.703584,24.212321,3
2022,11,18,6,48,臺中市,南區,0,0,0,8,,,50,,,,,,,,,,,,,,,7,,,,,B03,,,1,,2,,,7,,1,22,,B03,120.692771,24.147835,3
2022,11,18,6,49,臺中市,西區,0,1,0,8,1,5,50,14,7,1,5,4,5,7,4,4,1,4,4,2,12,42,3,10,1,1,C03,7,9,3,18,2,12,,42,42,1,5,8,C03,120.657597,24.151915,2
2022,11,18,6,56,臺中市,大里區,0,1,0,8,1,5,50,11,9,1,5,4,5,7,4,4,5,5,5,1,13,23,2,9,1,1,F01,7,9,8,20,2,16,,23,23,1,15,5,F01,120.701792,24.088935,2
2022,11,18,6,59,臺中市,豐原區,0,2,0,8,1,5,50,4,1,1,5,4,5,7,4,4,10,5,5,2,16,8,2,9,1,1,C03,7,5,1,10,2,12,,8,8,1,22,8,C03,120.741796,24.25088,2
2022,11,18,7,1,臺中市,烏日區,0,1,0,8,1,5,50,14,7,1,5,4,3,7,4,4,5,5,4,2,12,17,3,10,1,1,B12,7,15,1,8,2,5,,17,17,1,21,8,B12,120.608533,24.116311,2
2022,11,18,7,11,臺中市,梧棲區,0,3,0,8,1,5,40,3,2,1,5,4,5,7,4,4,5,5,5,2,16,6,2,9,1,1,C03,7,5,1,10,2,14,,6,6,1,4,1,C03,120.525828,24.230572,2
2022,11,18,7,15,臺中市,北屯區,0,1,0,8,1,5,50,4,1,1,5,4,5,7,2,1,10,5,5,2,12,26,3,10,1,1,B03,7,6,1,8,2,2,,26,26,1,5,8,B03,120.687678,24.171873,2
2022,11,18,7,18,臺中市,大雅區,0,2,0,8,1,5,30,3,2,1,5,4,5,7,4,4,1,4,5,2,16,6,2,9,1,1,C03,7,6,1,10,2,14,,6,6,1,22,9,C03,120.615171,24.219385,2
2022,11,18,7,19,臺中市,北屯區,0,1,0,8,1,5,50,14,9,1,5,4,5,7,4,4,5,2,5,2,16,19,3,10,1,1,B12,7,1,1,8,2,4,,19,19,1,22,8,B12,120.70615,24.168866,2
2022,11,18,7,20,臺中市,西屯區,0,1,0,8,1,5,50,4,2,1,5,4,5,7,1,1,5,4,5,2,13,23,2,9,1,1,C03,7,9,1,10,2,11,,23,23,1,22,8,C03,120.622185,24.174168,2
2022,11,18,7,23,臺中市,南屯區,0,1,0,8,1,5,50,3,18,1,5,4,5,7,4,4,5,5,5,2,3,15,3,10,1,1,B03,7,6,1,8,2,2,,15,15,1,22,8,B03,120.607027,24.146751,2
2022,11,18,7,23,臺中市,龍井區,0,1,0,8,1,5,40,14,8,1,5,4,5,7,4,4,1,4,1,2,29,23,2,8,1,1,C03,7,9,1,10,2,12,,23,23,1,21,1,C03,120.579166,24.189444,2
2022,11,18,7,24,臺中市,清水區,0,1,0,8,1,5,50,4,2,1,5,4,5,7,1,1,8,3,5,1,15,6,3,10,1,1,B11,7,9,1,4,2,1,,6,6,1,21,8,B11,120.575186,24.271905,2
2022,11,18,7,25,臺中市,龍井區,0,2,0,8,1,5,30,4,2,1,5,4,5,7,1,1,10,5,5,2,16,9,2,8,1,1,C03,7,6,1,10,2,11,,9,9,1,12,8,C03,120.542696,24.218923,2
2022,11,18,7,26,臺中市,沙鹿區,0,2,0,8,1,5,60,4,1,1,5,4,5,7,1,1,10,5,5,2,16,6,2,9,1,1,C03,7,6,1,10,2,13,,6,6,1,9,9,C03,120.606292,24.247405,2
2022,11,18,7,28,臺中市,南屯區,0,2,0,8,1,5,50,3,2,1,5,4,5,7,1,1,5,4,4,2,16,7,2,2,1,1,B01,7,8,1,4,2,5,2,7,7,1,22,8,B01,120.609806,24.138021,2
2022,11,18,7,29,臺中市,大里區,0,0,0,,,,50,,,,,,,,,,,,,,,23,,,,,B03,,,1,,2,,,23,,1,22,,B03,120.694774,24.111463,3
2022,11,18,7,30,臺中市,西屯區,0,0,0,8,,,50,,,,,,,,,,,,,,,26,,,,,B03,,,1,,1,,,26,26,1,22,,B03,120.612807,24.191342,3
2022,11,18,7,31,臺中市,潭子區,0,1,0,8,1,5,50,14,7,1,5,4,5,7,2,1,5,2,4,1,12,7,3,10,1,1,B03,7,7,1,8,2,8,,7,7,1,22,9,B03,120.722611,24.204329,2
2022,11,18,7,31,臺中市,南屯區,0,0,0,8,,,50,,,,,,,,,,,,,,,42,,,,,C03,,,4,,2,,,42,,1,19,,C03,120.651411,24.149917,3
2022,11,18,7,33,臺中市,豐原區,0,1,0,8,1,5,50,4,1,1,5,4,5,7,2,1,10,5,5,2,13,23,3,10,3,4,C03,7,9,1,10,2,14,,23,23,1,22,8,C03,120.714547,24.244724,2
2022,11,18,7,35,臺中市,沙鹿區,0,2,0,8,1,5,40,7,8,1,5,4,5,7,4,4,5,3,5,1,13,16,2,9,1,1,C03,7,9,1,10,2,11,,16,16,1,18,1,C03,120.558649,24.24167,2
2022,11,18,7,37,臺中市,西屯區,0,0,0,8,1,5,50,11,9,1,5,4,5,7,4,4,1,3,5,1,17,4,3,10,1,1,C03,7,9,3,18,6,11,,4,4,1,22,8,C03,120.664364,24.176226,3
2022,11,18,7,38,臺中市,潭子區,0,0,0,8,,,40,,,,,,,,,,,,,,,23,,,,,B03,,,1,,2,,,23,,1,22,,B03,120.697992,24.201269,3
2022,11,18,7,40,臺中市,烏日區,0,1,0,8,1,5,50,14,9,1,5,4,5,7,4,4,4,4,5,1,13,23,2,9,1,1,C03,7,9,1,10,2,11,12,23,23,1,21,1,C03,120.642681,24.073343,2
2022,11,18,7,45,臺中市,北屯區,0,1,0,8,1,5,50,4,1,1,5,4,5,7,1,1,10,5,5,2,12,6,2,9,3,4,C03,7,9,1,10,2,14,,23,6,1,21,8,C03,120.657873,24.18737,2
2022,11,18,7,45,臺中市,石岡區,0,2,0,8,1,5,40,3,1,1,5,4,5,7,1,1,10,5,5,2,17,25,2,8,1,1,C03,7,9,1,10,2,14,,25,25,1,19,8,C03,120.814991,24.260975,2
2022,11,18,7,47,臺中市,東區,0,1,0,8,1,5,50,3,1,1,5,4,5,7,4,4,1,4,5,2,16,6,3,10,3,4,B03,7,6,1,8,2,8,,6,6,1,5,8,B03,120.685573,24.132613,2
2022,11,18,7,53,臺中市,南屯區,0,1,0,8,1,5,50,3,1,1,5,4,5,7,4,4,9,5,5,2,12,43,3,10,3,4,C03,7,5,1,10,2,11,,43,43,1,22,8,C03,120.641725,24.138461,2
2022,11,18,7,54,臺中市,潭子區,0,1,0,8,1,5,50,14,9,1,5,4,5,7,4,4,5,2,5,1,13,23,2,9,1,1,C03,7,9,1,10,2,11,,23,23,1,22,9,C03,120.718743,24.204246,2
2022,11,18,7,55,臺中市,霧峰區,0,1,0,8,1,5,50,14,9,1,5,4,5,7,4,4,9,5,5,1,16,6,3,10,1,1,B03,7,11,1,8,2,7,,6,6,1,5,8,B03,120.704683,24.071979,2
2022,11,18,7,58,臺中市,大雅區,0,0,0,8,,,50,,,,,,,,,,,,,,,23,,,,,B03,,,1,,2,,,23,,1,22,,B03,120.67815,24.215641,3
2022,11,18,7,58,臺中市,西屯區,0,0,0,8,,,50,,,,,,,,,,,,,,,23,,,,,B03,,,1,,1,,,23,,1,12,,B03,120.663785,24.17334,3
2022,11,18,8,0,臺中市,南屯區,0,0,0,,,,50,,,,,,,,,,,,,,,6,,,,,B03,,,1,,1,,,6,,1,4,,B03,120.632477,24.123104,3
2022,11,18,8,0,臺中市,大里區,0,2,0,8,1,5,50,4,1,1,5,4,5,7,1,1,10,5,5,1,16,26,2,9,1,1,C03,7,5,1,10,2,13,14,26,26,1,22,9,C03,120.696956,24.100315,2
2022,11,18,8,0,臺中市,龍井區,0,1,0,8,1,5,40,4,1,1,5,4,5,7,1,1,3,5,5,2,16,6,2,7,1,1,C03,7,9,1,10,2,14,,6,6,1,21,1,C03,120.585643,24.186015,2
2022,11,18,8,0,臺中市,沙鹿區,0,2,0,8,1,5,50,14,9,1,5,4,5,7,4,4,5,5,5,2,3,23,2,7,1,1,C03,7,9,1,10,2,11,,23,23,1,22,1,C03,120.560952,24.23729,2
2022,11,18,8,1,臺中市,西屯區,0,1,0,8,1,5,50,14,9,1,5,4,5,7,4,4,5,5,5,2,16,10,3,10,1,1,B03,7,11,1,8,2,6,,10,10,1,22,8,B03,120.654767,24.193526,2
2022,11,18,8,3,臺中市,大雅區,0,1,0,8,1,5,50,4,2,1,5,4,5,7,1,1,1,3,5,1,16,6,2,9,1,1,C03,7,5,1,10,2,11,,6,6,1,22,9,C03,120.613351,24.229717,2
2022,11,18,8,3,臺中市,南屯區,0,0,0,8,,,50,,,,,,,,,,,,,,,23,,,,,B03,,,1,,1,,,23,,1,4,,B03,120.632356,24.145477,3
2022,11,18,8,3,臺中市,霧峰區,0,1,0,8,1,5,40,3,2,1,5,4,5,7,4,4,1,5,4,1,17,6,2,9,1,1,C03,7,9,1,10,2,15,,23,6,1,22,9,C03,120.662229,24.051259,2
2022,11,18,8,4,臺中市,北屯區,0,0,0,8,,,50,,,,,,,,,,,,,,,8,,,,,B03,,,1,,1,,,8,,1,22,,B03,120.668337,24.201239,3
2022,11,18,8,4,臺中市,霧峰區,0,1,0,8,1,5,50,4,2,1,5,4,5,7,1,1,5,5,5,1,16,8,3,10,1,1,B03,7,5,1,8,2,5,,44,8,1,20,8,B03,120.718407,24.078617,2
2022,11,18,8,5,臺中市,西屯區,0,0,0,8,,,50,,,,,,,,,,,,,,,23,,,,,C03,,,1,,11,,,23,,1,22,,C03,120.649447,24.156051,3
2022,11,18,8,12,臺中市,西屯區,0,0,0,8,,,50,,,,,,,,,,,,,,,26,,,,,B03,,,1,,1,,,26,,1,22,,B03,120.612356,24.17144,3
2022,11,18,8,12,臺中市,梧棲區,0,2,0,8,1,5,40,3,1,1,5,4,5,7,3,1,5,5,5,1,16,6,2,9,1,1,C03,7,5,1,10,2,11,,6,6,1,4,8,C03,120.522129,24.237217,2
2022,11,18,8,13,臺中市,南屯區,0,0,0,,,,50,,,,,,,,,,,,,,,23,,,,,B03,,,1,,1,,,23,,1,22,,B03,120.61205,24.14569,3
2022,11,18,8,16,臺中市,太平區,0,1,0,8,1,5,30,14,9,1,5,4,5,7,4,4,10,5,5,2,11,5,2,7,1,1,C03,7,9,1,10,2,14,,5,5,1,21,8,C03,120.72885,24.110322,2
2022,11,18,8,19,臺中市,西屯區,0,1,0,8,1,5,50,3,1,1,5,4,5,7,4,4,10,5,5,2,17,6,3,10,1,1,B03,7,5,1,8,2,5,,6,6,1,22,8,B03,120.643858,24.200761,2
2022,11,18,8,24,臺中市,西區,0,1,0,8,1,5,50,14,9,1,5,4,5,7,4,4,5,4,5,2,13,16,2,9,1,1,C03,7,9,1,10,1,11,,16,16,1,22,9,C03,120.671101,24.145798,2
2022,11,18,8,24,臺中市,北屯區,0,0,0,8,,,50,,,,,,,,,,,,,,,16,,,,,C03,,,1,,1,,,16,,1,22,,C03,120.670696,24.173873,3
2022,11,18,8,27,臺中市,西屯區,0,2,0,8,1,5,50,4,1,1,5,4,5,7,1,1,5,4,5,2,13,23,2,9,1,1,C02,7,9,1,9,2,11,,23,23,1,22,8,C02,120.624976,24.196099,2
2022,11,18,8,30,臺中市,潭子區,0,1,0,8,1,5,30,11,9,1,5,4,5,1,4,4,10,5,5,1,11,5,3,10,1,1,B12,7,9,1,7,2,4,,5,5,1,22,9,B12,120.748192,24.205889,2
2022,11,18,8,30,臺中市,北屯區,0,0,0,8,,,50,,,,,,,,,,,,,,,16,,,,,C03,,,1,,1,,,16,,1,21,,C03,120.671983,24.174003,3
2022,11,18,8,30,臺中市,龍井區,0,0,0,8,,,30,,,,,,,,,,,,,,,43,,,,,B03,,,1,,2,,,43,,1,21,,B03,120.583335,24.179959,3
2022,11,18,8,30,臺中市,沙鹿區,0,0,0,8,1,5,60,14,7,1,5,4,5,7,1,1,1,3,4,1,13,16,,,,,A11,,,1,,2,,,16,16,1,10,,A11,120.566694,24.204254,3
2022,11,18,8,32,臺中市,豐原區,0,2,0,8,1,5,40,14,7,1,5,4,5,7,4,4,1,4,4,1,17,19,2,9,1,1,C03,7,1,1,10,2,14,,19,19,1,22,8,C03,120.734258,24.259868,2
2022,11,18,8,33,臺中市,大雅區,0,0,0,8,,,50,,,,,,,,,,,,,,,17,,,,,B02,,,1,,2,,,17,,1,22,,B02,120.646809,24.216597,3
2022,11,18,8,33,臺中市,南屯區,0,1,0,8,1,5,50,14,9,1,5,4,5,7,4,4,3,4,5,2,18,42,2,9,3,4,C03,7,9,1,10,2,12,,42,42,1,22,8,C03,120.638961,24.142227,2
2022,11,18,8,36,臺中市,梧棲區,0,0,0,,,,40,,,,,,,,,,,,,,,19,,,,,B03,,,1,,2,,,19,,1,4,,B03,120.554531,24.25838,3
2022,11,18,8,40,臺中市,西屯區,0,1,0,8,1,5,40,14,8,1,5,4,5,7,4,4,1,5,1,1,17,23,3,10,1,1,B03,7,9,1,8,2,2,,23,23,1,22,8,B03,120.615946,24.182604,2
2022,11,18,8,41,臺中市,南區,0,0,0,8,,,50,,,,,,,,,,,,,,,23,,,,,C03,,,1,10,2,,,23,23,1,5,,C03,120.71052,24.141671,3
2022,11,18,8,43,臺中市,西屯區,0,1,0,8,1,5,50,14,7,1,5,4,5,7,2,1,1,4,4,2,13,16,2,7,1,1,C03,7,9,4,8,1,14,,16,16,1,22,8,C03,120.655099,24.176111,2
2022,11,18,8,45,臺中市,西屯區,0,1,0,8,1,5,50,4,1,1,5,4,5,7,1,1,10,5,5,2,2,15,3,10,1,1,B03,7,5,3,18,1,2,,15,15,1,4,8,B03,120.637239,24.166043,2
2022,11,18,8,46,臺中市,西屯區,0,1,0,8,1,5,50,4,1,1,5,4,5,7,1,1,10,5,5,2,16,6,3,10,3,4,B03,7,6,1,8,2,2,,6,6,1,22,8,B03,120.635248,24.179511,2
2022,11,18,8,48,臺中市,南屯區,0,0,0,,,,50,,,,,,,,,,,,,,,2,,,,,B03,,,1,,1,,,2,,1,4,,B03,120.641992,24.14113,3
2022,11,18,8,48,臺中市,太平區,0,1,0,8,1,5,50,4,1,1,5,4,5,7,4,4,10,5,5,2,14,12,3,10,1,1,B12,7,2,1,8,2,6,,12,12,1,21,8,B12,120.706449,24.157879,2
2022,11,18,8,49,臺中市,北區,0,2,0,8,1,5,50,3,1,1,5,4,5,7,1,1,5,2,5,2,13,23,2,9,1,1,C03,7,10,1,10,2,11,,23,23,1,21,8,C03,120.689134,24.153572,2
2022,11,18,8,50,臺中市,霧峰區,0,1,0,8,1,5,40,14,12,1,5,4,5,7,4,4,9,4,5,1,12,23,2,8,1,1,C03,7,9,4,8,11,11,,23,23,1,22,9,C03,120.661075,24.075734,2
2022,11,18,8,50,臺中市,梧棲區,0,2,0,8,1,5,40,14,9,1,5,4,5,7,4,4,10,5,5,2,16,10,2,9,1,1,C03,7,11,1,10,2,11,,10,10,1,4,8,C03,120.53249,24.261169,2
2022,11,18,8,52,臺中市,西屯區,0,1,0,8,1,5,30,3,1,1,5,4,5,7,4,4,10,4,5,2,17,6,3,10,1,1,B03,7,6,1,8,1,1,,6,6,1,22,8,B03,120.646745,24.165138,2
2022,11,18,8,53,臺中市,神岡區,0,1,0,8,1,5,50,4,1,1,5,4,5,7,1,1,5,5,5,1,16,6,2,8,1,1,F03,7,5,8,20,2,16,,6,6,1,22,8,F03,120.699589,24.251148,2
2022,11,18,8,55,臺中市,東區,0,1,0,8,1,5,50,14,9,1,5,4,5,7,4,4,5,4,5,2,12,26,3,10,1,1,B12,7,5,1,8,2,7,,26,26,1,21,8,B12,120.696124,24.147823,2
2022,11,18,8,56,臺中市,西屯區,0,2,0,8,1,5,50,3,1,1,5,4,5,7,4,4,10,5,5,2,16,10,2,7,1,1,C03,7,11,1,10,2,13,,10,10,1,22,8,C03,120.665812,24.168354,2
2022,11,18,8,56,臺中市,神岡區,0,0,0,8,,,50,,,,,,,,,,,,,,,9,,,,,B03,,,1,,11,,,9,,2,22,,B03,120.699325,24.235705,3
2022,11,18,9,0,臺中市,北屯區,0,1,0,8,1,5,50,5,1,1,5,4,5,7,4,4,10,5,5,2,16,6,2,9,3,4,C03,7,5,1,10,2,11,,6,6,1,21,8,C03,120.66205,24.191353,2
2022,11,18,9,1,臺中市,北屯區,0,0,0,8,,,50,,,,,,,,,,,,,,,23,,,,,B03,,,1,,1,,,23,23,1,5,,B03,120.737025,24.175898,3
2022,11,18,9,5,臺中市,龍井區,0,0,0,,,,60,,,,,,,,,,,,,,,42,,,,,A12,,,1,,2,,,42,42,1,10,,A12,120.582222,24.179444,3
2022,11,18,9,9,臺中市,西屯區,0,0,0,8,,,40,,,,,,,,,,,,,,,23,,,,,B03,,,1,,11,,,23,,1,22,,B03,120.656947,24.158401,3
2022,11,18,9,10,臺中市,西屯區,0,0,0,8,,,50,,,,,,,,,,,,,,,7,,,,,B03,,,1,,1,,,7,,1,22,,B03,120.665608,24.172951,3
2022,11,18,9,13,臺中市,大里區,0,1,0,8,1,5,60,3,1,1,5,4,5,7,4,4,10,5,5,2,16,23,3,10,1,1,B12,7,5,1,8,4,7,,23,23,1,20,8,B12,120.707612,24.097076,2
2022,11,18,9,15,臺中市,大里區,0,0,0,8,,,50,,,,,,,,,,,,,,,23,,,,,C03,,,6,,1,,,23,,1,22,,C03,120.694388,24.096897,3