年,月,日,時,分,縣市,區,死,受傷,2-30,天候,光線,道路類別,速限,道路型態,事故位置,路面鋪裝,路面狀態,路面缺陷,障礙物,視距,號誌種類,號誌動作,分向設施,快車道或一般車道間,快慢車道間,路面邊線,事故類型及型態,主要肇因,受傷程度,主要傷處,保護裝備,行動電話,當事者區分,車輛用途,當事者行動狀態,駕駛資格情形,駕駛執照種類,飲酒情形,車輛撞擊部位最初,車輛撞擊部位其他,肇事因素個別,肇事因素主要,肇事逃逸,職業,旅次目的,車種,GPS緯度,GPS經度,事故類別
2022,11,18,9,20,臺中市,后里區,0,0,0,8,,,30,,,,,,,,,,,,,,,17,,,,,B03,,,1,,2,,,17,,1,22,,B03,120.714729,24.332289,3
2022,11,18,9,22,臺中市,大雅區,0,1,0,8,1,5,50,11,7,1,5,4,1,7,4,4,1,4,4,1,16,23,2,9,1,1,C03,7,9,1,10,2,11,,23,23,1,22,9,C03,120.671918,24.215602,2
2022,11,18,9,30,臺中市,大雅區,0,1,0,8,1,5,50,3,1,1,5,4,5,7,4,4,5,5,4,2,16,43,3,10,1,1,B03,7,6,1,8,2,2,,43,43,1,22,9,B03,120.651664,24.216523,2
2022,11,18,9,42,臺中市,南區,0,1,0,8,1,5,50,3,2,1,5,4,5,7,1,1,2,2,5,2,17,19,3,10,1,1,C03,7,1,1,9,2,11,,19,19,1,21,8,C03,120.679289,24.120608,2
2022,11,18,9,45,臺中市,豐原區,0,1,0,8,1,5,50,4,1,1,5,4,5,7,2,1,10,5,5,2,16,6,3,10,3,4,B02,7,6,1,8,2,5,,6,6,1,22,8,B02,120.71463,24.244661,2
2022,11,18,9,48,臺中市,北區,0,0,0,8,,,30,,,,,,,,,,,,,,,12,,,,,B03,,,1,,2,,,12,,1,21,,B03,120.669087,24.168238,3
2022,11,18,9,50,臺中市,北區,0,0,0,8,,,50,,,,,,,,,,,,,,,23,,,,,C03,,,4,8,2,,,23,23,1,21,,C03,120.663884,24.157614,3
2022,11,18,9,53,臺中市,南屯區,0,1,0,8,1,5,50,14,8,1,5,4,5,7,4,4,3,4,4,2,18,23,2,9,3,4,F01,7,9,8,20,2,16,,23,23,1,22,8,F01,120.649094,24.150811,2
2022,11,18,9,59,臺中市,太平區,0,0,0,8,,,50,,,,,,,,,,,,,,,16,,,,,C03,,,1,,2,,,16,,1,21,,C03,120.725413,24.141958,3
2022,11,18,10,3,臺中市,西屯區,0,1,0,8,1,5,50,4,1,1,5,4,5,7,1,1,9,4,5,2,14,12,3,10,1,1,B01,7,2,1,8,2,3,,12,12,1,12,8,B01,120.615389,24.174381,2
2022,11,18,10,5,臺中市,大雅區,0,0,0,8,,,30,,,,,,,,,,,,,,,17,,,,,B03,,,1,,2,,,17,17,1,22,,B03,120.630759,24.220188,3
2022,11,18,10,7,臺中市,烏日區,0,2,0,8,1,5,50,4,1,1,5,4,5,7,1,1,5,2,5,1,16,6,3,10,1,1,A31,7,5,1,1,2,8,,6,6,1,21,8,A31,120.62571,24.110477,2
2022,11,18,10,14,臺中市,清水區,0,0,0,8,,,50,,,,,,,,,,,,,,,23,,,,,A12,,,1,,2,,,23,,1,5,,A12,120.575438,24.278496,3
2022,11,18,10,16,臺中市,太平區,0,0,0,8,,,30,,,,,,,,,,,,,,,12,,,,,B12,,,1,,9,7,,12,12,1,22,,B12,120.725124,24.132738,3
2022,11,18,10,19,臺中市,大肚區,0,1,0,8,1,5,30,4,9,1,5,4,5,7,4,4,10,5,5,1,11,23,2,8,1,1,C03,7,6,1,10,2,11,,23,23,1,20,8,C03,120.572987,24.163736,2
2022,11,18,10,19,臺中市,神岡區,0,0,0,8,,,60,,,,,,,,,,,,,,,23,,,,,B03,,,1,,2,,,23,,1,22,,B03,120.682966,24.246666,3
2022,11,18,10,21,臺中市,西區,0,1,0,8,1,5,50,3,2,1,5,4,5,7,4,4,5,4,5,2,17,42,3,10,1,1,B03,7,9,1,8,1,5,,42,42,1,22,9,B03,120.67947,24.137219,2
2022,11,18,10,24,臺中市,北區,0,0,0,,,,50,,,,,,,,,,,,,,,16,,,,,C03,,,1,,1,,,16,,1,5,,C03,120.673289,24.170071,3
2022,11,18,10,24,臺中市,西屯區,0,2,0,8,1,5,40,4,1,1,5,4,5,7,1,1,10,5,1,2,13,16,2,9,1,1,C03,7,9,1,10,2,11,,16,16,1,22,8,C03,120.646454,24.164454,2
2022,11,18,10,36,臺中市,中區,0,2,0,8,1,5,50,4,1,1,5,4,5,7,1,1,10,5,5,2,17,6,2,3,3,4,B03,7,5,1,8,2,1,,6,6,1,22,5,B03,120.677642,24.144083,2
2022,11,18,10,38,臺中市,大里區,0,0,0,8,,,50,,,,,,,,,,,,,,,12,,,,,B02,,,1,,2,,,12,,1,22,,B02,120.692946,24.090637,3
2022,11,18,10,45,臺中市,沙鹿區,0,0,0,8,,,50,,,,,,,,,,,,,,,44,,,,,B03,,,1,,1,,,44,44,1,20,,B03,120.555764,24.232162,3
2022,11,18,10,48,臺中市,大里區,0,1,0,8,1,5,50,3,1,1,5,4,5,7,4,4,9,4,4,1,16,8,3,10,1,1,B03,7,5,3,18,2,8,,8,8,1,22,9,B03,120.688787,24.091379,2
2022,11,18,10,48,臺中市,石岡區,0,0,0,8,,,70,,,,,,,,,,,,,,,23,,,,,B03,,,1,,2,,,23,,1,5,,B03,120.791996,24.272028,3
2022,11,18,10,50,臺中市,東區,0,0,0,8,,,50,,,,,,,,,,,,,,,42,,,,,A12,,,1,7,2,,,42,42,1,5,,A12,120.6485,24.119463,3
2022,11,18,10,52,臺中市,東區,0,1,0,8,1,5,50,4,1,1,5,4,5,7,4,4,5,4,5,2,15,6,2,9,1,4,C03,7,9,1,10,2,11,,6,6,1,21,8,C03,120.704452,24.142177,2
2022,11,18,10,53,臺中市,西屯區,0,0,0,8,,,50,,,,,,,,,,,,,,,16,,,,,B03,,,1,,1,,,16,,1,22,,B03,120.658329,24.194908,3
2022,11,18,10,56,臺中市,南屯區,0,0,0,8,,,30,,,,,,,,,,,,,,,12,,,,,B12,,,1,,1,,,12,,1,4,,B12,120.634942,24.113002,4
2022,11,18,10,59,臺中市,北屯區,0,0,0,8,,,30,,,,,,,,,,,,,,,12,,,,,A41,,,1,,2,,,12,,1,10,,A41,120.674455,24.177375,3
2022,11,18,11,0,臺中市,南屯區,0,0,0,,,,50,,,,,,,,,,,,,,,23,,,,,B03,,,1,,2,,,23,,1,4,,B03,120.648227,24.123252,3
2022,11,18,11,0,臺中市,西屯區,0,2,0,8,1,5,50,4,1,1,5,4,5,7,4,4,10,5,5,2,17,43,2,9,1,1,C03,7,9,1,10,2,11,,43,43,1,22,8,C03,120.650148,24.163011,2
2022,11,18,11,0,臺中市,大里區,0,0,0,8,,,30,,,,,,,,,,,,,,,12,,,,,B02,,,1,,2,,,12,,1,5,,B02,120.689518,24.124488,3
2022,11,18,11,3,臺中市,西屯區,0,0,0,8,,,50,,,,,,,,,,,,,,,10,,,,,B02,,,1,,2,,,10,,1,12,,B02,120.647976,24.174061,3
2022,11,18,11,6,臺中市,西區,0,1,0,8,1,5,50,4,1,1,5,4,5,7,4,4,10,5,5,2,15,6,2,9,1,1,C03,7,9,1,10,2,12,,6,6,1,22,8,C03,120.669093,24.14045,2
2022,11,18,11,10,臺中市,清水區,0,2,0,8,1,5,40,14,9,1,5,4,5,7,4,4,8,3,4,1,16,19,2,9,1,1,B03,7,1,1,8,2,4,,19,19,1,21,8,B03,120.568088,24.271741,2
2022,11,18,11,12,臺中市,太平區,0,1,0,8,1,5,50,14,9,1,5,4,5,7,4,4,5,4,5,1,17,19,3,10,1,1,B03,7,1,1,8,2,4,,19,19,1,21,8,B03,120.749865,24.123628,2
2022,11,18,11,20,臺中市,大肚區,0,0,0,8,,,50,,,,,,,,,,,,,,,23,,,,,B03,,,1,,2,,,23,,1,21,,B03,120.570083,24.121171,3
2022,11,18,11,21,臺中市,北屯區,0,1,0,8,1,5,50,3,1,1,5,4,5,7,4,4,10,5,5,2,16,6,2,9,1,1,C03,7,5,1,10,2,12,14,6,6,1,5,8,C03,120.676668,24.176286,2
2022,11,18,11,21,臺中市,西屯區,0,1,0,8,1,5,50,4,1,1,5,4,5,7,1,1,10,5,5,2,13,23,3,10,1,1,C03,7,9,1,10,1,11,,23,23,1,22,8,C03,120.633777,24.161175,2
2022,11,18,11,22,臺中市,潭子區,0,1,0,8,1,5,50,14,7,1,5,4,5,7,4,4,5,4,4,2,11,26,2,9,1,1,C03,7,9,1,9,2,14,,26,26,1,22,8,C03,120.705904,24.207233,2
2022,11,18,11,23,臺中市,南區,0,0,1,8,1,5,40,4,7,1,5,4,5,7,2,1,5,4,4,2,16,43,5,1,3,4,C03,7,7,4,8,11,14,,43,43,1,19,9,C03,120.663437,24.113437,2
2022,11,18,11,25,臺中市,南屯區,0,2,0,8,1,5,50,14,8,1,5,4,5,7,4,4,5,4,4,2,16,42,2,8,1,1,C03,7,12,1,10,2,12,,42,42,1,22,8,C03,120.610925,24.133088,2
2022,11,18,11,25,臺中市,北屯區,0,1,0,8,1,5,50,3,1,1,5,4,5,7,2,1,10,5,5,2,17,25,3,10,3,4,B01,7,5,1,3,2,6,,44,25,1,10,8,B01,120.714946,24.174145,2
2022,11,18,11,31,臺中市,西區,0,1,0,8,1,5,50,4,1,1,5,4,5,7,4,4,10,5,5,2,16,6,2,9,1,1,C03,7,9,1,10,2,12,,6,6,1,20,8,C03,120.66884,24.142036,2
2022,11,18,11,32,臺中市,西屯區,0,2,0,8,1,5,30,4,1,1,5,4,5,7,4,4,10,5,5,2,16,6,2,9,1,1,C03,7,9,1,10,2,12,,6,6,1,22,8,C03,120.644205,24.180106,2
2022,11,18,11,35,臺中市,西屯區,0,1,0,8,1,5,50,14,9,1,5,4,5,7,4,4,8,3,4,1,17,19,3,10,1,1,C03,7,1,1,10,2,13,,19,19,1,22,8,C03,120.637315,24.176411,2
2022,11,18,11,35,臺中市,梧棲區,0,0,0,,,,40,,,,,,,,,,,,,,,12,,,,,B12,,,1,,2,,,12,,1,4,,B12,120.534395,24.265043,3
2022,11,18,11,35,臺中市,沙鹿區,0,0,0,8,1,5,50,14,9,1,5,4,5,7,4,4,4,3,5,1,11,26,,,,,B03,,,1,,2,,,26,,1,20,,B03,120.570511,24.243717,3
2022,11,18,11,37,臺中市,西屯區,0,1,0,8,1,5,50,14,7,1,5,4,5,7,4,4,1,5,4,2,23,42,2,9,3,4,B11,7,9,1,3,2,4,,42,42,1,22,8,B11,120.617381,24.192308,2
2022,11,18,11,38,臺中市,霧峰區,0,0,0,8,1,5,30,3,1,1,5,4,5,7,4,4,10,5,5,2,16,6,,,,,B01,,,1,,1,,,6,,1,10,,B01,120.686238,24.049905,3
2022,11,18,11,43,臺中市,后里區,0,1,0,8,1,5,30,14,9,1,5,4,5,7,4,4,10,5,5,2,16,6,3,10,1,1,B12,7,6,1,8,2,6,,6,6,1,21,8,B12,120.701053,24.325903,2
2022,11,18,11,50,臺中市,北區,0,0,0,8,,,50,,,,,,,,,,,,,,,23,,,,,B03,,,1,,2,,,23,,1,21,,B03,120.686718,24.155427,3
2022,11,18,11,50,臺中市,西屯區,0,1,0,8,1,5,40,14,8,1,5,4,5,7,4,4,5,5,4,2,12,42,2,9,1,1,C03,7,9,1,10,2,12,,42,42,1,22,8,C03,120.658556,24.192173,2
2022,11,18,11,50,臺中市,沙鹿區,0,1,0,8,1,5,50,14,9,1,5,4,5,7,4,4,1,4,4,2,12,23,3,10,1,1,B03,7,9,1,8,2,5,,23,23,1,5,9,B03,120.553114,24.218958,2
2022,11,18,11,52,臺中市,南區,0,2,0,8,1,5,50,4,7,1,5,4,5,7,1,1,9,4,4,2,16,11,2,8,1,1,C03,7,11,1,10,2,14,,11,11,1,4,1,C03,120.682296,24.134033,2
2022,11,18,11,55,臺中市,豐原區,0,1,0,8,1,5,50,3,7,1,5,4,5,7,1,1,1,4,4,1,13,26,2,7,1,1,C03,7,7,1,10,2,11,,26,26,1,18,8,C03,120.739554,24.262478,2
2022,11,18,11,59,臺中市,大雅區,0,0,0,8,,,50,,,,,,,,,,,,,,,23,,,,,C03,,,1,,2,,,23,,1,22,,C03,120.648617,24.218362,3
2022,11,18,12,4,臺中市,北屯區,0,0,0,8,,,50,,,,,,,,,,,,,,,8,,,,,,,,,,,,,8,,1,,,,120.722543,24.176029,3
2022,11,18,12,5,臺中市,西屯區,0,0,0,8,,,50,,,,,,,,,,,,,,,23,,,,,A12,,,1,,1,,,23,,1,22,,A12,120.657133,24.200478,3
2022,11,18,12,5,臺中市,西屯區,0,0,0,8,,,30,,,,,,,,,,,,,,,12,,,,,C03,,,1,,1,,,12,,1,12,,C03,120.653286,24.203609,3
2022,11,18,12,10,臺中市,西屯區,0,0,0,8,,,50,,,,,,,,,,,,,,,23,,,,,B03,,,1,,11,,,23,,1,22,,B03,120.628867,24.162746,3
2022,11,18,12,14,臺中市,南區,0,1,0,8,1,5,50,4,1,1,5,4,5,7,2,1,10,5,5,2,16,6,3,10,3,4,B03,7,6,1,8,2,5,,6,6,1,5,8,B03,120.67103,24.115065,2
2022,11,18,12,16,臺中市,中區,0,0,0,8,1,5,50,14,9,1,5,4,5,7,4,4,10,4,5,2,29,19,,,,,B11,,,1,,1,,,19,,1,22,,B11,120.682476,24.138367,3
2022,11,18,12,16,臺中市,北屯區,0,1,0,8,1,5,30,4,1,1,5,4,5,7,4,4,10,5,5,2,15,6,2,9,1,1,C03,7,9,1,10,2,12,,6,6,1,22,8,C03,120.690773,24.169593,2
2022,11,18,12,16,臺中市,霧峰區,0,2,0,8,1,5,60,4,1,1,5,4,5,7,4,4,9,4,4,1,16,19,2,9,1,1,C03,7,1,1,10,2,14,,19,19,1,22,9,C03,120.699153,24.072956,2
2022,11,18,12,17,臺中市,龍井區,0,2,0,8,1,5,50,3,1,1,5,4,5,7,4,4,10,5,5,2,17,23,2,8,1,1,C03,7,9,1,10,2,11,,23,23,1,18,8,C03,120.584166,24.1825,2
2022,11,18,12,19,臺中市,北屯區,0,3,0,8,1,5,50,5,1,1,5,4,5,7,2,1,10,5,5,2,13,23,2,9,1,1,C03,7,9,1,10,2,11,,23,23,1,21,8,C03,120.730818,24.17711,2
2022,11,18,12,20,臺中市,大甲區,0,1,0,8,1,5,60,14,7,1,5,4,5,7,4,4,1,4,4,1,12,26,2,9,1,1,C03,7,7,1,10,2,11,,26,26,1,22,8,C03,120.60893,24.327663,2
2022,11,18,12,21,臺中市,烏日區,0,0,0,8,,,50,,,,,,,,,,,,,,,12,,,,,B03,,,1,,2,,,12,12,1,20,,B03,120.605036,24.106563,3
2022,11,18,12,23,臺中市,大雅區,0,1,0,8,1,5,50,3,2,1,5,4,5,7,4,4,5,5,5,1,13,16,2,9,1,1,C03,7,9,3,18,2,11,,16,16,1,22,9,C03,120.650657,24.229231,2
2022,11,18,12,27,臺中市,大甲區,0,1,0,8,1,5,50,14,9,1,5,4,5,7,1,1,10,4,4,1,13,23,2,8,1,1,C03,7,9,1,10,2,11,,23,23,1,22,1,C03,120.633383,24.356231,2
2022,11,18,12,30,臺中市,大雅區,0,0,0,8,,,30,,,,,,,,,,,,,,,12,,,,,B12,,,1,,2,,,12,,1,22,,B12,120.64876,24.222046,3
2022,11,18,12,35,臺中市,梧棲區,0,0,0,,,,60,,,,,,,,,,,,,,,42,,,,,B03,,,1,,2,,,42,,1,4,,B03,120.544352,24.247055,3
2022,11,18,12,35,臺中市,沙鹿區,0,1,0,8,1,5,60,3,9,1,5,4,5,7,1,1,1,3,4,1,12,9,3,10,1,1,B03,7,6,1,8,2,2,,9,9,1,5,8,B03,120.568043,24.206776,2
2022,11,18,12,36,臺中市,北區,0,1,0,8,1,5,40,4,2,1,5,4,5,7,1,1,1,4,4,2,29,43,2,8,1,1,C04,7,9,1,10,2,15,,43,43,1,21,8,C04,120.675728,24.15923,2
2022,11,18,12,38,臺中市,西區,0,0,0,8,,,50,,,,,,,,,,,,,,,23,,,,,B02,,,1,,1,,,23,,1,22,,B02,120.668722,24.151033,3
2022,11,18,12,43,臺中市,潭子區,0,0,0,8,,,80,,,,,,,,,,,,,,,7,,,,,B03,,,1,,9,,,7,,1,22,,B03,120.722475,24.192365,3
2022,11,18,12,45,臺中市,豐原區,0,1,0,8,1,5,50,14,8,1,5,4,5,7,4,4,5,4,4,2,18,42,2,9,1,1,C03,7,15,1,10,2,11,,42,42,1,22,8,C03,120.698866,24.246424,2
2022,11,18,12,48,臺中市,南屯區,0,0,0,,,,50,,,,,,,,,,,,,,,23,,,,,B03,,,1,,1,,,23,,1,4,,B03,120.609707,24.138486,3
2022,11,18,12,50,臺中市,南屯區,0,2,0,8,1,5,50,4,1,1,5,4,5,7,1,1,5,5,5,2,16,43,2,9,3,4,C03,7,9,1,10,2,11,,43,43,1,22,8,C03,120.641333,24.138386,2
2022,11,18,12,50,臺中市,豐原區,0,0,0,8,,,50,,,,,,,,,,,,,,,6,,,,,C03,,,1,,2,,,6,,1,21,,C03,120.72165,24.256363,3
2022,11,18,12,51,臺中市,北屯區,0,2,0,8,1,5,50,4,1,1,5,4,5,7,1,1,10,5,5,2,17,8,2,9,3,4,C03,7,5,4,8,2,13,,8,8,1,21,8,C03,120.677511,24.18347,2
2022,11,18,12,52,臺中市,南區,0,2,0,8,1,5,50,4,1,1,5,4,5,7,2,1,5,4,4,2,16,23,2,8,1,1,C03,7,5,1,10,2,11,,23,23,1,21,8,C03,120.662687,24.126984,2
2022,11,18,12,57,臺中市,西屯區,0,1,0,8,1,5,30,14,9,1,5,4,5,7,4,4,10,5,5,2,17,43,3,10,3,4,B01,7,9,1,8,2,15,,43,43,1,22,8,B01,120.651345,24.174771,2
2022,11,18,12,58,臺中市,大雅區,0,2,0,8,1,5,50,4,1,1,5,4,5,7,3,1,5,5,5,1,16,6,2,5,1,1,C03,7,5,1,10,2,12,,6,6,1,22,9,C03,120.656942,24.222722,2
2022,11,18,12,59,臺中市,烏日區,0,0,0,8,,,30,,,,,,,,,,,,,,,6,,,,,B02,,,1,,2,,,6,,1,21,,B02,120.624947,24.082596,3
2022,11,18,13,0,臺中市,中區,0,0,0,,,,50,,,,,,,,,,,,,,,7,,,,,B03,,,1,,2,,,7,,1,20,,B03,120.679547,24.142469,3
2022,11,18,13,3,臺中市,北區,0,2,0,8,1,5,50,3,1,1,5,4,5,7,4,4,10,5,5,2,11,6,2,8,1,1,C03,7,5,1,9,2,12,,6,6,1,5,8,C03,120.673483,24.172899,2
2022,11,18,13,3,臺中市,東區,0,1,0,8,1,5,50,3,1,1,5,4,5,7,4,4,9,4,4,2,18,43,2,9,1,1,C03,7,9,1,10,2,11,12,43,43,1,5,1,C03,120.710518,24.141815,2
2022,11,18,13,5,臺中市,西區,0,0,0,8,1,5,50,3,9,1,5,4,5,7,4,4,10,5,5,2,16,6,,,,,B03,,,1,,1,,,14,14,1,21,,B03,120.653868,24.152925,3
2022,11,18,13,5,臺中市,大肚區,0,1,0,8,1,5,40,4,1,1,5,4,5,7,3,1,10,5,5,2,15,6,3,10,1,1,B03,7,9,1,8,2,8,,6,6,1,21,8,B03,120.538439,24.156714,2
2022,11,18,13,9,臺中市,南屯區,0,0,0,8,,,50,,,,,,,,,,,,,,,23,,,,,B03,,,1,,1,,,23,,1,22,,B03,120.646359,24.13089,3
2022,11,18,13,11,臺中市,中區,0,1,0,8,1,5,50,3,2,1,5,4,5,7,1,1,5,4,5,2,12,17,2,9,1,1,C03,7,9,1,10,2,14,,17,17,1,22,9,C03,120.682863,24.143654,2
2022,11,18,13,18,臺中市,北屯區,0,0,0,8,,,50,,,,,,,,,,,,,,,25,,,,,C03,,,1,10,1,,,25,25,1,21,,C03,120.690354,24.175458,3
2022,11,18,13,19,臺中市,南區,0,2,0,8,1,5,50,14,9,1,5,4,5,7,4,4,1,4,5,2,16,8,2,9,1,1,C03,7,5,1,10,2,14,,8,8,1,22,8,C03,120.669216,24.127531,2
2022,11,18,13,28,臺中市,南區,0,1,0,8,1,5,50,4,1,1,5,4,5,7,4,4,10,5,5,2,15,6,3,10,3,4,B12,7,9,1,5,2,1,,23,6,1,5,8,B12,120.655506,24.126415,2
2022,11,18,13,34,臺中市,北區,0,0,0,8,,,50,,,,,,,,,,,,,,,23,,,,,B03,,,1,,1,,,23,,1,21,,B03,120.6841,24.147407,3
2022,11,18,13,37,臺中市,南屯區,0,0,0,8,,,50,,,,,,,,,,,,,,,19,,,,,B12,,,1,,2,,,19,,1,7,,B12,120.641896,24.145578,3
2022,11,18,13,37,臺中市,豐原區,0,0,0,8,,,50,,,,,,,,,,,,,,,6,,,,,B03,,,1,,2,,,6,6,1,22,,B03,120.71463,24.244661,3
2022,11,18,13,48,臺中市,霧峰區,0,2,0,8,1,5,50,4,1,1,5,4,5,7,3,1,10,5,5,2,16,8,2,9,1,1,C03,7,5,1,10,2,13,,8,8,1,22,8,C03,120.696782,24.06218,2
2022,11,18,13,50,臺中市,龍井區,0,0,0,8,,,40,,,,,,,,,,,,,,,12,,,,,B12,,,1,,2,,,12,,1,12,,B12,120.508488,24.215828,3
2022,11,18,13,53,臺中市,大雅區,0,0,0,8,,,30,,,,,,,,,,,,,,,23,,,,,A12,,,1,,2,,,23,,1,10,,A12,120.63311,24.21271,3
2022,11,18,13,53,臺中市,西屯區,0,2,0,8,1,5,30,3,1,1,5,4,5,7,4,4,10,5,5,2,16,8,2,9,1,1,C03,7,5,1,10,2,14,,8,8,1,22,8,C03,120.646971,24.167268,2
2022,11,18,13,54,臺中市,大里區,0,0,0,8,,,50,,,,,,,,,,,,,,,23,,,,,C03,,,1,,2,,,23,,1,22,,C03,120.68835,24.0945,3
2022,11,18,13,56,臺中市,北屯區,0,0,0,8,,,50,,,,,,,,,,,,,,,23,,,,,B03,,,1,,1,,,23,,1,21,,B03,120.719366,24.17744,3
2022,11,18,14,2,臺中市,西屯區,0,0,0,8,,,50,,,,,,,,,,,,,,,43,,,,,B03,,,1,,2,,,43,,1,22,,B03,120.662314,24.200772,3
2022,11,18,14,3,臺中市,烏日區,0,1,0,8,1,5,30,4,1,1,5,4,5,7,4,4,10,5,5,2,15,6,3,10,1,1,B03,7,9,1,8,2,5,,6,6,1,5,8,B03,120.648973,24.062991,2
2022,11,18,14,5,臺中市,南屯區,0,0,0,8,,,50,,,,,,,,,,,,,,,23,,,,,B03,,,1,,1,,,23,,1,22,,B03,120.646629,24.140096,3
2022,11,18,14,5,臺中市,西屯區,0,1,0,8,1,5,50,14,7,1,5,4,5,7,4,4,5,4,4,2,16,43,3,10,3,4,B03,7,9,1,8,2,2,,43,43,1,22,8,B03,120.645173,24.173128,2
2022,11,18,14,13,臺中市,西屯區,0,1,0,8,1,5,50,3,4,1,5,4,5,7,2,1,1,4,5,2,13,23,3,10,1,1,C03,7,9,1,10,2,11,,23,23,1,22,8,C03,120.646578,24.157413,2
2022,11,18,14,19,臺中市,龍井區,0,1,0,8,1,5,50,3,1,1,5,4,5,7,3,1,10,5,5,2,16,6,2,9,1,1,C03,7,5,3,18,2,13,,6,6,1,12,8,C03,120.521149,24.204286,2
2022,11,18,14,22,臺中市,南區,0,1,0,8,1,5,50,4,8,1,5,4,5,7,1,1,9,4,4,2,12,23,3,10,1,1,B03,7,9,1,8,2,1,,23,23,1,5,1,B03,120.669203,24.12833,2
2022,11,18,14,23,臺中市,東區,0,1,0,8,1,5,50,4,1,1,5,4,5,7,1,1,10,5,5,2,16,42,2,9,1,1,C03,7,15,1,10,2,12,,42,42,1,22,8,C03,120.7012,24.14271,2
2022,11,18,14,25,臺中市,北屯區,0,1,0,8,1,5,50,4,1,1,5,4,5,7,1,1,10,5,5,2,18,23,2,9,1,1,C03,7,9,1,10,2,12,,23,23,1,21,8,C03,120.68627,24.185439,2
2022,11,18,14,26,臺中市,西區,0,0,0,8,,,50,,,,,,,,,,,,,,,44,,,,,C03,,,1,,1,,,16,44,1,21,,C03,120.665943,24.128884,3
2022,11,18,14,32,臺中市,大雅區,0,0,0,8,,,50,,,,,,,,,,,,,,,23,,,,,B12,,,1,,2,,,23,,1,22,,B12,120.649349,24.229305,3
2022,11,18,14,32,臺中市,神岡區,0,0,0,8,,,50,,,,,,,,,,,,,,,7,,,,,B12,,,1,,1,,,7,,1,22,,B12,120.695781,24.248491,3
2022,11,18,14,33,臺中市,東區,0,1,0,8,1,5,50,4,1,1,5,4,5,7,1,1,5,4,5,2,15,6,2,7,1,4,B03,7,9,1,8,2,1,,6,6,1,21,8,B03,120.702212,24.141555,2
2022,11,18,14,35,臺中市,南屯區,0,0,0,8,,,50,,,,,,,,,,,,,,,7,,,,,B03,,,1,,1,,,7,,1,22,,B03,120.63423,24.144422,3
2022,11,18,14,36,臺中市,豐原區,0,0,0,8,,,50,,,,,,,,,,,,,,,6,,,,,B03,,,1,,2,,,6,,1,21,,B03,120.70908,24.251152,3
2022,11,18,14,40,臺中市,沙鹿區,0,0,0,8,,,60,,,,,,,,,,,,,,,26,,,,,B12,,,1,,2,,,26,26,1,4,,B12,120.577191,24.225802,3
2022,11,18,14,41,臺中市,北屯區,0,0,0,8,,,30,,,,,,,,,,,,,,,6,,,,,B03,,,1,8,1,,,6,6,1,21,,B03,120.687638,24.205609,3
2022,11,18,14,47,臺中市,北屯區,0,0,0,8,,,50,,,,,,,,,,,,,,,26,,,,,B12,,,1,,1,,,26,26,1,5,,B12,120.713267,24.167223,3
2022,11,18,14,51,臺中市,西區,0,0,0,,,,50,,,,,,,,,,,,,,,7,,,,,B03,,,1,,1,,,7,,1,20,,B03,120.659687,24.157317,3
2022,11,18,14,54,臺中市,西屯區,0,1,0,8,1,5,30,3,1,1,5,4,5,7,4,4,9,5,5,2,16,6,3,10,1,1,B03,7,5,1,8,2,4,,6,6,1,12,8,B03,120.588993,24.174553,2
2022,11,18,14,57,臺中市,龍井區,0,0,0,,,,60,,,,,,,,,,,,,,,23,,,,,B03,,,1,,1,,,23,,1,22,,B03,120.587458,24.185314,3
2022,11,18,15,3,臺中市,西屯區,0,1,0,8,1,5,35,3,1,1,5,4,5,7,4,4,10,5,5,2,29,42,2,9,1,1,C03,7,5,1,10,2,14,,42,42,1,21,8,C03,120.628458,24.172955,2
2022,11,18,15,4,臺中市,東區,0,1,0,8,1,5,50,4,1,1,5,4,5,7,3,1,10,5,5,2,15,6,3,10,1,1,B03,7,9,1,8,2,1,,6,6,1,21,8,B03,120.704416,24.141094,2
2022,11,18,15,4,臺中市,西屯區,0,0,0,8,,,50,,,,,,,,,,,,,,,16,,,,,B12,,,1,,1,,,16,,1,22,,B12,120.615895,24.189078,3
2022,11,18,15,10,臺中市,西區,0,0,0,8,1,5,50,4,1,1,5,4,5,7,1,1,10,5,5,2,13,44,,,,,B03,,,1,,1,,,16,44,1,21,,B03,120.684051,24.138588,3
2022,11,18,15,10,臺中市,北屯區,0,0,0,8,,,50,,,,,,,,,,,,,,,16,,,,,B03,,,1,,1,,,16,,1,5,,B03,120.68648,24.182751,3
2022,11,18,15,11,臺中市,東區,0,0,0,,,,50,,,,,,,,,,,,,,,23,,,,,B03,,,1,,2,,,23,,1,21,,B03,120.687127,24.136224,3
2022,11,18,15,11,臺中市,北屯區,0,0,0,8,,,50,,,,,,,,,,,,,,,23,,,,,A11,,,1,,11,,,23,,1,22,,A11,120.766284,24.197175,3