年,月,日,時,分,縣市,區,死,受傷,2-30,天候,光線,道路類別,速限,道路型態,事故位置,路面鋪裝,路面狀態,路面缺陷,障礙物,視距,號誌種類,號誌動作,分向設施,快車道或一般車道間,快慢車道間,路面邊線,事故類型及型態,主要肇因,受傷程度,主要傷處,保護裝備,行動電話,當事者區分,車輛用途,當事者行動狀態,駕駛資格情形,駕駛執照種類,飲酒情形,車輛撞擊部位最初,車輛撞擊部位其他,肇事因素個別,肇事因素主要,肇事逃逸,職業,旅次目的,車種,GPS緯度,GPS經度,事故類別
2022,11,18,15,14,臺中市,大安區,0,2,0,8,1,5,50,3,1,1,5,4,5,7,4,4,10,5,5,2,15,6,2,1,1,1,C03,7,9,2,18,2,11,,6,6,1,22,9,C03,120.609768,24.347956,2
2022,11,18,15,15,臺中市,西屯區,0,0,0,8,,,40,,,,,,,,,,,,,,,67,,,,,,,,,,,,,67,,1,,,,120.662275,24.165658,3
2022,11,18,15,26,臺中市,西區,0,0,0,8,1,5,50,4,2,1,5,4,5,7,1,1,3,4,5,2,13,23,,,,,B01,,,1,,2,,,23,,1,22,,B01,120.667738,24.130959,3
2022,11,18,15,32,臺中市,大雅區,0,1,0,8,1,5,50,5,1,1,5,4,5,7,1,1,10,5,5,2,16,6,3,10,1,1,B03,7,5,1,8,2,5,,6,6,1,22,9,B03,120.62999,24.241169,2
2022,11,18,15,32,臺中市,西屯區,0,0,0,8,,,40,,,,,,,,,,,,,,,7,,,,,B03,,,1,,1,,,7,,1,1,,B03,120.639758,24.156042,3
2022,11,18,15,33,臺中市,神岡區,0,0,0,8,,,30,,,,,,,,,,,,,,,12,,,,,B12,,,1,,2,,,12,,1,22,,B12,120.710581,24.258633,3
2022,11,18,15,34,臺中市,太平區,0,1,0,8,1,5,40,14,9,1,5,4,5,7,4,4,5,5,5,2,14,12,3,10,1,1,B03,7,2,1,8,2,3,,12,12,1,21,8,B03,120.703605,24.121594,2
2022,11,18,15,35,臺中市,西屯區,0,1,0,8,1,5,50,3,1,1,5,4,5,7,1,1,10,5,5,2,16,25,3,10,3,4,B03,7,9,1,8,2,8,,25,25,1,22,8,B03,120.643136,24.170456,2
2022,11,18,15,36,臺中市,烏日區,0,0,0,8,,,50,,,,,,,,,,,,,,,23,,,,,B02,,,1,,2,,,23,,1,21,,B02,120.61883,24.11534,3
2022,11,18,15,39,臺中市,烏日區,0,1,0,8,1,5,60,4,1,1,5,4,5,7,1,1,10,5,5,2,17,19,2,9,1,1,C03,7,9,1,10,2,12,,44,19,1,5,8,C03,120.645803,24.058875,2
2022,11,18,15,41,臺中市,北屯區,0,2,0,8,1,5,30,4,1,1,5,4,5,7,1,1,10,5,5,2,16,8,2,9,1,1,C03,7,5,1,10,2,14,,8,8,1,21,8,C03,120.675511,24.20108,2
2022,11,18,15,48,臺中市,大里區,0,1,0,8,1,5,50,14,9,1,5,4,5,7,4,4,1,4,4,1,17,40,3,10,1,1,B03,7,13,1,8,2,4,,40,40,1,5,8,B03,120.679068,24.115443,2
2022,11,18,15,54,臺中市,豐原區,0,0,0,,,,50,,,,,,,,,,,,,,,6,,,,,B03,,,1,,2,,,6,,1,21,,B03,120.727188,24.257288,3
2022,11,18,15,58,臺中市,北屯區,0,0,0,8,,,60,,,,,,,,,,,,,,,12,,,,,B03,,,1,8,1,,,12,12,1,21,,B03,120.72424,24.161641,3
2022,11,18,15,58,臺中市,大里區,0,0,0,8,,,50,,,,,,,,,,,,,,,16,,,,,C03,,,1,,2,,,16,,1,4,,C03,120.690835,24.091431,3
2022,11,18,15,59,臺中市,南屯區,0,0,0,8,,,50,,,,,,,,,,,,,,,1,,,,,B03,,,1,,1,,,1,,1,5,,B03,120.61358,24.141733,3
2022,11,18,15,59,臺中市,西屯區,0,2,0,8,1,5,30,4,1,1,5,4,5,7,1,1,10,5,5,2,17,6,2,9,3,1,B03,7,5,1,8,2,1,,6,6,1,21,8,B03,120.659425,24.175658,2
2022,11,18,16,0,臺中市,西區,0,0,0,8,,,50,,,,,,,,,,,,,,,26,,,,,C03,,,1,,1,,,26,,1,22,,C03,120.658456,24.152541,3
2022,11,18,16,0,臺中市,霧峰區,0,0,0,8,,,40,,,,,,,,,,,,,,,23,,,,,A12,,,1,,2,,,23,,1,10,,A12,120.69112,24.071064,3
2022,11,18,16,5,臺中市,霧峰區,0,2,0,8,1,5,50,14,9,1,5,4,5,7,4,4,10,5,5,2,6,53,2,8,4,5,H01,8,18,8,20,10,16,,53,53,1,22,8,H01,120.700776,24.063461,2
2022,11,18,16,6,臺中市,梧棲區,0,1,0,8,1,5,70,4,2,1,5,4,5,7,2,1,10,5,5,2,16,6,3,10,1,1,B03,7,8,1,8,2,6,,6,6,1,8,8,B03,120.54528,24.227215,2
2022,11,18,16,10,臺中市,北屯區,0,1,0,8,1,5,50,14,9,1,5,4,5,7,2,1,1,4,5,2,13,16,2,9,1,1,C03,7,9,1,10,2,11,,16,16,1,4,8,C03,120.694568,24.165723,2
2022,11,18,16,13,臺中市,南區,0,1,0,8,1,5,50,14,7,1,5,4,5,7,4,4,5,4,5,2,13,23,2,9,1,1,C03,7,9,1,10,2,11,,23,23,1,22,8,C03,120.64929,24.120067,2
2022,11,18,16,14,臺中市,大雅區,0,1,0,8,2,5,30,3,2,1,5,4,5,7,4,4,10,5,5,2,17,6,3,10,1,1,B12,7,5,1,8,2,1,,6,6,1,22,9,B12,120.674537,24.222232,2
2022,11,18,16,17,臺中市,豐原區,0,0,0,8,,,50,,,,,,,,,,,,,,,23,,,,,C03,,,1,,2,,,23,23,1,21,,C03,120.70368,24.249675,3
2022,11,18,16,20,臺中市,中區,0,1,0,8,1,5,50,3,1,1,5,4,5,7,4,4,10,5,5,2,17,43,2,9,1,1,C03,7,9,1,10,2,11,,43,43,1,20,8,C03,120.684431,24.138692,2
2022,11,18,16,20,臺中市,西屯區,0,1,0,8,1,5,40,4,2,1,5,4,5,7,1,1,10,5,5,2,12,7,2,9,1,1,C03,7,7,1,10,2,14,,7,7,1,22,8,C03,120.651683,24.156926,2
2022,11,18,16,21,臺中市,太平區,0,1,0,8,1,5,50,3,1,1,5,4,5,7,4,4,10,5,5,2,16,10,2,9,1,1,C03,7,9,1,10,2,11,,23,10,1,22,8,C03,120.725175,24.150541,2
2022,11,18,16,22,臺中市,南屯區,0,0,0,8,,,30,,,,,,,,,,,,,,,23,,,,,B03,,,1,,2,,,23,,1,22,,B03,120.629288,24.152834,3
2022,11,18,16,22,臺中市,梧棲區,0,0,0,8,,,50,,,,,,,,,,,,,,,23,,,,,B03,,,1,,2,,,23,23,1,5,,B03,120.550481,24.241309,3
2022,11,18,16,26,臺中市,西區,0,1,0,8,1,5,50,3,1,1,5,4,5,7,4,4,5,5,5,2,3,53,3,10,3,5,H01,8,16,8,20,10,16,,53,53,1,10,8,H01,120.655136,24.153208,2
2022,11,18,16,26,臺中市,豐原區,0,0,0,8,,,40,,,,,,,,,,,,,,,16,,,,,B03,,,1,,2,,,16,,1,21,,B03,120.720322,24.234899,3
2022,11,18,16,29,臺中市,南屯區,0,1,0,8,1,5,50,4,1,1,5,4,5,7,1,1,10,5,5,2,16,6,3,10,1,1,B03,7,6,1,8,2,2,,6,6,1,22,8,B03,120.640731,24.146859,2
2022,11,18,16,31,臺中市,北屯區,0,1,0,8,1,5,50,4,1,1,5,4,5,7,4,4,10,5,5,2,16,6,2,9,1,1,F01,7,9,8,20,2,16,,6,6,1,22,8,F01,120.738921,24.179974,2
2022,11,18,16,35,臺中市,霧峰區,0,1,0,8,3,5,50,3,1,1,5,4,5,7,4,4,9,4,4,2,13,27,3,10,1,1,C03,7,6,1,10,2,13,,27,27,1,22,8,C03,120.715905,24.071661,2
2022,11,18,16,40,臺中市,西屯區,0,1,0,8,1,5,50,4,1,1,5,4,5,7,1,1,10,5,5,2,16,23,3,10,3,4,B03,7,6,1,8,2,5,,23,23,1,22,8,B03,120.610814,24.190935,2
2022,11,18,16,45,臺中市,霧峰區,0,0,0,8,,,50,,,,,,,,,,,,,,,16,,,,,C03,,,1,,2,,,16,,1,22,,C03,120.71598,24.071648,3
2022,11,18,16,45,臺中市,霧峰區,0,0,0,8,,,40,,,,,,,,,,,,,,,23,,,,,B12,,,1,,2,,,23,,1,10,,B12,120.662944,24.063028,3
2022,11,18,16,45,臺中市,梧棲區,0,1,0,8,1,5,60,4,1,1,5,4,5,7,1,1,10,5,5,2,16,9,3,10,1,1,B03,7,6,1,8,2,5,,9,9,1,20,8,B03,120.535741,24.248433,2
2022,11,18,16,48,臺中市,西屯區,0,1,0,8,1,5,50,14,9,1,5,4,5,7,4,4,5,5,5,2,13,43,2,9,1,1,C03,7,5,1,10,2,13,,43,26,1,22,8,C03,120.643886,24.176163,2
2022,11,18,16,52,臺中市,豐原區,0,1,0,8,2,5,40,14,8,1,5,4,5,7,4,4,1,4,4,2,17,38,3,10,2,1,B03,7,13,1,3,9,3,,38,38,1,21,8,B03,120.703118,24.240072,2
2022,11,18,16,55,臺中市,北區,0,0,0,8,,,50,,,,,,,,,,,,,,,17,,,,,B03,,,1,,11,,,17,17,2,22,,B03,120.682523,24.164765,3
2022,11,18,17,5,臺中市,北屯區,0,1,0,8,2,5,30,14,20,2,5,4,5,7,4,4,10,5,5,2,17,42,2,8,3,4,C03,7,9,1,10,2,15,,42,42,1,22,8,C03,120.68584,24.174232,2
2022,11,18,17,5,臺中市,太平區,0,1,0,8,1,5,50,3,2,1,5,4,5,7,1,1,5,4,4,1,12,17,3,10,1,1,B03,7,9,1,8,2,2,,17,17,1,22,8,B03,120.719722,24.148984,2
2022,11,18,17,8,臺中市,東區,0,1,0,8,3,5,50,4,1,1,5,4,5,7,4,4,10,5,5,2,16,6,3,10,1,1,C03,7,5,1,10,2,11,,6,6,1,21,8,C03,120.691368,24.145625,2
2022,11,18,17,8,臺中市,太平區,0,2,0,8,1,5,50,4,1,1,5,4,5,7,4,4,5,5,5,2,16,6,2,9,1,1,C03,7,11,1,10,2,12,,6,6,1,21,8,C03,120.711512,24.127355,2
2022,11,18,17,9,臺中市,東區,0,0,0,,,,40,,,,,,,,,,,,,,,1,,,,,B03,,,1,,1,,,1,,1,21,,B03,120.701456,24.138879,3
2022,11,18,17,10,臺中市,龍井區,0,1,0,8,2,5,30,14,9,1,5,4,5,7,4,4,10,5,5,2,13,23,2,8,1,1,C03,7,9,1,10,2,11,,23,23,1,22,9,C03,120.592448,24.182301,2
2022,11,18,17,12,臺中市,大甲區,0,1,0,8,3,5,50,14,9,1,5,4,5,7,4,4,10,5,5,2,17,42,2,9,2,1,F01,7,9,8,20,2,16,,42,42,1,16,2,F01,120.62618,24.34042,2
2022,11,18,17,13,臺中市,豐原區,0,0,0,8,,,50,,,,,,,,,,,,,,,19,,,,,B03,,,1,,2,,,19,19,1,22,,B03,120.734498,24.255518,3
2022,11,18,17,17,臺中市,西屯區,0,0,0,8,,,30,,,,,,,,,,,,,,,23,,,,,B03,,,1,,1,,,23,,1,21,,B03,120.655693,24.15723,3
2022,11,18,17,18,臺中市,北屯區,0,0,0,6,,,50,,,,,,,,,,,,,,,23,,,,,B03,,9,1,8,1,6,,23,23,1,21,8,B03,120.717822,24.175545,3
2022,11,18,17,18,臺中市,大里區,0,1,0,8,1,5,50,4,2,1,5,4,5,7,1,1,5,5,4,1,13,16,2,9,1,1,C03,7,9,1,10,2,11,,16,16,1,4,8,C03,120.714352,24.096243,2
2022,11,18,17,20,臺中市,清水區,0,0,0,8,,,50,,,,,,,,,,,,,,,17,,,,,B03,,,1,,2,,,17,17,1,21,,B03,120.558551,24.272013,3
2022,11,18,17,21,臺中市,太平區,0,0,0,8,3,5,50,14,7,1,5,4,5,7,4,4,5,5,4,1,16,26,3,10,1,1,C03,7,7,1,10,2,11,,26,26,1,22,8,C03,120.719375,24.155672,3
2022,11,18,17,24,臺中市,大雅區,0,1,0,8,3,5,50,3,1,1,5,4,5,7,1,1,10,5,5,2,12,6,2,9,1,1,C03,7,5,1,10,2,14,,6,6,1,22,9,C03,120.63816,24.24654,2
2022,11,18,17,24,臺中市,烏日區,0,0,0,8,,,50,,,,,,,,,,,,,,,18,,,,,B03,,,1,,2,,,18,,1,22,,B03,120.63838,24.221173,3
2022,11,18,17,26,臺中市,北屯區,0,0,0,8,,,50,,,,,,,,,,,,,,,23,,,,,B03,,,1,,1,,,23,,1,5,,B03,120.710161,24.182265,3
2022,11,18,17,30,臺中市,北屯區,0,0,0,8,,,80,,,,,,,,,,,,,,,16,,,,,B03,,,1,,1,,,16,,1,5,,B03,120.720763,24.182206,3
2022,11,18,17,30,臺中市,西屯區,0,0,0,,,,,,,,,,,,,,,,,,,43,,,,,,,,,,,,,43,,1,,,,120.61313,24.187463,3
2022,11,18,17,30,臺中市,西屯區,0,0,0,8,,,50,,,,,,,,,,,,,,,16,,,,,B03,,,1,,1,,,16,,1,22,,B03,120.637056,24.177461,3
2022,11,18,17,30,臺中市,大里區,0,2,0,8,3,5,30,4,1,1,5,4,5,7,4,4,10,5,5,2,15,6,2,3,1,1,B03,7,9,1,8,2,5,,6,6,1,5,8,B03,120.682608,24.114403,2
2022,11,18,17,30,臺中市,大里區,0,0,0,8,,,50,,,,,,,,,,,,,,,38,,,,,B12,,,1,,2,,,38,38,1,22,,B12,120.688522,24.111314,3
2022,11,18,17,32,臺中市,北屯區,0,0,0,8,,,50,,,,,,,,,,,,,,,26,,,,,C03,,,6,,2,,,26,,1,21,,C03,120.698247,24.172929,3
2022,11,18,17,34,臺中市,大雅區,0,0,0,8,,,50,,,,,,,,,,,,,,,23,,,,,C03,,,1,,1,,,23,,1,22,,C03,120.64432,24.209339,3
2022,11,18,17,34,臺中市,北屯區,0,0,0,8,,,80,,,,,,,,,,,,,,,23,,,,,B03,,,1,,1,,,23,,1,22,,B03,120.68847,24.201012,3
2022,11,18,17,36,臺中市,豐原區,0,0,0,8,,,50,,,,,,,,,,,,,,,16,,,,,B03,,,1,,2,,,16,,1,21,,B03,120.749419,24.268961,3
2022,11,18,17,38,臺中市,北區,0,2,0,8,3,5,50,14,9,1,5,4,5,7,4,4,1,4,5,2,13,16,3,10,1,1,C03,7,9,1,10,2,11,,16,16,1,5,8,C03,120.671502,24.162767,2
2022,11,18,17,40,臺中市,潭子區,0,1,0,8,3,5,30,4,2,1,5,4,5,7,4,4,10,4,5,2,16,6,3,10,1,1,C03,7,9,1,10,2,14,,6,6,1,22,8,C03,120.70274,24.209975,2
2022,11,18,17,40,臺中市,北區,0,0,0,8,,,50,,,,,,,,,,,,,,,23,,,,,C03,,,1,,2,,,23,,1,22,,C03,120.680961,24.158547,3
2022,11,18,17,40,臺中市,西屯區,0,0,0,8,,,60,,,,,,,,,,,,,,,23,,,,,B03,,,1,,1,,,23,,1,22,,B03,120.640683,24.168536,3
2022,11,18,17,40,臺中市,龍井區,0,1,0,8,3,5,40,14,8,1,5,4,5,7,4,4,3,4,4,1,13,23,2,9,1,1,C03,7,8,1,10,2,14,,23,23,1,16,9,C03,120.581714,24.187701,2
2022,11,18,17,40,臺中市,豐原區,0,0,0,8,,,50,,,,,,,,,,,,,,,23,,,,,B03,,,1,,2,,,23,23,1,22,,B03,120.728296,24.275646,3
2022,11,18,17,40,臺中市,豐原區,0,0,0,8,3,5,50,14,9,1,5,4,5,7,1,1,7,3,5,1,12,7,3,10,1,1,B03,7,8,1,8,2,5,,7,7,1,21,1,B03,120.728803,24.276762,3
2022,11,18,17,42,臺中市,豐原區,0,2,0,8,3,5,50,4,1,1,5,4,5,7,1,1,10,5,5,2,16,6,2,9,1,1,C03,7,5,1,10,2,11,,6,6,1,21,8,C03,120.722243,24.25404,2
2022,11,18,17,44,臺中市,南區,0,1,0,8,1,5,50,4,1,1,5,4,5,7,1,1,10,5,5,2,15,25,3,10,1,1,C03,7,9,1,10,2,14,,25,25,1,5,8,C03,120.646663,24.110379,2
2022,11,18,17,44,臺中市,南屯區,0,1,0,8,3,5,40,3,1,1,5,4,5,7,1,1,10,5,5,2,17,8,2,7,1,1,C03,7,5,1,10,2,13,12,8,8,1,5,8,C03,120.605991,24.14562,2
2022,11,18,17,45,臺中市,南區,0,2,0,8,3,5,50,14,8,1,5,4,5,7,4,4,5,5,4,2,3,51,2,9,4,5,H01,8,18,8,20,10,16,,51,51,1,22,8,H01,120.655161,24.123094,2
2022,11,18,17,47,臺中市,西屯區,0,0,0,8,,,40,,,,,,,,,,,,,,,23,,,,,C03,,,1,,2,,,23,,1,22,,C03,120.618363,24.181343,3
2022,11,18,17,48,臺中市,大雅區,0,0,0,8,,,50,,,,,,,,,,,,,,,26,,,,,C03,,,1,,2,,,26,,1,22,,C03,120.65015,24.21996,3
2022,11,18,17,49,臺中市,西屯區,0,0,0,8,,,40,,,,,,,,,,,,,,,23,,,,,B03,,,1,,1,,,23,,1,21,,B03,120.63581,24.183575,3
2022,11,18,17,50,臺中市,龍井區,0,1,0,8,3,5,30,4,1,1,5,4,5,7,4,4,10,5,5,2,15,6,2,9,1,1,C03,7,9,3,18,2,11,,6,6,1,9,1,C03,120.528832,24.214496,2
2022,11,18,17,50,臺中市,神岡區,0,1,0,8,3,5,50,4,1,1,5,4,5,7,1,1,5,5,5,1,16,6,2,9,1,1,C03,7,5,1,10,2,11,,6,6,1,21,8,C03,120.699535,24.251093,2
2022,11,18,17,52,臺中市,大雅區,0,0,0,8,,,50,,,,,,,,,,,,,,,42,,,,,B03,,,1,,1,,,42,42,1,22,,B03,120.65178,24.227998,3
2022,11,18,17,54,臺中市,北區,0,1,0,8,4,5,50,4,1,1,5,4,5,7,2,1,10,5,5,2,11,25,3,10,1,1,C02,7,9,1,9,2,11,,25,25,1,20,8,C02,120.667931,24.159221,2
2022,11,18,17,55,臺中市,清水區,0,1,0,8,3,5,60,4,1,1,5,4,5,7,1,1,1,4,5,1,16,6,3,10,1,1,B03,7,6,1,10,2,5,,6,6,1,22,8,B03,120.552821,24.296031,2
2022,11,18,17,57,臺中市,西屯區,0,1,0,8,2,5,50,4,1,1,5,4,5,7,2,1,10,5,5,2,16,9,3,10,1,1,B03,7,6,1,8,2,2,,9,9,1,22,8,B03,120.644013,24.160586,2
2022,11,18,18,2,臺中市,西區,0,0,0,8,,,50,,,,,,,,,,,,,,,6,,,,,B03,,,1,,1,,,6,,1,21,,B03,120.664301,24.149044,3
2022,11,18,18,4,臺中市,西屯區,0,0,0,8,,,50,,,,,,,,,,,,,,,23,,,,,B03,,,1,,1,,,23,23,1,22,,B03,120.618563,24.163943,3
2022,11,18,18,5,臺中市,清水區,0,2,0,8,3,5,60,8,7,1,5,4,5,7,4,4,1,4,1,1,13,23,2,8,1,1,B12,7,9,1,8,2,8,,23,23,1,22,8,B12,120.596725,24.305737,2
2022,11,18,18,5,臺中市,豐原區,0,0,0,8,,,50,,,,,,,,,,,,,,,19,,,,,B03,,,1,,2,,,19,,1,21,,B03,120.710808,24.239636,3
2022,11,18,18,6,臺中市,清水區,0,1,0,8,3,5,50,14,7,1,5,4,5,7,4,4,5,4,4,2,16,6,3,10,1,1,B03,7,6,1,8,2,5,,6,6,1,21,8,B03,120.577722,24.27069,2
2022,11,18,18,7,臺中市,太平區,0,1,0,8,3,5,50,3,1,1,5,4,5,7,4,4,10,5,5,2,16,8,3,10,1,1,F03,7,5,8,20,2,16,,8,8,1,22,8,F03,120.718712,24.129791,2
2022,11,18,18,12,臺中市,南屯區,0,0,0,8,,,50,,,,,,,,,,,,,,,23,,,,,B03,,,1,,1,,,23,,1,22,,B03,120.649938,24.140002,3
2022,11,18,18,15,臺中市,北區,0,0,0,8,,,50,,,,,,,,,,,,,,,16,,,,,C03,,,3,,2,,,16,,1,22,,C03,120.681796,24.144577,3
2022,11,18,18,15,臺中市,霧峰區,0,0,0,8,,,50,,,,,,,,,,,,,,,44,,,,,B03,,,1,,2,,,44,,1,4,,B03,120.692374,24.045671,3
2022,11,18,18,17,臺中市,南區,0,0,0,8,,,50,,,,,,,,,,,,,,,7,,,,,B03,,,1,,2,,,7,,1,22,,B03,120.656518,24.11407,3
2022,11,18,18,18,臺中市,大里區,0,0,0,8,,,40,,,,,,,,,,,,,,,23,,,,,C03,,,2,,2,,,23,,1,5,,C03,120.695978,24.104801,3
2022,11,18,18,19,臺中市,大里區,0,0,0,8,,,60,,,,,,,,,,,,,,,25,,,,,C03,,,1,,2,,,25,,1,21,,C03,120.668057,24.104727,3
2022,11,18,18,22,臺中市,沙鹿區,0,1,0,8,3,5,50,4,1,1,5,4,5,7,4,4,9,5,5,2,17,23,3,10,1,1,B03,7,9,1,8,2,6,,23,23,1,4,8,B03,120.56813,24.244223,2
2022,11,18,18,25,臺中市,東區,0,1,0,8,3,5,50,14,9,1,5,4,5,7,4,4,5,4,5,2,13,23,3,10,1,1,B12,7,9,1,8,2,1,,23,23,1,21,8,B12,120.696772,24.14779,2
2022,11,18,18,25,臺中市,南區,0,0,0,8,,,50,,,,,,,,,,,,,,,6,,,,,B03,,,1,,2,,,6,,1,22,,B03,120.669704,24.126938,3
2022,11,18,18,25,臺中市,東區,0,1,0,8,3,5,50,4,1,1,5,4,5,7,1,1,10,5,5,2,13,16,2,8,1,1,C03,7,9,1,10,2,11,,16,16,1,5,8,C03,120.699913,24.142778,2
2022,11,18,18,28,臺中市,南屯區,0,0,0,8,,,50,,,,,,,,,,,,,,,42,,,,,B03,,,1,,1,,,42,,1,5,,B03,120.615455,24.149908,3
2022,11,18,18,29,臺中市,西區,0,1,0,8,3,5,50,14,9,1,5,4,5,7,4,4,5,5,5,2,18,23,2,9,3,4,C03,7,9,1,10,2,12,,23,23,1,21,8,C03,120.666622,24.139908,2
2022,11,18,18,30,臺中市,西區,0,0,0,,,,50,,,,,,,,,,,,,,,19,,,,,B03,,,1,,2,,,19,,1,20,,B03,120.654289,24.154052,3
2022,11,18,18,31,臺中市,沙鹿區,0,2,0,8,3,5,40,3,1,1,5,4,5,7,1,1,10,5,5,2,18,66,,,,,,,,,,,,,66,66,1,,,,120.581111,24.201388,2
2022,11,18,18,32,臺中市,南屯區,0,1,0,8,3,5,40,4,1,1,5,4,5,7,1,1,10,5,5,2,16,6,3,10,1,1,B02,7,6,1,8,2,2,,6,6,1,5,8,B02,120.607935,24.151033,2
2022,11,18,18,32,臺中市,大里區,0,1,0,8,3,5,50,14,9,1,5,4,5,7,4,4,5,4,4,1,3,23,3,10,1,1,B03,7,9,1,8,2,4,,23,23,1,4,8,B03,120.685083,24.095644,2
2022,11,18,18,33,臺中市,南屯區,0,0,0,8,,,50,,,,,,,,,,,,,,,7,,,,,B03,,,1,,1,,,7,,1,5,,B03,120.645077,24.129514,3
2022,11,18,18,34,臺中市,西區,0,1,0,8,3,5,50,14,9,1,5,4,5,7,4,4,9,4,5,2,14,12,3,10,1,1,B03,7,2,1,8,1,3,,12,12,1,19,8,B03,120.666438,24.150117,2
2022,11,18,18,37,臺中市,霧峰區,0,2,0,8,1,5,50,4,1,1,5,4,5,7,1,1,10,5,5,1,17,8,2,8,1,1,C03,7,5,3,18,2,12,,8,8,1,4,8,C03,120.70166,24.070751,2
2022,11,18,18,40,臺中市,北區,0,0,0,,,,50,,,,,,,,,,,,,,,23,,,,,B03,,,1,,2,,,23,,1,21,,B03,120.691825,24.160146,3
2022,11,18,18,40,臺中市,大里區,0,0,0,8,,,40,,,,,,,,,,,,,,,23,,,,,B03,,,1,,2,,,23,23,1,5,,B03,120.680931,24.115001,3
2022,11,18,18,42,臺中市,大里區,0,0,0,8,,,50,,,,,,,,,,,,,,,18,,,,,B03,,,1,,2,,,18,,1,22,,B03,120.683824,24.112045,3
2022,11,18,18,43,臺中市,北屯區,0,0,0,8,,,50,,,,,,,,,,,,,,,23,,,,,A11,,,1,,9,,,23,,2,10,,A11,120.726811,24.174625,3
2022,11,18,18,44,臺中市,北屯區,0,0,0,8,,,50,,,,,,,,,,,,,,,7,,,,,B03,,,6,,1,,,7,7,1,22,,B03,120.69115,24.162761,3
2022,11,18,18,45,臺中市,南區,0,0,0,8,,,50,,,,,,,,,,,,,,,23,,,,,B03,,,3,,2,,,23,,1,5,,B03,120.659041,24.117691,3
2022,11,18,18,46,臺中市,東勢區,0,1,0,8,1,5,30,11,9,1,5,4,5,7,4,4,10,5,5,2,17,23,3,10,1,1,B03,7,9,1,8,2,4,,23,23,1,7,8,B03,120.85179,24.18816,2
2022,11,18,18,47,臺中市,烏日區,0,0,0,,,,30,,,,,,,,,,,,,,,12,,,,,B03,,,1,,2,,,12,,1,19,,B03,120.629889,24.102191,3
2022,11,18,18,55,臺中市,西屯區,0,2,0,8,3,5,50,3,1,1,5,4,5,7,4,4,10,5,5,2,16,6,2,9,1,1,C03,7,5,1,10,2,13,14,6,6,1,22,5,C03,120.651232,24.171391,2
2022,11,18,18,57,臺中市,北屯區,0,0,0,8,,,40,,,,,,,,,,,,,,,23,,,,,B12,,,1,,9,,,23,,1,22,,B12,120.729109,24.161701,3
2022,11,18,18,59,臺中市,大甲區,0,1,0,8,3,5,50,14,9,1,5,4,5,7,4,4,9,5,5,1,16,19,3,10,1,1,B03,7,1,1,8,9,8,,19,19,1,22,9,B03,120.624012,24.346289,2
2022,11,18,19,3,臺中市,太平區,0,0,0,8,,,80,,,,,,,,,,,,,,,23,,,,,B03,,,1,,2,,,23,,1,21,,B03,120.710725,24.141557,3
2022,11,18,19,10,臺中市,南區,0,0,0,,,,50,,,,,,,,,,,,,,,17,,,,,B03,,,1,,2,,,17,,1,21,,B03,120.67024,24.114081,3
2022,11,18,19,10,臺中市,大里區,0,0,0,8,,,50,,,,,,,,,,,,,,,23,,,,,B03,,,1,,2,,,23,,1,22,,B03,120.68985,24.09294,3
2022,11,18,19,20,臺中市,沙鹿區,0,0,0,8,,,30,,,,,,,,,,,,,,,6,,,,,C03,,,1,,2,,,6,,1,4,,C03,120.569412,24.216935,3
2022,11,18,19,29,臺中市,南屯區,0,0,0,8,,,50,,,,,,,,,,,,,,,7,,,,,B02,,,1,,2,,,7,,1,22,,B02,120.65458,24.14012,3
2022,11,18,19,37,臺中市,西屯區,0,1,0,8,3,5,30,14,9,1,5,4,5,7,4,4,10,5,5,2,17,42,2,9,1,1,C03,7,9,3,18,1,15,,42,42,1,1,9,C03,120.660482,24.174818,2
2022,11,18,20,13,臺中市,北屯區,0,0,0,8,,,50,,,,,,,,,,,,,,,26,,,,,B03,,,1,,1,,,26,26,1,21,,B03,120.688712,24.199352,3
2022,11,18,20,16,臺中市,南屯區,0,0,0,8,3,5,50,4,2,1,5,4,5,7,1,1,5,2,5,2,17,26,3,10,1,1,B03,7,8,1,8,1,3,,26,26,1,22,8,B03,120.646536,24.134684,3
2022,11,18,20,16,臺中市,大里區,0,1,0,8,3,5,50,5,1,1,5,4,5,7,2,1,5,4,5,2,12,17,3,10,1,1,B02,7,9,1,8,2,6,,17,17,1,22,8,B02,120.700921,24.102843,2
2022,11,18,20,17,臺中市,北區,0,1,0,8,3,5,50,4,18,1,5,4,5,7,1,1,10,5,5,2,3,15,3,10,1,1,B03,7,5,1,8,2,8,,15,15,1,21,8,B03,120.683932,24.167009,2
2022,11,18,20,20,臺中市,西區,0,0,0,,,,50,,,,,,,,,,,,,,,6,,,,,B03,,,1,,2,,,6,,1,20,,B03,120.679146,24.138606,3
2022,11,18,20,26,臺中市,北屯區,0,0,0,8,,,50,,,,,,,,,,,,,,,23,,,,,B12,,,1,,2,,,23,,1,22,,B12,120.687039,24.170553,3