年,月,日,時,分,縣市,區,死,受傷,2-30,天候,光線,道路類別,速限,道路型態,事故位置,路面鋪裝,路面狀態,路面缺陷,障礙物,視距,號誌種類,號誌動作,分向設施,快車道或一般車道間,快慢車道間,路面邊線,事故類型及型態,主要肇因,受傷程度,主要傷處,保護裝備,行動電話,當事者區分,車輛用途,當事者行動狀態,駕駛資格情形,駕駛執照種類,飲酒情形,車輛撞擊部位最初,車輛撞擊部位其他,肇事因素個別,肇事因素主要,肇事逃逸,職業,旅次目的,車種,GPS緯度,GPS經度,事故類別
2022,11,20,17,37,臺中市,北屯區,0,1,0,8,1,5,50,14,7,1,5,4,5,7,4,4,5,5,4,2,16,26,3,10,1,1,B03,7,11,1,7,2,8,,26,26,1,22,8,B03,120.690662,24.190549,2
2022,11,20,17,39,臺中市,清水區,0,4,0,8,3,5,40,14,8,1,5,4,5,7,4,4,1,4,4,1,13,13,2,9,1,1,C03,7,9,1,10,2,11,,13,13,1,5,8,C03,120.587529,24.291149,2
2022,11,20,17,40,臺中市,北屯區,0,1,0,8,3,5,50,4,1,1,5,4,5,7,1,1,10,5,5,2,1,15,3,10,1,1,B03,7,6,1,8,2,1,,15,15,1,21,8,B03,120.728716,24.171706,2
2022,11,20,17,41,臺中市,后里區,0,2,0,8,1,5,50,3,1,1,5,4,5,7,4,4,10,5,5,2,16,10,2,4,1,1,B03,7,11,1,8,2,4,,10,10,1,22,8,B03,120.689914,24.321125,2
2022,11,20,17,43,臺中市,南區,0,2,0,8,3,5,50,4,2,1,5,4,5,7,2,1,5,5,5,2,12,23,2,7,1,1,C03,7,9,1,10,2,12,,23,23,1,21,8,C03,120.666731,24.114148,2
2022,11,20,17,45,臺中市,后里區,0,0,0,,,,50,,,,,,,,,,,,,,,11,,,,,B03,,,1,,2,,,11,,1,22,,B03,120.684718,24.316951,3
2022,11,20,17,46,臺中市,后里區,0,0,0,8,3,5,50,4,1,1,5,4,5,7,1,1,1,4,5,1,14,12,3,10,1,1,B03,7,2,1,3,1,6,,12,12,1,21,8,B03,120.701503,24.324145,3
2022,11,20,17,47,臺中市,南屯區,0,1,0,8,3,5,50,14,7,1,5,4,5,7,3,1,5,4,4,2,13,23,2,9,3,4,C03,7,9,1,10,2,11,,23,23,1,4,9,C03,120.610005,24.137378,2
2022,11,20,17,48,臺中市,北屯區,0,0,0,8,,,50,,,,,,,,,,,,,,,7,,,,,B12,,,1,,1,,,7,7,1,22,,B12,120.730987,24.177327,3
2022,11,20,17,49,臺中市,西屯區,0,0,0,8,,,50,,,,,,,,,,,,,,,7,,,,,B03,,,1,,1,,,7,,1,1,,B03,120.640803,24.16505,3
2022,11,20,17,49,臺中市,大里區,0,1,0,8,3,5,50,3,1,1,5,4,5,7,4,4,5,4,4,2,16,23,2,9,1,1,C03,7,9,1,10,2,14,,23,23,1,22,9,C03,120.708651,24.084474,2
2022,11,20,17,50,臺中市,西屯區,0,0,0,8,,,50,,,,,,,,,,,,,,,16,,,,,B03,,,1,,2,,,16,,1,22,,B03,120.627088,24.173266,3
2022,11,20,17,50,臺中市,豐原區,0,2,0,8,3,5,50,14,9,1,5,4,5,7,4,4,5,5,5,2,17,26,3,10,3,4,C03,7,5,1,10,2,15,,26,26,1,22,8,C03,120.715183,24.260171,2
2022,11,20,17,56,臺中市,西區,0,0,0,,,,50,,,,,,,,,,,,,,,7,,,,,B03,,,1,,1,,,7,,1,5,,B03,120.665757,24.140083,3
2022,11,20,17,56,臺中市,大甲區,0,0,0,,,,40,,,,,,,,,,,,,,,23,,,,,B03,,,1,,2,,,23,,1,22,,B03,120.620065,24.34128,3
2022,11,20,17,57,臺中市,后里區,0,0,0,,,,50,,,,,,,,,,,,,,,12,,,,,B03,,,1,,11,,,12,,2,22,,B03,120.700752,24.327577,3
2022,11,20,18,2,臺中市,東區,0,2,0,8,3,5,50,4,1,1,5,4,5,7,4,4,5,5,5,2,15,6,2,9,1,1,C03,7,9,1,10,2,11,,6,6,1,18,5,C03,120.706973,24.142151,2
2022,11,20,18,3,臺中市,南屯區,0,0,0,8,,,50,,,,,,,,,,,,,,,42,,,,,C03,,,1,,1,,,42,,1,22,,C03,120.649919,24.154243,3
2022,11,20,18,5,臺中市,龍井區,0,1,0,8,3,5,70,5,1,1,5,4,5,7,1,1,10,5,5,2,16,6,3,10,1,1,B03,7,9,1,8,4,1,,6,6,1,12,8,B03,120.536816,24.193653,2
2022,11,20,18,12,臺中市,梧棲區,0,0,0,8,,,30,,,,,,,,,,,,,,,6,,,,,B03,,,1,,2,,,6,,1,12,,B03,120.556357,24.258807,3
2022,11,20,18,14,臺中市,大雅區,0,1,0,8,3,5,50,3,2,1,5,4,5,7,4,4,5,4,4,1,13,23,3,10,1,1,B03,7,9,1,8,2,1,,23,23,1,21,8,B03,120.650129,24.220763,2
2022,11,20,18,16,臺中市,西區,0,0,0,8,,,50,,,,,,,,,,,,,,,12,,,,,B03,,,1,,1,,,12,,1,21,,B03,120.655138,24.146135,3
2022,11,20,18,17,臺中市,北屯區,0,0,0,8,,,50,,,,,,,,,,,,,,,23,,,,,B03,,,1,,1,,,23,23,1,21,,B03,120.713233,24.173031,3
2022,11,20,18,22,臺中市,西屯區,0,1,0,8,3,5,40,14,8,1,5,4,5,7,4,4,9,4,4,2,13,23,2,9,3,4,C03,7,9,1,10,2,11,,23,23,1,22,8,C03,120.640981,24.16131,2
2022,11,20,18,24,臺中市,大肚區,0,0,0,8,,,50,,,,,,,,,,,,,,,7,,,,,C03,,,1,,2,,,7,7,1,21,,C03,120.543759,24.159212,3
2022,11,20,18,25,臺中市,西屯區,0,0,0,8,,,50,,,,,,,,,,,,,,,7,,,,,B03,,,1,,2,,,7,,1,22,,B03,120.634948,24.179291,3
2022,11,20,18,29,臺中市,沙鹿區,0,1,0,8,1,5,50,3,1,1,5,4,5,7,4,4,10,5,5,2,17,26,2,9,1,1,C03,7,9,1,10,2,11,,26,26,1,21,8,C03,120.560093,24.238955,2
2022,11,20,18,30,臺中市,北屯區,0,1,0,8,3,5,50,4,1,1,5,4,5,7,1,1,10,5,5,2,16,25,2,9,1,1,F02,7,9,8,20,2,16,,25,25,1,22,8,F02,120.685058,24.190456,2
2022,11,20,18,40,臺中市,西區,0,2,0,8,3,5,50,4,1,1,5,4,5,7,2,1,10,5,5,2,13,23,2,9,1,1,C03,7,9,1,10,2,11,,23,23,1,20,8,C03,120.661673,24.150865,2
2022,11,20,18,43,臺中市,沙鹿區,0,0,0,8,,,50,,,,,,,,,,,,,,,43,,,,,,,,,,,,,43,,1,,,,120.571778,24.218873,3
2022,11,20,18,44,臺中市,霧峰區,0,0,0,8,,,60,,,,,,,,,,,,,,,23,,,,,B03,,,1,,2,,,23,,1,22,,B03,120.695092,24.00772,3
2022,11,20,18,46,臺中市,后里區,0,1,0,8,3,5,50,14,9,1,5,4,5,7,4,4,5,4,5,1,16,19,3,10,1,1,B03,7,1,1,8,2,8,,19,19,1,21,8,B03,120.675633,24.316815,2
2022,11,20,18,50,臺中市,太平區,0,1,0,8,2,5,30,14,9,1,5,4,5,7,4,4,10,5,5,2,9,23,3,10,1,1,B02,7,5,1,8,2,8,,23,23,1,5,8,B02,120.72484,24.133727,2
2022,11,20,18,51,臺中市,大里區,0,0,0,8,,,40,,,,,,,,,,,,,,,23,,,,,B03,,,6,,2,,,23,,1,22,,B03,120.692215,24.101808,3
2022,11,20,18,53,臺中市,西屯區,0,0,0,8,,,50,,,,,,,,,,,,,,,9,,,,,B03,,,1,,1,,,9,,1,22,,B03,120.628867,24.162746,3
2022,11,20,18,53,臺中市,沙鹿區,0,1,0,7,3,5,50,4,2,1,5,4,5,7,4,4,8,3,4,1,17,6,3,10,3,4,B03,7,5,1,8,2,2,,6,6,1,22,8,B03,120.580047,24.214272,2
2022,11,20,18,56,臺中市,南屯區,0,1,0,8,1,5,50,4,1,1,5,4,5,7,1,1,10,5,5,2,16,26,2,9,1,1,C03,7,9,1,10,2,14,12,26,26,1,20,8,C03,120.632358,24.145666,2
2022,11,20,19,2,臺中市,南屯區,0,1,0,7,3,5,50,14,7,1,5,4,5,7,4,4,5,4,4,2,16,26,3,10,3,4,B03,7,11,1,8,7,2,,26,26,1,22,8,B03,120.636921,24.13615,2
2022,11,20,19,2,臺中市,西屯區,0,0,0,8,,,1,,,,,,,,,,,,,,,19,,,,,C03,,,1,,1,,,19,,1,22,,C03,120.616508,24.182689,3
2022,11,20,19,10,臺中市,南區,0,0,0,8,3,5,50,14,8,1,5,4,5,7,4,4,9,5,4,2,17,23,3,10,1,1,B03,7,15,1,8,2,2,,23,23,1,22,8,B03,120.666662,24.113445,3
2022,11,20,19,16,臺中市,南區,0,0,0,,,,30,,,,,,,,,,,,,,,12,,,,,B03,,,3,,2,,,12,,1,5,,B03,120.654525,24.121935,3
2022,11,20,19,17,臺中市,西屯區,0,0,0,8,,,50,,,,,,,,,,,,,,,23,,,,,B03,,,1,,1,,,23,,1,1,,B03,120.63661,24.175673,3
2022,11,20,19,18,臺中市,北區,0,0,0,8,,,50,,,,,,,,,,,,,,,23,,,,,B12,,,1,,2,,,23,,1,5,,B12,120.674801,24.170252,3
2022,11,20,19,19,臺中市,南屯區,0,0,0,,,,50,,,,,,,,,,,,,,,23,,,,,B03,,,1,,1,,,23,,1,4,,B03,120.646232,24.139939,3
2022,11,20,19,20,臺中市,豐原區,0,0,0,8,,,50,,,,,,,,,,,,,,,42,,,,,C03,,,2,,2,,,42,42,1,16,,C03,120.728513,24.245335,3
2022,11,20,19,21,臺中市,烏日區,0,2,0,8,3,5,40,14,8,1,5,4,5,7,4,4,5,4,4,2,17,7,2,9,1,1,F03,7,9,8,20,2,16,,23,7,1,9,8,F03,120.607831,24.113923,2
2022,11,20,19,25,臺中市,烏日區,0,1,0,8,3,5,40,3,8,1,5,4,5,7,4,4,10,5,5,2,3,23,3,10,1,1,C02,7,9,4,10,2,11,,23,23,1,3,8,C02,120.606924,24.124218,2
2022,11,20,19,27,臺中市,大里區,0,1,0,8,3,5,50,3,1,1,5,4,5,7,4,4,5,4,4,1,16,10,3,10,1,1,B03,7,11,1,8,2,7,,10,10,1,5,8,B03,120.68983,24.113581,2
2022,11,20,19,32,臺中市,西區,0,1,0,8,3,5,50,4,1,1,5,4,5,7,2,1,10,5,5,2,16,26,3,10,1,1,B03,7,6,1,8,2,6,,26,26,1,5,5,B03,120.659687,24.157317,2
2022,11,20,19,34,臺中市,烏日區,0,0,0,8,,,50,,,,,,,,,,,,,,,7,,,,,B03,,,1,,2,,,7,,1,22,,B03,120.613783,24.114385,3
2022,11,20,19,37,臺中市,北屯區,0,1,0,8,3,5,50,14,9,1,5,4,5,7,4,4,1,4,5,2,17,42,2,9,1,1,C03,7,9,1,10,8,14,,42,42,1,4,8,C03,120.687851,24.18226,2
2022,11,20,19,45,臺中市,西區,0,0,0,,,,50,,,,,,,,,,,,,,,42,,,,,B03,,,1,,1,,,42,,1,5,,B03,120.66974,24.14377,3
2022,11,20,20,3,臺中市,南屯區,0,0,0,8,,,50,,,,,,,,,,,,,,,43,,,,,B03,,,1,,9,,,43,,1,22,,B03,120.613156,24.13995,3
2022,11,20,20,15,臺中市,龍井區,0,1,0,8,3,5,50,14,13,1,5,4,5,7,4,4,9,4,5,1,13,23,2,8,1,1,C03,7,9,1,10,2,11,,23,23,1,18,9,C03,120.596535,24.18825,2
2022,11,20,20,17,臺中市,東區,0,0,0,8,,,50,,,,,,,,,,,,,,,23,,,,,C03,,,1,,2,,,23,,1,22,,C03,120.708608,24.14678,3
2022,11,20,20,20,臺中市,南屯區,0,4,0,8,3,5,50,8,9,1,5,4,5,7,4,4,1,4,5,2,2,23,2,9,1,1,C03,7,9,1,10,2,12,14,23,23,1,5,1,C03,120.617453,24.14534,2
2022,11,20,20,22,臺中市,西區,0,1,0,8,3,5,50,4,22,1,5,4,5,7,4,4,4,5,5,1,9,23,3,10,1,1,B03,7,5,1,8,2,1,,23,23,1,21,8,B03,120.653863,24.152323,2
2022,11,20,20,32,臺中市,北屯區,0,0,0,8,,,50,,,,,,,,,,,,,,,23,,,,,B03,,,1,,1,,,23,,1,21,,B03,120.702511,24.186359,3
2022,11,20,20,43,臺中市,梧棲區,0,0,0,8,,,70,,,,,,,,,,,,,,,23,,,,,B03,,,1,,1,,,23,,1,5,,B03,120.555957,24.250803,3
2022,11,20,20,44,臺中市,清水區,0,0,0,8,,,50,,,,,,,,,,,,,,,23,,,,,B03,,,1,,2,,,23,,1,21,,B03,120.558784,24.274081,3
2022,11,20,20,49,臺中市,豐原區,0,0,0,8,,,50,,,,,,,,,,,,,,,16,,,,,B03,,,1,,2,,,16,,1,21,,B03,120.72177,24.274098,3
2022,11,20,20,58,臺中市,西屯區,0,0,0,8,,,50,,,,,,,,,,,,,,,17,,,,,B03,,,1,,1,,,17,,1,22,,B03,120.646441,24.172895,3
2022,11,20,21,3,臺中市,南區,0,1,0,8,1,5,50,14,7,1,5,4,5,7,4,4,5,5,5,2,17,26,3,10,1,1,F03,7,11,8,20,2,15,,26,26,1,11,5,F03,120.666478,24.114065,2
2022,11,20,21,5,臺中市,北屯區,0,1,0,8,3,5,50,4,1,1,5,4,5,7,1,1,10,5,5,2,17,6,3,10,1,1,C03,7,5,1,10,2,14,,6,6,1,21,8,C03,120.694046,24.170333,2
2022,11,20,21,6,臺中市,西區,0,0,0,8,,,50,,,,,,,,,,,,,,,12,,,,,B03,,,1,,1,,,12,,1,22,,B03,120.657367,24.152553,3
2022,11,20,21,10,臺中市,烏日區,0,1,0,8,3,5,50,4,1,1,5,4,5,7,4,4,5,4,5,2,15,6,3,10,1,1,B03,7,9,1,8,2,2,,6,6,1,21,8,B03,120.65102,24.055637,2
2022,11,20,21,16,臺中市,沙鹿區,0,0,0,8,,,40,,,,,,,,,,,,,,,23,,,,,C03,,,1,,2,,,23,,1,22,,C03,120.581025,24.201376,3
2022,11,20,21,25,臺中市,北區,0,1,0,8,1,5,50,3,7,1,5,4,5,7,2,1,8,3,4,2,12,7,3,10,1,1,C03,7,8,1,10,2,13,,7,7,1,9,8,C03,120.685455,24.147362,2
2022,11,20,21,30,臺中市,東區,0,1,0,8,3,5,50,3,1,1,5,4,5,7,4,4,10,5,5,2,17,10,3,10,1,1,B03,7,11,1,8,2,8,,10,10,1,22,8,B03,120.699985,24.142136,2
2022,11,20,21,30,臺中市,西屯區,0,2,0,8,1,5,40,14,8,1,5,4,5,7,4,4,1,4,1,2,12,7,3,10,1,1,B02,7,8,1,8,2,8,,7,7,1,22,8,B02,120.650041,24.162855,2
2022,11,20,21,32,臺中市,西屯區,0,1,0,8,2,5,50,4,1,1,5,4,5,7,1,1,5,4,5,2,18,42,2,9,1,4,C03,7,5,1,10,2,14,,42,42,1,22,8,C03,120.645018,24.178822,2
2022,11,20,21,37,臺中市,北屯區,0,2,0,8,3,5,50,14,7,1,5,4,5,7,4,4,5,5,4,2,1,23,2,9,1,1,C04,7,9,1,10,2,11,,23,23,1,21,8,C04,120.692666,24.170367,2
2022,11,20,21,38,臺中市,北區,0,0,0,8,3,5,50,14,9,1,5,4,5,7,4,4,5,4,5,2,14,12,3,10,1,1,B03,7,2,1,8,1,7,,12,12,1,5,5,B03,120.675442,24.153444,3
2022,11,20,21,40,臺中市,西區,0,0,0,8,,,50,,,,,,,,,,,,,,,23,,,,,B03,,,1,,4,,,23,,1,4,,B03,120.665644,24.139503,4
2022,11,20,21,41,臺中市,太平區,0,2,0,8,3,5,50,3,1,1,5,4,5,7,4,4,10,5,5,2,16,26,2,7,1,1,C03,7,11,1,10,2,14,,26,26,1,22,5,C03,120.715305,24.127021,2
2022,11,20,21,42,臺中市,西屯區,0,0,0,8,,,50,,,,,,,,,,,,,,,23,,,,,C03,,,1,,1,,,23,,1,22,,C03,120.648638,24.174695,3
2022,11,20,21,42,臺中市,西屯區,0,1,0,8,3,5,50,4,1,1,5,4,5,7,2,1,5,4,4,1,13,42,2,9,1,1,C03,7,9,3,18,1,11,,42,42,1,1,9,C03,120.659481,24.175598,2
2022,11,20,21,42,臺中市,大里區,0,3,0,8,3,5,50,3,2,1,5,4,5,7,1,1,5,4,5,1,12,16,2,8,1,1,C03,7,9,1,10,2,14,,16,16,1,21,1,C03,120.689983,24.10832,2
2022,11,20,21,51,臺中市,梧棲區,0,1,0,8,1,5,50,3,1,1,5,4,5,7,3,1,10,5,5,2,16,23,2,9,1,1,F02,7,9,8,20,2,16,,23,23,1,12,8,F02,120.525729,24.224886,2
2022,11,20,22,22,臺中市,豐原區,0,0,0,8,,,60,,,,,,,,,,,,,,,16,,,,,B03,,,1,,2,,,16,,1,19,,B03,120.710244,24.236459,3
2022,11,20,23,1,臺中市,龍井區,0,0,0,8,,,60,,,,,,,,,,,,,,,42,,,,,B03,,,1,,1,,,42,,1,22,,B03,120.573901,24.184534,3
2022,11,20,23,2,臺中市,西屯區,0,1,0,8,1,5,50,14,9,1,5,4,5,7,4,4,8,4,5,1,16,8,3,10,1,4,B03,7,5,6,8,2,4,,8,8,1,4,8,B03,120.63513,24.162276,2
2022,11,20,23,7,臺中市,后里區,0,1,0,8,3,5,50,4,2,1,5,4,5,7,3,1,4,3,5,1,16,6,3,10,1,1,B03,7,9,1,8,2,1,,6,6,1,4,8,B03,120.72988,24.331952,2
2022,11,20,23,18,臺中市,北屯區,0,1,0,8,3,5,50,14,9,1,5,4,5,7,4,4,4,3,5,2,13,23,2,9,1,1,C03,7,9,2,18,2,11,,23,23,1,21,8,C03,120.719501,24.181919,2
2022,11,20,23,29,臺中市,東區,0,0,0,,,,40,,,,,,,,,,,,,,,18,,,,,B03,,,1,,9,,,18,18,1,5,,B03,120.704352,24.133648,3
2022,11,20,23,39,臺中市,太平區,0,1,0,8,3,5,50,4,1,1,5,4,5,7,3,1,10,5,5,2,16,10,3,10,3,4,B01,7,11,1,4,2,4,,10,10,1,10,8,B01,120.718294,24.148834,2
2022,11,21,0,20,臺中市,龍井區,0,0,0,8,,,50,,,,,,,,,,,,,,,19,,,,,C03,,,1,,1,,,19,,1,22,,C03,120.586837,24.181426,3
2022,11,21,4,49,臺中市,西區,0,1,0,8,3,5,50,5,1,1,5,4,5,7,2,1,10,5,5,2,12,23,3,10,1,1,B01,7,6,1,4,2,8,,23,23,1,10,9,B01,120.669827,24.150819,2
2022,11,21,5,40,臺中市,沙鹿區,0,1,0,8,3,5,50,3,1,1,5,4,5,7,3,1,10,5,5,2,16,6,2,7,1,1,C03,7,5,1,10,2,13,,6,6,1,18,5,C03,120.580968,24.214567,2
2022,11,21,6,30,臺中市,南屯區,0,0,0,8,,,30,,,,,,,,,,,,,,,23,,,,,B03,,,1,,2,,,23,,1,22,,B03,120.615585,24.153228,3
2022,11,21,6,32,臺中市,東區,0,1,0,8,1,5,50,3,1,1,5,4,5,7,4,4,10,5,5,2,16,6,3,10,1,1,B03,7,5,1,8,2,8,,6,6,1,22,8,B03,120.688888,24.141452,2
2022,11,21,6,35,臺中市,南區,0,1,0,8,1,5,50,14,8,1,5,4,5,7,4,4,9,4,4,2,18,43,2,9,1,1,C03,7,9,1,10,2,14,,43,43,1,6,1,C03,120.653365,24.113705,2
2022,11,21,6,41,臺中市,神岡區,0,1,0,8,1,5,50,14,9,1,5,4,5,7,4,4,3,4,5,1,13,16,2,8,1,1,C03,7,9,1,10,2,11,,16,16,1,22,9,C03,120.698916,24.249015,2
2022,11,21,6,45,臺中市,潭子區,0,1,0,8,1,5,50,14,13,1,5,4,5,7,4,4,5,4,4,2,29,23,2,9,1,1,B03,7,15,1,8,2,1,2,23,23,1,22,8,B03,120.721612,24.197598,2
2022,11,21,6,58,臺中市,西區,0,1,0,8,1,5,50,14,9,1,5,4,5,7,4,4,3,2,5,2,18,43,2,9,1,1,C03,7,9,1,10,2,14,,43,43,1,4,5,C03,120.671992,24.146115,2
2022,11,21,7,2,臺中市,大雅區,0,0,0,8,,,50,,,,,,,,,,,,,,,6,,,,,B12,,,1,,2,,,6,,1,22,,B12,120.668592,24.219716,3
2022,11,21,7,5,臺中市,霧峰區,0,1,0,8,1,5,40,14,7,1,5,4,5,7,1,1,10,4,4,1,13,23,2,8,1,1,C03,7,9,1,10,2,11,,23,23,1,12,8,C03,120.671291,24.043189,2
2022,11,21,7,6,臺中市,東區,0,2,0,8,1,5,50,3,1,1,5,4,5,7,4,4,10,5,5,2,16,1,2,9,1,1,C03,7,9,1,10,2,12,,1,1,1,22,8,C03,120.701052,24.136321,2
2022,11,21,7,8,臺中市,梧棲區,0,0,0,8,,,30,,,,,,,,,,,,,,,6,,,,,A31,,,1,,2,,,6,,1,10,,A31,120.524664,24.227376,3
2022,11,21,7,9,臺中市,西屯區,0,0,0,8,,,50,,,,,,,,,,,,,,,6,,,,,B03,,,1,,2,,,6,,1,22,,B03,120.640945,24.161961,3
2022,11,21,7,12,臺中市,南區,0,1,0,8,1,5,50,4,1,1,5,4,5,7,1,1,10,5,5,2,16,6,3,10,1,1,B03,7,5,1,8,2,5,,6,6,1,22,8,B03,120.677324,24.130531,2
2022,11,21,7,17,臺中市,大甲區,0,0,0,8,,,30,,,,,,,,,,,,,,,17,,,,,B03,,,1,,1,,,17,,1,4,,B03,120.637128,24.39681,3
2022,11,21,7,18,臺中市,大雅區,0,0,0,8,,,50,,,,,,,,,,,,,,,17,,,,,C03,,,1,,2,,,17,,1,22,,C03,120.65436,24.229376,3
2022,11,21,7,18,臺中市,霧峰區,0,0,0,8,,,40,,,,,,,,,,,,,,,23,,,,,B03,,,1,,2,,,23,,1,3,,B03,120.664185,24.072236,3
2022,11,21,7,19,臺中市,西屯區,0,2,0,8,1,5,40,14,8,1,5,4,5,7,4,4,1,4,1,2,13,23,2,9,1,1,C03,7,9,1,10,2,11,,23,23,1,22,8,C03,120.646049,24.164842,2
2022,11,21,7,20,臺中市,大里區,0,0,0,8,,,30,,,,,,,,,,,,,,,6,,,,,C03,,,1,,2,,,6,,1,20,,C03,120.698107,24.087226,3
2022,11,21,7,21,臺中市,大里區,0,0,0,8,,,30,,,,,,,,,,,,,,,12,,,,,B03,,,1,,2,,,12,,1,12,,B03,120.698903,24.087536,3
2022,11,21,7,28,臺中市,東區,0,0,0,8,,,50,,,,,,,,,,,,,,,6,,,,,F03,,,8,20,2,,,6,6,1,21,,F03,120.698707,24.127214,3
2022,11,21,7,28,臺中市,梧棲區,0,0,0,8,,,40,,,,,,,,,,,,,,,23,,,,,B03,,,1,,2,,,23,,1,3,,B03,120.525854,24.224621,3
2022,11,21,7,32,臺中市,霧峰區,0,1,0,8,1,5,50,3,1,1,5,4,5,7,1,1,10,5,5,2,16,23,2,9,1,1,C03,7,9,1,10,2,11,,23,23,1,3,8,C03,120.692163,24.044829,2
2022,11,21,7,33,臺中市,豐原區,0,3,0,8,1,5,60,4,1,1,5,4,5,7,2,1,10,5,5,2,15,25,2,9,1,1,C03,7,9,3,18,2,11,,25,25,1,22,8,C03,120.71301,24.262345,2
2022,11,21,7,34,臺中市,西屯區,0,0,0,8,,,60,,,,,,,,,,,,,,,23,,,,,B03,,,1,,1,,,23,23,1,22,,B03,120.648942,24.163085,3
2022,11,21,7,34,臺中市,沙鹿區,0,2,0,8,1,5,50,14,9,1,5,4,5,7,4,4,1,5,5,2,17,26,2,9,1,1,C03,7,9,1,10,2,11,,26,26,1,21,8,C03,120.614839,24.241916,2
2022,11,21,7,35,臺中市,龍井區,0,2,0,8,1,5,30,3,2,1,5,4,5,7,4,4,10,5,5,2,16,19,2,8,1,1,C03,7,1,1,9,2,14,,19,19,1,2,1,C03,120.588591,24.183044,2
2022,11,21,7,38,臺中市,西屯區,0,0,0,8,,,50,,,,,,,,,,,,,,,23,,,,,B03,,,1,,2,,,23,,1,21,,B03,120.618552,24.187866,3
2022,11,21,7,40,臺中市,南屯區,0,0,0,8,,,50,,,,,,,,,,,,,,,23,,,,,B03,,,1,,2,,,23,,1,22,,B03,120.63255,24.158234,3
2022,11,21,7,40,臺中市,太平區,0,1,0,8,1,5,50,3,9,1,5,4,5,7,4,4,5,4,5,1,16,7,3,10,1,1,B03,7,7,1,8,9,7,,7,7,1,22,8,B03,120.73458,24.134211,2
2022,11,21,7,40,臺中市,沙鹿區,0,0,0,8,,,50,,,,,,,,,,,,,,,23,,,,,B03,,,1,,2,,,23,,1,4,,B03,120.614839,24.241916,3
2022,11,21,7,41,臺中市,后里區,0,0,0,8,1,5,50,14,7,1,5,4,5,7,1,1,1,4,5,1,13,16,,,,,B03,,,1,,2,,,16,,1,22,,B03,120.724937,24.318491,3
2022,11,21,7,44,臺中市,烏日區,0,0,0,8,,,50,,,,,,,,,,,,,,,23,,,,,B03,,,1,,2,,,23,,1,21,,B03,120.641728,24.10684,3
2022,11,21,7,45,臺中市,西屯區,0,0,0,8,,,50,,,,,,,,,,,,,,,8,,,,,B03,,,1,,1,,,8,,1,22,,B03,120.620149,24.178608,3
2022,11,21,7,46,臺中市,西屯區,0,1,0,8,1,5,50,4,1,1,5,4,5,7,1,1,4,3,4,2,16,25,2,9,1,1,C04,7,9,1,11,2,12,,25,25,1,22,8,C04,120.657282,24.194761,2
2022,11,21,7,47,臺中市,西區,0,0,0,8,1,5,50,14,9,1,5,4,5,7,4,4,5,2,5,2,13,23,,,,,C03,,,1,,1,,,23,,1,4,,C03,120.655269,24.155071,3
2022,11,21,7,47,臺中市,大肚區,0,1,0,8,1,5,30,4,1,1,5,4,5,7,4,4,10,5,5,2,6,51,2,9,4,5,H01,8,18,8,20,10,16,,51,51,1,20,8,H01,120.578879,24.168909,2
2022,11,21,7,49,臺中市,北屯區,0,1,0,8,1,5,30,3,1,1,5,4,5,7,4,4,10,5,5,2,16,6,3,10,1,1,B03,7,6,1,8,2,8,,6,6,1,22,8,B03,120.662233,24.196191,2
2022,11,21,7,49,臺中市,霧峰區,0,0,0,8,,,60,,,,,,,,,,,,,,,7,,,,,B03,,,1,,2,,,7,,1,12,,B03,120.695601,24.015481,3
2022,11,21,7,50,臺中市,西屯區,0,0,0,8,,,50,,,,,,,,,,,,,,,16,,,,,C03,,,1,,1,,,16,,1,22,,C03,120.621848,24.181126,3
2022,11,21,7,52,臺中市,潭子區,0,0,0,,,,50,,,,,,,,,,,,,,,7,,,,,B03,,,1,,2,,,7,,1,22,,B03,120.687171,24.216119,3
2022,11,21,7,53,臺中市,西屯區,0,0,0,8,,,50,,,,,,,,,,,,,,,42,,,,,B03,,,1,,1,,,42,,1,22,,B03,120.621574,24.180091,3
2022,11,21,7,54,臺中市,大雅區,0,1,0,8,1,5,50,4,1,1,5,4,5,7,4,4,10,4,4,2,16,6,3,10,1,1,B03,7,6,1,8,2,6,,6,6,1,22,9,B03,120.667906,24.216884,2
2022,11,21,7,54,臺中市,大里區,0,2,0,8,1,5,50,3,1,1,5,4,5,7,4,4,9,5,5,2,17,6,2,9,1,1,F01,7,15,8,20,2,16,,42,6,1,22,8,F01,120.698906,24.087606,2
2022,11,21,7,56,臺中市,太平區,0,1,0,8,1,5,50,14,9,1,5,4,5,7,4,4,5,4,5,1,17,40,3,10,1,1,B12,7,14,6,4,2,4,,40,40,1,21,8,B12,120.733099,24.134778,2
2022,11,21,7,57,臺中市,大雅區,0,1,0,8,1,5,50,14,9,1,5,4,5,7,4,4,9,5,5,1,18,23,2,9,1,1,C03,7,9,1,10,2,15,,23,23,1,22,9,C03,120.67488,24.233294,2