年,月,日,時,分,縣市,區,死,受傷,2-30,天候,光線,道路類別,速限,道路型態,事故位置,路面鋪裝,路面狀態,路面缺陷,障礙物,視距,號誌種類,號誌動作,分向設施,快車道或一般車道間,快慢車道間,路面邊線,事故類型及型態,主要肇因,受傷程度,主要傷處,保護裝備,行動電話,當事者區分,車輛用途,當事者行動狀態,駕駛資格情形,駕駛執照種類,飲酒情形,車輛撞擊部位最初,車輛撞擊部位其他,肇事因素個別,肇事因素主要,肇事逃逸,職業,旅次目的,車種,GPS緯度,GPS經度,事故類別
2022,11,21,15,20,臺中市,石岡區,0,3,0,8,1,5,70,14,7,1,5,4,5,7,4,4,1,4,4,1,13,23,2,1,1,4,B03,7,9,1,8,2,1,,23,23,1,22,9,B03,120.814908,24.26117,2
2022,11,21,15,21,臺中市,沙鹿區,0,1,0,8,1,5,50,3,1,1,5,4,5,7,4,4,10,5,5,2,17,26,2,9,1,1,C03,7,9,1,10,2,11,,26,26,1,21,8,C03,120.581421,24.209662,2
2022,11,21,15,28,臺中市,西屯區,0,1,0,8,1,5,50,4,1,1,5,4,5,7,4,4,10,5,5,2,16,6,2,9,1,1,C03,7,5,1,10,2,11,,6,6,1,22,7,C03,120.651004,24.158841,2
2022,11,21,15,30,臺中市,潭子區,0,1,0,8,1,5,50,14,9,1,5,4,5,7,4,4,1,3,5,1,17,23,3,10,1,1,B12,7,9,1,8,2,1,,23,23,1,22,8,B12,120.720812,24.228892,2
2022,11,21,15,30,臺中市,霧峰區,0,1,0,8,1,5,50,4,1,1,5,4,5,7,1,1,5,4,4,2,15,25,3,10,1,1,B03,7,9,1,8,2,1,,25,25,1,22,9,B03,120.662599,24.059641,2
2022,11,21,15,36,臺中市,西屯區,0,0,0,8,,,50,,,,,,,,,,,,,,,23,,,,,B03,,,1,,2,,,23,23,1,1,,B03,120.657063,24.197841,3
2022,11,21,15,40,臺中市,西屯區,0,0,0,8,,,30,,,,,,,,,,,,,,,42,,,,,B03,,,1,,1,,,42,,1,22,,B03,120.65225,24.163054,3
2022,11,21,15,44,臺中市,大里區,0,0,0,8,1,5,50,4,1,1,5,4,5,7,1,1,5,5,4,2,16,6,,,,,B03,,,1,,2,,,6,,1,22,,B03,120.703582,24.107714,3
2022,11,21,15,45,臺中市,大里區,0,0,0,8,,,50,,,,,,,,,,,,,,,6,,,,,B03,,,1,,9,,,6,,1,22,,B03,120.687242,24.095523,3
2022,11,21,15,46,臺中市,北區,0,0,0,8,,,50,,,,,,,,,,,,,,,23,,,,,B03,,,1,,1,,,23,,1,22,,B03,120.685687,24.147435,3
2022,11,21,15,46,臺中市,北區,0,0,0,8,,,50,,,,,,,,,,,,,,,23,,,,,B12,,,1,,2,,,23,,1,5,,B12,120.675706,24.173259,3
2022,11,21,15,50,臺中市,北屯區,0,2,0,8,1,5,50,4,1,1,5,4,5,7,3,1,10,5,5,2,15,6,2,9,1,1,C03,7,9,1,10,2,14,,6,6,1,21,8,C03,120.663975,24.189447,2
2022,11,21,15,51,臺中市,梧棲區,0,0,0,8,,,30,,,,,,,,,,,,,,,17,,,,,B03,,,1,,2,,,17,17,1,21,,B03,120.546342,24.232588,3
2022,11,21,15,54,臺中市,大甲區,0,0,0,8,,,50,,,,,,,,,,,,,,,42,,,,,B03,,,1,,2,,,42,42,1,22,,B03,120.632323,24.345802,3
2022,11,21,15,55,臺中市,沙鹿區,0,2,0,8,1,5,40,14,8,1,5,4,5,7,4,4,1,4,1,1,17,19,3,10,1,1,B12,7,1,1,2,2,15,,19,19,1,4,8,B12,120.570236,24.235516,2
2022,11,21,16,0,臺中市,西屯區,0,0,0,8,,,50,,,,,,,,,,,,,,,26,,,,,B03,,,1,,1,,,26,26,1,22,,B03,120.603839,24.185628,3
2022,11,21,16,9,臺中市,太平區,0,0,0,8,,,30,,,,,,,,,,,,,,,12,,,,,B12,,,1,,2,,,12,,1,5,,B12,120.718154,24.142381,3
2022,11,21,16,10,臺中市,北區,0,0,0,8,1,5,50,14,9,1,5,4,5,7,4,4,8,5,5,2,12,19,,,,,B03,,,1,,1,,,19,,1,22,,B03,120.676654,24.153831,3
2022,11,21,16,10,臺中市,烏日區,0,1,0,8,1,5,50,4,1,1,5,4,5,7,4,4,10,5,5,2,16,6,3,10,1,1,B03,7,9,1,8,2,1,,6,6,1,21,1,B03,120.600259,24.10755,2
2022,11,21,16,13,臺中市,太平區,0,0,0,8,1,5,50,14,9,1,5,4,5,7,4,4,9,5,5,1,17,19,3,10,1,1,B03,7,1,1,8,2,8,,19,19,1,21,8,B03,120.71574,24.155702,3
2022,11,21,16,14,臺中市,梧棲區,0,0,0,8,,,50,,,,,,,,,,,,,,,23,,,,,B03,,,1,,2,,,23,,1,21,,B03,120.539671,24.257738,3
2022,11,21,16,16,臺中市,北區,0,0,0,8,,,50,,,,,,,,,,,,,,,12,,,,,B12,,,1,,2,,,12,,1,22,,B12,120.671463,24.167118,3
2022,11,21,16,17,臺中市,北屯區,0,1,0,8,1,5,50,14,9,1,5,4,5,7,4,4,3,4,5,2,12,40,3,10,1,1,B03,7,13,1,8,2,8,,40,40,1,22,8,B03,120.696713,24.168171,2
2022,11,21,16,20,臺中市,北屯區,0,2,0,8,1,5,50,14,9,1,5,4,5,7,4,4,1,2,5,2,13,16,2,9,1,1,C03,7,9,1,10,2,11,,16,16,1,4,8,C03,120.727828,24.160786,2
2022,11,21,16,21,臺中市,北區,0,1,0,8,1,5,50,4,4,1,5,4,5,7,1,1,1,4,5,2,13,23,3,10,1,1,C03,7,9,1,10,2,11,,23,23,1,5,8,C03,120.69432,24.156811,2
2022,11,21,16,21,臺中市,神岡區,0,1,0,8,1,5,50,14,9,1,5,4,5,7,4,4,9,4,5,1,17,42,3,10,3,4,F03,7,8,8,20,5,16,,42,42,1,22,9,F03,120.670078,24.256573,2
2022,11,21,16,23,臺中市,沙鹿區,0,0,0,8,,,50,,,,,,,,,,,,,,,6,,,,,B03,,,1,,2,,,6,,1,21,,B03,120.568705,24.252829,3
2022,11,21,16,24,臺中市,西屯區,0,1,0,8,1,5,50,14,9,1,5,4,5,7,4,4,5,4,5,1,18,42,2,9,1,1,C03,7,6,1,10,2,12,,42,42,1,1,9,C03,120.611031,24.193,2
2022,11,21,16,25,臺中市,清水區,0,0,0,8,1,5,40,14,9,1,5,4,5,7,4,4,1,4,4,1,14,18,3,10,1,1,B03,7,2,1,8,2,6,,18,18,1,5,1,B03,120.566565,24.268398,3
2022,11,21,16,26,臺中市,西屯區,0,0,0,8,,,50,,,,,,,,,,,,,,,23,,,,,B03,,,1,,1,,,23,,1,22,,B03,120.660688,24.163969,3
2022,11,21,16,30,臺中市,北屯區,0,1,0,8,1,5,50,4,1,1,5,4,5,7,4,4,10,5,5,2,15,6,3,10,1,1,B03,7,9,1,3,2,5,,6,6,1,21,8,B03,120.715482,24.181175,2
2022,11,21,16,36,臺中市,西屯區,0,1,0,8,1,5,50,3,1,1,5,4,5,7,3,1,10,5,5,2,16,6,3,10,1,1,B03,7,5,1,8,2,8,,6,6,1,22,8,B03,120.65382,24.178147,2
2022,11,21,16,40,臺中市,西區,0,0,0,,,,50,,,,,,,,,,,,,,,8,,,,,C03,,,1,,1,,,8,8,1,5,,C03,120.655138,24.153572,3
2022,11,21,16,41,臺中市,北屯區,0,1,0,8,1,5,50,4,1,1,5,4,5,7,1,1,10,5,5,2,16,26,2,8,1,1,C03,7,5,1,10,2,14,,26,26,1,21,8,C03,120.710695,24.18223,2
2022,11,21,16,45,臺中市,沙鹿區,0,1,0,8,1,5,30,3,2,1,5,4,5,7,4,4,1,4,4,2,17,19,2,9,1,1,C03,7,1,1,10,2,11,,19,19,1,4,8,C03,120.561464,24.24305,2
2022,11,21,16,48,臺中市,太平區,0,1,0,8,1,5,30,4,2,1,5,4,5,7,2,1,10,5,5,2,16,23,3,10,1,1,C03,7,9,1,10,2,12,,23,23,1,5,8,C03,120.734302,24.148324,2
2022,11,21,16,48,臺中市,龍井區,0,2,0,8,1,5,50,4,1,1,5,4,5,7,1,1,10,5,5,2,3,52,2,9,4,5,H01,8,16,8,20,10,16,,52,52,1,20,7,H01,120.523379,24.198492,2
2022,11,21,16,52,臺中市,大里區,0,2,0,8,2,5,50,3,2,1,5,4,5,7,4,4,5,5,4,2,16,4,2,9,1,1,C03,7,9,1,10,2,12,,4,4,1,22,8,C03,120.697763,24.094794,2
2022,11,21,17,1,臺中市,大里區,0,1,0,8,2,5,50,16,9,1,5,4,5,1,1,1,1,5,5,2,13,42,2,9,1,1,C03,7,12,1,10,2,13,,42,42,1,22,9,C03,120.677703,24.094,2
2022,11,21,17,6,臺中市,大里區,0,1,0,8,1,5,40,5,1,1,5,4,5,7,1,1,10,5,5,2,17,5,2,8,1,1,C03,7,9,1,10,2,13,11,5,5,1,12,1,C03,120.672001,24.107788,2
2022,11,21,17,7,臺中市,梧棲區,0,0,0,8,,,40,,,,,,,,,,,,,,,19,,,,,C03,,,1,,2,,,19,,1,21,,C03,120.519924,24.242546,3
2022,11,21,17,10,臺中市,龍井區,0,1,0,8,2,5,30,4,1,1,5,4,5,7,4,4,10,5,5,2,15,6,2,9,1,1,C03,7,9,1,10,1,11,,6,6,1,9,1,C03,120.530184,24.189359,2
2022,11,21,17,14,臺中市,西屯區,0,1,0,8,3,5,50,4,1,1,5,4,5,7,1,1,10,5,5,2,16,26,2,9,1,1,C03,7,9,1,10,2,12,,26,26,1,22,8,C03,120.58919,24.174845,2
2022,11,21,17,20,臺中市,大里區,0,0,0,8,,,50,,,,,,,,,,,,,,,19,,,,,B03,,,1,,2,,,19,,1,22,,B03,120.687591,24.106676,3
2022,11,21,17,23,臺中市,豐原區,0,0,0,8,,,50,,,,,,,,,,,,,,,7,,,,,C03,,,1,,2,,,7,7,1,21,,C03,120.703309,24.243145,3
2022,11,21,17,24,臺中市,霧峰區,0,1,0,8,1,5,50,3,1,1,5,4,5,7,4,4,10,5,5,2,13,16,2,9,1,1,C03,7,9,1,10,2,11,,16,16,1,18,5,C03,120.701072,24.070318,2
2022,11,21,17,27,臺中市,西屯區,0,0,0,8,,,50,,,,,,,,,,,,,,,16,,,,,B03,,,1,,1,,,16,,1,22,,B03,120.609666,24.18418,3
2022,11,21,17,28,臺中市,霧峰區,0,0,0,8,3,5,50,3,1,1,5,4,5,7,1,1,10,5,5,2,13,23,,,,,B03,,,1,,9,,,23,,1,22,,B03,120.697294,24.064916,3
2022,11,21,17,30,臺中市,外埔區,0,0,0,8,3,5,50,3,9,1,5,4,3,5,4,4,4,4,4,1,16,7,,,,,B12,,,1,,2,,,7,,1,21,,B12,120.636336,24.343322,3
2022,11,21,17,33,臺中市,龍井區,0,1,0,8,1,5,40,4,1,1,5,4,5,7,1,1,1,4,1,1,12,6,3,10,1,1,B03,7,6,1,8,2,6,2,6,6,1,21,1,B03,120.583599,24.187378,2
2022,11,21,17,34,臺中市,北區,0,1,0,7,3,5,50,4,1,1,5,4,5,7,4,4,10,5,5,2,16,6,2,9,1,1,C03,7,9,1,10,2,11,,14,6,1,5,8,C03,120.683148,24.159082,2
2022,11,21,17,34,臺中市,豐原區,0,1,0,8,3,5,50,14,9,1,5,4,5,7,4,4,5,2,5,2,17,7,3,10,1,1,A05,7,7,1,2,9,7,,7,7,1,22,8,A05,120.721042,24.269721,2
2022,11,21,17,35,臺中市,北屯區,0,0,0,8,,,50,,,,,,,,,,,,,,,16,,,,,B02,,,1,,1,,,16,,1,22,,B02,120.660851,24.191545,3
2022,11,21,17,35,臺中市,西屯區,0,0,0,8,,,40,,,,,,,,,,,,,,,9,,,,,B03,,,1,,1,,,9,,1,22,,B03,120.613685,24.173053,3
2022,11,21,17,35,臺中市,太平區,0,2,0,8,1,5,50,3,1,1,5,4,5,7,2,1,10,5,5,2,15,25,2,8,1,1,C03,7,9,1,10,2,12,,25,25,1,22,8,C03,120.713607,24.144623,2
2022,11,21,17,36,臺中市,東區,0,1,0,8,3,5,50,14,7,1,5,4,5,7,4,4,5,5,4,2,12,23,3,10,1,1,B03,7,9,1,8,2,2,,23,23,1,21,8,B03,120.692353,24.148233,2
2022,11,21,17,38,臺中市,烏日區,0,0,0,8,,,30,,,,,,,,,,,,,,,16,,,,,B03,,,1,,2,,,16,,1,21,,B03,120.65203,24.065006,3
2022,11,21,17,40,臺中市,北屯區,0,1,0,8,3,5,50,4,1,1,5,4,5,7,1,1,10,5,5,2,16,1,3,10,1,1,B03,7,4,1,8,2,15,,1,1,1,4,8,B03,120.672163,24.1879,2
2022,11,21,17,42,臺中市,北區,0,1,0,8,3,5,50,3,1,1,5,4,5,7,4,4,10,5,5,2,16,6,3,10,1,1,C03,7,5,1,10,2,11,,6,6,1,22,8,C03,120.671711,24.170059,2
2022,11,21,17,43,臺中市,沙鹿區,0,0,0,8,,,50,,,,,,,,,,,,,,,7,,,,,B03,,,1,,2,,,7,,1,22,,B03,120.560044,24.209568,3
2022,11,21,17,45,臺中市,東區,0,0,0,,,,50,,,,,,,,,,,,,,,42,,,,,B12,,,1,,2,,,42,,1,21,,B12,120.699661,24.138704,3
2022,11,21,17,45,臺中市,東區,0,2,0,8,3,5,50,3,1,1,5,4,5,7,1,1,10,5,5,2,16,25,2,1,1,1,C03,7,9,1,10,2,12,,25,25,1,22,8,C03,120.697302,24.149663,2
2022,11,21,17,48,臺中市,霧峰區,0,0,0,8,,,50,,,,,,,,,,,,,,,23,,,,,B03,,,1,,2,,,23,,1,22,,B03,120.691951,24.041142,3
2022,11,21,17,53,臺中市,北區,0,1,0,8,3,5,50,14,9,1,5,4,5,7,4,4,3,4,5,2,13,7,2,8,1,1,C03,7,7,1,10,2,11,,7,7,1,22,9,C03,120.67192,24.171681,2
2022,11,21,17,53,臺中市,南屯區,0,0,0,8,,,50,,,,,,,,,,,,,,,7,,,,,B03,,,1,,1,,,7,,1,22,,B03,120.646716,24.140546,3
2022,11,21,17,53,臺中市,西屯區,0,0,0,8,,,70,,,,,,,,,,,,,,,25,,,,,B03,,,3,,2,,,25,25,1,22,,B03,120.593044,24.183185,3
2022,11,21,17,55,臺中市,北屯區,0,1,0,8,3,5,50,4,1,1,5,4,5,7,2,1,10,5,5,2,17,6,3,10,1,1,B03,7,5,1,8,2,1,,6,6,1,21,8,B03,120.68371,24.193711,2
2022,11,21,17,58,臺中市,西屯區,0,1,0,8,3,5,50,14,9,1,5,4,5,7,4,4,9,4,5,2,17,19,3,10,1,1,B03,7,1,1,8,2,1,,19,19,1,1,9,B03,120.6496,24.160982,2
2022,11,21,18,0,臺中市,中區,0,1,0,8,1,5,50,4,1,1,5,4,5,7,2,1,10,5,5,2,13,23,2,9,1,1,C03,7,9,1,10,2,11,,23,23,1,20,8,C03,120.675449,24.143945,2
2022,11,21,18,1,臺中市,大雅區,0,0,0,8,,,50,,,,,,,,,,,,,,,23,,,,,C03,,,1,,2,,,23,,1,22,,C03,120.638072,24.233551,3
2022,11,21,18,3,臺中市,西屯區,0,2,0,8,3,5,50,4,9,1,5,4,5,5,4,4,10,5,5,2,16,6,2,9,1,1,C03,7,9,1,10,2,14,,6,6,1,22,8,C03,120.597027,24.201197,2
2022,11,21,18,5,臺中市,北區,0,0,0,8,,,50,,,,,,,,,,,,,,,7,,,,,B03,,,1,,2,,,7,,1,5,,B03,120.684059,24.162876,3
2022,11,21,18,7,臺中市,大里區,0,1,0,8,1,5,50,14,7,1,5,4,5,7,4,4,1,4,4,1,13,16,3,10,1,1,B03,7,9,1,8,2,1,,16,16,1,4,5,B03,120.697068,24.084797,2
2022,11,21,18,10,臺中市,東區,0,2,0,8,2,5,50,5,1,1,5,4,5,7,1,1,10,5,5,2,16,23,2,7,1,1,C03,7,5,1,10,2,12,,23,23,1,5,8,C03,120.699234,24.129659,2
2022,11,21,18,10,臺中市,豐原區,0,1,0,8,3,5,50,5,2,1,5,4,5,7,3,1,5,4,4,2,17,26,3,10,1,1,C03,7,5,1,10,2,11,,26,26,1,22,8,C03,120.702312,24.244102,2
2022,11,21,18,18,臺中市,南區,0,0,0,8,,,50,,,,,,,,,,,,,,,8,,,,,B03,,,1,,2,,,8,,1,22,,B03,120.663078,24.116911,3
2022,11,21,18,20,臺中市,西區,0,0,0,8,,,40,,,,,,,,,,,,,,,42,,,,,B03,,,1,,2,,,42,,1,22,,B03,120.660681,24.1403,3
2022,11,21,18,20,臺中市,西屯區,0,1,0,8,3,5,50,3,1,1,5,4,5,7,4,4,5,4,5,1,27,44,2,9,1,1,C03,7,9,1,10,2,15,,44,44,1,1,9,C03,120.625091,24.182598,2
2022,11,21,18,25,臺中市,西區,0,0,0,,,,50,,,,,,,,,,,,,,,42,,,,,B03,,,1,,2,,,42,,1,5,,B03,120.667553,24.133553,3
2022,11,21,18,25,臺中市,西區,0,1,0,8,3,5,50,4,1,1,5,4,5,7,2,1,10,5,5,2,17,26,3,10,1,1,B03,7,5,6,8,2,2,,26,26,1,5,7,B03,120.657262,24.140026,2
2022,11,21,18,25,臺中市,西屯區,0,0,0,8,,,50,,,,,,,,,,,,,,,19,,,,,B03,,,1,,1,,,19,,1,22,,B03,120.602631,24.183483,3
2022,11,21,18,25,臺中市,大里區,0,0,0,8,,,50,,,,,,,,,,,,,,,6,,,,,B03,,,1,,9,,,6,,1,22,,B03,120.687631,24.094935,3
2022,11,21,18,27,臺中市,南屯區,0,0,0,8,,,50,,,,,,,,,,,,,,,7,,,,,B03,,,1,,11,,,7,,2,22,,B03,120.622315,24.150194,3
2022,11,21,18,30,臺中市,南區,0,1,0,8,3,5,50,14,8,1,5,4,5,7,4,4,9,4,4,2,13,23,2,9,1,1,C03,7,9,4,11,2,11,,23,23,1,22,8,C03,120.661457,24.117056,2
2022,11,21,18,30,臺中市,西屯區,0,0,0,8,,,80,,,,,,,,,,,,,,,7,,,,,B03,,,1,,2,,,7,7,1,22,,B03,120.634948,24.179291,3
2022,11,21,18,30,臺中市,西屯區,0,1,0,8,3,5,50,4,1,1,5,4,5,7,4,4,5,4,5,2,18,42,2,9,1,1,C03,7,9,1,10,2,14,,42,42,1,22,8,C03,120.633639,24.182365,2
2022,11,21,18,30,臺中市,豐原區,0,0,0,8,,,50,,,,,,,,,,,,,,,23,,,,,B03,,,1,,2,,,23,,1,21,,B03,120.698897,24.246344,3
2022,11,21,18,31,臺中市,西屯區,0,0,0,,,,50,,,,,,,,,,,,,,,16,,,,,C03,,,1,,1,,,16,,1,22,,C03,120.622348,24.179325,3
2022,11,21,18,34,臺中市,西屯區,0,0,0,8,,,50,,,,,,,,,,,,,,,16,,,,,B03,,,1,,1,,,16,,1,1,,B03,120.606242,24.187475,3
2022,11,21,18,36,臺中市,南區,0,0,0,,,,50,,,,,,,,,,,,,,,25,,,,,B03,,,1,,2,,,25,,1,22,,B03,120.657752,24.112055,3
2022,11,21,18,38,臺中市,北屯區,0,0,0,8,,,50,,,,,,,,,,,,,,,23,,,,,B03,,,1,,1,,,23,,1,21,,B03,120.694688,24.183084,3
2022,11,21,18,39,臺中市,西屯區,0,1,0,8,3,5,40,14,8,1,5,4,5,7,4,4,5,4,4,2,17,16,2,9,1,1,C03,7,9,1,10,2,14,,16,16,1,22,8,C03,120.65882,24.16365,2
2022,11,21,18,40,臺中市,東區,0,0,0,,,,50,,,,,,,,,,,,,,,23,,,,,B03,,,1,,2,,,23,,1,5,,B03,120.70798,24.148984,3
2022,11,21,18,40,臺中市,西屯區,0,0,0,8,,,40,,,,,,,,,,,,,,,17,,,,,B03,,,1,,1,,,17,,1,22,,B03,120.614516,24.18322,3
2022,11,21,18,44,臺中市,西屯區,0,1,0,8,3,5,40,14,8,1,5,2,5,7,4,4,1,4,5,2,12,42,2,8,1,1,F02,7,15,8,20,2,16,,42,42,1,22,8,F02,120.59731,24.182252,2
2022,11,21,18,47,臺中市,南區,0,3,0,8,3,5,40,14,8,1,5,4,5,7,4,4,3,4,4,2,13,16,2,9,1,1,C03,7,9,1,10,2,11,,16,16,1,21,8,C03,120.686635,24.130014,2
2022,11,21,18,47,臺中市,東區,0,0,0,8,,,50,,,,,,,,,,,,,,,23,,,,,B03,,,1,,2,,,23,,1,22,,B03,120.698551,24.130733,3
2022,11,21,18,49,臺中市,西屯區,0,0,0,8,,,40,,,,,,,,,,,,,,,23,,,,,B03,,,1,,1,,,23,,1,4,,B03,120.643546,24.170262,3
2022,11,21,18,54,臺中市,北區,0,1,0,8,1,5,50,4,1,1,5,4,5,7,4,4,10,5,5,2,16,6,3,10,1,1,F01,7,5,8,20,2,16,,6,6,1,5,8,F01,120.670027,24.167421,2
2022,11,21,18,55,臺中市,北屯區,0,0,0,8,,,30,,,,,,,,,,,,,,,12,,,,,B12,,,1,,1,,,12,,1,22,,B12,120.686897,24.167383,3
2022,11,21,19,2,臺中市,豐原區,0,0,0,8,,,50,,,,,,,,,,,,,,,12,,,,,B03,,,1,,1,,,12,,1,19,,B03,120.71487,24.251138,3
2022,11,21,19,3,臺中市,西屯區,0,1,0,8,1,5,50,14,9,1,5,4,5,7,4,4,1,4,5,2,12,6,3,10,1,1,B03,7,6,1,8,2,8,,6,6,1,22,8,B03,120.636897,24.17903,2
2022,11,21,19,8,臺中市,西屯區,0,0,0,8,,,50,,,,,,,,,,,,,,,23,,,,,B03,,,1,,1,,,23,23,1,1,,B03,120.639323,24.171719,3
2022,11,21,19,9,臺中市,東區,0,2,0,8,3,5,50,4,1,1,5,4,5,7,1,1,10,5,5,2,16,6,2,7,1,1,C03,7,5,1,10,2,12,,6,6,1,22,8,C03,120.691605,24.133716,2
2022,11,21,19,11,臺中市,豐原區,0,0,0,8,,,50,,,,,,,,,,,,,,,16,,,,,B03,,,1,,2,,,16,16,1,22,,B03,120.724428,24.25346,3
2022,11,21,19,16,臺中市,北區,0,2,0,8,3,5,50,4,1,1,5,4,5,7,1,1,10,5,5,2,16,7,2,8,1,1,C03,7,8,1,10,2,12,,7,7,1,22,8,C03,120.68236,24.165007,2
2022,11,21,19,20,臺中市,大雅區,0,1,0,8,3,5,50,3,1,1,5,4,5,7,4,4,9,4,5,1,17,23,2,9,1,1,C03,7,9,1,10,2,14,,23,23,1,22,9,C03,120.646271,24.225923,2
2022,11,21,19,21,臺中市,梧棲區,0,3,0,8,4,5,50,4,1,1,5,4,5,7,3,1,10,5,5,2,13,16,3,10,1,1,B03,7,5,1,8,2,8,,16,16,1,5,8,B03,120.534325,24.261351,2
2022,11,21,19,24,臺中市,大里區,0,0,0,8,4,5,30,14,9,1,5,4,5,7,4,4,10,5,5,2,29,42,,,,,A41,,,1,,2,,,42,,1,22,,A41,120.67906,24.077242,3
2022,11,21,19,25,臺中市,大里區,0,1,0,8,3,5,50,14,9,1,5,4,5,7,4,4,5,4,5,1,16,26,3,10,1,1,C04,7,7,1,10,2,13,,26,26,1,22,9,C04,120.689037,24.103992,2
2022,11,21,19,40,臺中市,北區,0,0,0,8,,,50,,,,,,,,,,,,,,,25,,,,,C03,,,1,,2,,,25,,1,21,,C03,120.676786,24.149748,3
2022,11,21,19,40,臺中市,西屯區,0,0,0,8,,,50,,,,,,,,,,,,,,,42,,,,,B03,,,1,,1,,,42,,1,22,,B03,120.614748,24.179656,3
2022,11,21,19,40,臺中市,西屯區,0,0,0,8,,,50,,,,,,,,,,,,,,,17,,,,,A11,,,1,,1,,,17,,1,22,,A11,120.638106,24.15881,3
2022,11,21,19,40,臺中市,西屯區,0,1,0,8,3,5,50,4,1,1,5,4,5,7,4,4,5,4,5,2,16,23,3,10,1,1,B12,7,5,1,8,2,1,,23,23,1,22,8,B12,120.667152,24.177108,2
2022,11,21,19,45,臺中市,豐原區,0,1,0,8,1,5,50,14,9,1,5,4,5,7,4,4,5,4,5,2,17,42,3,10,1,1,C03,7,1,1,10,2,14,,42,42,1,22,8,C03,120.722272,24.242734,2
2022,11,21,19,47,臺中市,沙鹿區,0,1,0,8,3,5,50,4,1,1,5,4,5,7,2,1,10,5,5,2,12,43,3,10,1,1,B03,7,9,1,8,2,2,,43,43,1,22,8,B03,120.56243,24.233386,2
2022,11,21,19,48,臺中市,太平區,0,0,0,8,,,50,,,,,,,,,,,,,,,19,,,,,B03,,,1,,2,,,19,,1,22,,B03,120.732394,24.141295,3
2022,11,21,19,52,臺中市,烏日區,0,0,0,8,,,30,,,,,,,,,,,,,,,7,,,,,B03,,,1,,2,,,7,,1,21,,B03,120.62143,24.109325,3
2022,11,21,19,54,臺中市,北屯區,0,1,0,8,3,5,50,4,1,1,5,4,5,7,4,4,10,5,5,2,15,6,3,10,1,1,B03,7,9,1,4,2,8,,6,6,1,4,8,B03,120.663728,24.19974,2
2022,11,21,19,55,臺中市,北屯區,0,0,0,8,,,50,,,,,,,,,,,,,,,23,,,,,B03,,,1,,1,,,23,,1,21,,B03,120.689928,24.163032,3
2022,11,21,19,56,臺中市,西區,0,0,0,,,,50,,,,,,,,,,,,,,,23,,,,,B01,,,1,,1,,,23,,1,5,,B01,120.662398,24.155334,3
2022,11,21,19,56,臺中市,清水區,0,0,0,8,,,50,,,,,,,,,,,,,,,23,,,,,C01,,,1,,2,,,23,,1,21,,C01,120.558808,24.266757,3
2022,11,21,20,2,臺中市,西屯區,0,1,0,8,1,5,30,3,1,1,5,4,5,7,1,1,5,5,5,2,16,8,3,10,3,4,B01,7,5,1,8,2,4,,8,8,1,22,8,B01,120.642964,24.189496,2
2022,11,21,20,7,臺中市,太平區,0,0,0,8,,,50,,,,,,,,,,,,,,,67,,,,,,,,,,,,,67,,1,,,,120.70649,24.15109,3
2022,11,21,20,8,臺中市,太平區,0,1,0,8,3,5,50,4,18,1,5,4,5,7,2,1,10,5,5,2,3,15,3,10,1,1,B03,7,5,1,8,2,8,,15,15,1,5,8,B03,120.722629,24.142419,2
2022,11,21,20,12,臺中市,潭子區,0,2,0,8,3,5,60,5,1,1,5,4,5,7,1,1,10,5,5,2,16,9,3,10,1,1,B03,7,6,1,8,2,2,,9,9,1,22,8,B03,120.70349,24.200479,2
2022,11,21,20,13,臺中市,潭子區,0,0,0,8,,,50,,,,,,,,,,,,,,,23,,,,,B12,,,1,,2,,,23,,1,22,,B12,120.706181,24.215495,3
2022,11,21,20,15,臺中市,西區,0,1,0,8,3,5,50,4,1,1,5,4,5,7,2,1,10,5,5,2,16,8,3,10,1,1,C03,7,5,1,10,2,13,,8,8,1,20,8,C03,120.66347,24.150862,2
2022,11,21,20,17,臺中市,北區,0,1,0,8,3,5,50,14,7,1,5,4,5,7,4,4,9,5,4,2,16,10,3,10,1,1,B03,7,11,1,3,2,2,,10,6,1,5,8,B03,120.678134,24.14941,2
2022,11,21,20,17,臺中市,豐原區,0,1,0,8,3,5,50,3,1,1,5,4,5,7,4,4,5,5,4,2,16,17,3,10,1,1,B03,7,5,1,8,2,4,,17,17,1,19,8,B03,120.71757,24.253164,2
2022,11,21,20,23,臺中市,沙鹿區,0,0,0,8,,,50,,,,,,,,,,,,,,,16,,,,,C03,,,1,,2,,,16,,1,22,,C03,120.609671,24.243026,3
2022,11,21,20,24,臺中市,大肚區,0,0,0,8,,,50,,,,,,,,,,,,,,,10,,,,,B03,,,1,,2,,,10,,1,4,,B03,120.552603,24.136042,3
2022,11,21,20,29,臺中市,北區,0,1,0,7,3,5,50,4,1,1,5,4,5,7,1,1,10,5,5,2,3,15,3,10,1,1,B03,7,5,1,8,1,1,,15,15,1,5,8,B03,120.678916,24.157257,2
2022,11,21,20,30,臺中市,東區,0,1,0,8,1,5,50,4,1,1,5,4,5,7,1,1,10,5,5,2,16,9,3,10,1,1,B03,7,6,1,8,2,5,,9,9,1,5,8,B03,120.687507,24.134857,2