年,月,日,時,分,縣市,區,死,受傷,2-30,天候,光線,道路類別,速限,道路型態,事故位置,路面鋪裝,路面狀態,路面缺陷,障礙物,視距,號誌種類,號誌動作,分向設施,快車道或一般車道間,快慢車道間,路面邊線,事故類型及型態,主要肇因,受傷程度,主要傷處,保護裝備,行動電話,當事者區分,車輛用途,當事者行動狀態,駕駛資格情形,駕駛執照種類,飲酒情形,車輛撞擊部位最初,車輛撞擊部位其他,肇事因素個別,肇事因素主要,肇事逃逸,職業,旅次目的,車種,GPS緯度,GPS經度,事故類別
2022,11,21,20,33,臺中市,東區,0,1,0,8,3,5,25,14,9,1,5,4,5,7,4,4,9,5,4,2,17,23,2,9,1,1,F01,7,9,8,20,2,16,,23,23,1,21,8,F01,120.704895,24.142211,2
2022,11,21,20,38,臺中市,東區,0,0,0,,,,50,,,,,,,,,,,,,,,23,,,,,B03,,,1,,2,,,23,,1,21,,B03,120.696774,24.144901,3
2022,11,21,20,45,臺中市,烏日區,0,2,0,8,3,5,50,4,1,1,5,4,5,7,2,1,10,5,5,2,3,15,3,10,1,1,B03,7,5,1,8,2,4,,15,15,1,21,8,B03,120.609091,24.105953,2
2022,11,21,20,50,臺中市,西屯區,0,0,0,8,,,50,,,,,,,,,,,,,,,12,,,,,B03,,,1,,2,,,12,,1,22,,B03,120.641473,24.182682,3
2022,11,21,20,56,臺中市,豐原區,0,2,0,8,3,5,50,3,1,1,5,4,5,7,1,1,10,5,5,2,3,23,2,9,1,1,C03,7,9,1,10,2,11,,23,23,1,22,8,C03,120.728824,24.244503,2
2022,11,21,21,0,臺中市,大安區,0,1,0,8,3,5,50,3,2,1,5,4,5,7,4,4,9,5,5,2,20,23,2,8,1,1,C03,7,9,1,10,2,14,,23,23,1,16,8,C03,120.618443,24.376786,2
2022,11,21,21,0,臺中市,豐原區,0,2,0,8,3,5,1,14,7,1,5,4,5,7,4,4,5,5,4,2,16,6,2,9,1,1,C03,7,5,1,10,1,11,,6,6,1,20,8,C03,120.717581,24.253266,2
2022,11,21,21,1,臺中市,東區,0,2,0,8,1,5,50,5,1,1,5,4,5,7,1,1,10,5,5,2,13,23,3,10,1,1,B03,7,9,1,8,2,1,,23,23,1,22,8,B03,120.696577,24.142777,2
2022,11,21,21,2,臺中市,豐原區,0,2,0,8,3,5,50,4,1,1,5,4,5,7,2,1,5,5,4,2,17,25,2,4,1,1,C03,7,5,1,10,2,11,,25,25,1,21,8,C03,120.712758,24.250838,2
2022,11,21,21,4,臺中市,西區,0,0,0,,,,50,,,,,,,,,,,,,,,12,,,,,B12,,,1,,9,,,12,12,2,5,,B12,120.661522,24.152115,3
2022,11,21,21,5,臺中市,南屯區,0,0,0,8,,,50,,,,,,,,,,,,,,,25,,,,,B03,,,1,,1,,,25,25,1,22,,B03,120.608438,24.150127,3
2022,11,21,21,7,臺中市,大里區,0,0,0,8,,,40,,,,,,,,,,,,,,,23,,,,,B03,,,1,,9,,,23,,1,22,,B03,120.66542,24.090516,3
2022,11,21,21,30,臺中市,大里區,0,0,0,8,,,50,,,,,,,,,,,,,,,12,,,,,B12,,,1,,2,,,12,,1,22,,B12,120.690352,24.089911,3
2022,11,21,21,40,臺中市,南屯區,0,0,0,,,,50,,,,,,,,,,,,,,,43,,,,,B03,,,1,,1,,,43,,1,22,,B03,120.646343,24.135933,3
2022,11,21,21,40,臺中市,大里區,0,2,0,8,3,5,50,14,7,1,5,4,5,7,4,4,1,4,4,1,12,7,3,10,1,1,B12,7,8,1,8,2,15,,7,7,1,4,5,B12,120.698256,24.08159,2
2022,11,21,21,55,臺中市,西屯區,0,0,0,8,,,50,,,,,,,,,,,,,,,23,,,,,B03,,,1,,1,,,23,,1,22,,B03,120.643766,24.178804,3
2022,11,21,22,4,臺中市,沙鹿區,0,2,0,8,3,5,40,4,8,1,5,4,5,7,2,1,1,4,2,1,13,23,2,9,1,1,C03,7,9,1,10,2,11,,23,23,1,22,8,C03,120.571754,24.233961,2
2022,11,21,22,5,臺中市,沙鹿區,0,1,0,8,3,5,30,4,1,1,5,4,5,7,3,1,10,5,5,2,12,23,2,9,1,1,C03,7,9,1,10,2,12,,23,23,1,18,9,C03,120.56753,24.203261,2
2022,11,21,22,19,臺中市,清水區,0,2,0,8,3,5,40,14,8,1,5,4,5,7,4,4,1,4,4,2,13,16,2,9,1,1,C03,7,9,1,10,2,11,,16,16,1,21,8,C03,120.573658,24.265025,2
2022,11,21,22,22,臺中市,東區,1,3,0,8,3,5,50,4,1,1,5,4,5,7,1,1,10,5,5,2,16,26,1,9,1,1,F03,7,5,8,20,2,16,,26,26,1,5,8,F03,120.699357,24.14797,1
2022,11,21,22,32,臺中市,北屯區,0,0,0,8,,,50,,,,,,,,,,,,,,,23,,,,,B03,,,1,,1,,,23,,1,22,,B03,120.690494,24.192772,3
2022,11,21,22,33,臺中市,南屯區,0,1,0,8,3,5,40,4,1,1,5,4,5,7,1,1,5,4,4,2,17,23,3,10,1,1,B03,7,6,1,8,2,5,,23,23,1,22,8,B03,120.612569,24.138439,2
2022,11,21,22,49,臺中市,西屯區,0,0,0,8,,,50,,,,,,,,,,,,,,,12,,,,,B03,,,1,,1,,,12,,1,22,,B03,120.589246,24.176342,3
2022,11,21,22,55,臺中市,神岡區,0,0,0,8,,,50,,,,,,,,,,,,,,,12,,,,,B03,,,1,,2,,,12,,1,22,,B03,120.696714,24.253828,3
2022,11,21,22,56,臺中市,北屯區,0,3,0,8,3,5,50,4,1,1,5,4,5,7,4,4,10,5,5,2,13,16,2,9,1,1,C03,7,5,1,10,2,11,,16,16,1,4,8,C03,120.664016,24.18473,2
2022,11,22,0,27,臺中市,沙鹿區,0,2,0,8,3,5,50,3,1,1,5,4,5,7,3,1,1,4,4,2,17,8,2,9,1,1,F03,7,5,8,20,2,16,,8,8,1,5,9,F03,120.556749,24.222639,2
2022,11,22,3,27,臺中市,北屯區,0,0,0,8,3,5,40,14,8,1,5,4,5,7,4,4,4,3,4,2,13,42,3,10,1,1,B12,7,9,1,8,3,1,,42,42,1,21,8,B12,120.682625,24.179181,3
2022,11,22,3,27,臺中市,北屯區,0,0,0,8,,,50,,,,,,,,,,,,,,,23,,,,,B03,,,6,,2,,,23,,1,21,,B03,120.678568,24.201265,3
2022,11,22,5,2,臺中市,西屯區,0,1,0,8,3,5,50,14,9,1,5,4,5,7,4,4,5,4,5,2,17,42,2,9,3,4,C03,7,9,1,10,2,15,,42,42,1,22,9,C03,120.606098,24.190845,2
2022,11,22,5,8,臺中市,西屯區,0,0,0,8,,,50,,,,,,,,,,,,,,,42,,,,,A41,,,1,,2,,,42,,1,22,,A41,120.625936,24.155663,3
2022,11,22,5,30,臺中市,北屯區,0,1,0,8,1,5,50,4,1,1,5,4,5,7,1,1,10,5,5,2,13,23,3,10,1,1,B03,7,9,1,8,2,5,,23,23,1,21,8,B03,120.69275,24.168225,2
2022,11,22,5,36,臺中市,西區,0,1,0,8,3,5,50,5,1,1,5,4,5,7,2,1,10,5,5,2,16,6,2,9,1,1,F03,7,5,8,20,2,16,,6,6,1,5,8,F03,120.662595,24.132143,2
2022,11,22,6,42,臺中市,西屯區,0,0,0,8,,,30,,,,,,,,,,,,,,,23,,,,,B03,,,1,,1,,,23,,1,4,,B03,120.623866,24.196286,3
2022,11,22,6,44,臺中市,潭子區,0,1,0,8,1,5,50,14,9,1,5,4,5,7,4,4,1,4,5,2,26,23,2,8,1,1,B03,7,9,1,8,2,8,,23,23,1,22,9,B03,120.710581,24.202962,2
2022,11,22,6,52,臺中市,南屯區,0,0,0,8,2,5,50,3,2,1,5,4,5,7,4,4,5,5,5,2,12,23,3,10,1,1,C03,7,9,1,10,11,11,12,23,23,2,20,7,C03,120.653803,24.141086,3
2022,11,22,7,0,臺中市,神岡區,0,2,0,8,1,5,30,3,2,1,5,4,5,5,4,4,10,5,5,2,16,8,2,9,1,1,C03,7,5,1,10,2,11,,8,8,1,22,9,C03,120.657256,24.272641,2
2022,11,22,7,10,臺中市,南屯區,0,0,0,8,,,40,,,,,,,,,,,,,,,12,,,,,B03,,,1,,1,,,12,,1,22,,B03,120.636931,24.136425,3
2022,11,22,7,10,臺中市,大里區,0,0,0,8,,,50,,,,,,,,,,,,,,,16,,,,,B03,,,1,,2,,,16,,1,21,,B03,120.696329,24.11111,3
2022,11,22,7,10,臺中市,大里區,0,1,0,8,1,5,40,3,1,1,5,4,5,7,4,4,10,5,5,2,12,6,3,10,1,1,G03,7,6,1,1,2,5,,6,6,1,10,8,G03,120.670068,24.11114,2
2022,11,22,7,11,臺中市,西屯區,0,1,0,8,1,5,40,3,1,1,5,4,5,7,1,1,4,3,4,2,16,6,3,10,1,1,B03,7,6,1,8,2,2,,6,6,1,22,8,B03,120.61034,24.188182,2
2022,11,22,7,11,臺中市,西屯區,0,1,0,8,1,5,50,14,9,1,5,4,5,7,4,4,5,5,5,2,16,26,3,10,3,4,B03,7,5,1,8,2,8,,26,26,1,22,8,B03,120.636186,24.168366,2
2022,11,22,7,15,臺中市,清水區,0,1,0,8,1,5,50,3,1,1,5,4,5,7,4,4,5,5,5,1,16,6,3,10,1,1,F03,7,5,8,20,2,15,,6,6,1,21,8,F03,120.568557,24.281061,2
2022,11,22,7,15,臺中市,沙鹿區,0,1,0,8,1,5,30,14,9,1,5,4,5,7,4,4,10,5,5,2,17,42,2,9,1,1,C03,7,9,3,18,2,11,,42,42,1,4,8,C03,120.603044,24.240742,2
2022,11,22,7,17,臺中市,西屯區,0,0,0,8,,,50,,,,,,,,,,,,,,,23,,,,,B03,,,1,,1,,,23,23,1,22,,B03,120.615241,24.187761,3
2022,11,22,7,18,臺中市,東區,0,1,0,8,1,5,50,4,1,1,5,4,5,7,1,1,10,5,5,2,16,6,3,10,1,1,C03,7,6,1,10,2,12,,6,6,1,22,8,C03,120.697163,24.133106,2
2022,11,22,7,18,臺中市,豐原區,0,0,0,,,,30,,,,,,,,,,,,,,,23,,,,,B03,,,1,,2,,,23,23,1,4,,B03,120.71363,24.239408,3
2022,11,22,7,24,臺中市,北屯區,0,1,0,8,1,5,40,14,8,1,5,4,5,7,4,4,5,5,4,2,16,19,3,10,1,1,B03,7,1,1,8,2,8,,19,19,1,22,8,B03,120.676318,24.174895,2
2022,11,22,7,25,臺中市,北區,0,2,0,8,1,5,50,4,1,1,5,4,5,7,4,4,5,5,5,2,17,6,2,9,1,1,C03,7,9,1,10,2,11,,6,6,1,22,8,C03,120.674841,24.147827,2
2022,11,22,7,26,臺中市,北區,0,0,0,,,,40,,,,,,,,,,,,,,,19,,,,,B03,,,1,,1,,,19,,1,21,,B03,120.672687,24.167981,3
2022,11,22,7,26,臺中市,南屯區,0,0,0,8,,,40,,,,,,,,,,,,,,,23,,,,,B01,,,1,4,1,,,23,23,1,12,,B01,120.614676,24.145415,3
2022,11,22,7,26,臺中市,西屯區,0,0,0,8,,,80,,,,,,,,,,,,,,,16,,,,,B03,,,1,,1,,,16,,1,22,,B03,120.660455,24.200883,3
2022,11,22,7,26,臺中市,龍井區,0,0,0,8,,,40,,,,,,,,,,,,,,,23,,,,,B03,,,1,,2,,,23,,1,9,,B03,120.542894,24.218365,3
2022,11,22,7,28,臺中市,北屯區,0,0,0,8,,,30,,,,,,,,,,,,,,,6,,,,,B03,,,1,,1,,,6,,1,5,,B03,120.692125,24.18378,3
2022,11,22,7,30,臺中市,大雅區,0,0,0,8,,,50,,,,,,,,,,,,,,,44,,,,,B03,,,1,,9,,,44,,1,22,,B03,120.649868,24.221524,3
2022,11,22,7,31,臺中市,大里區,0,2,0,8,1,5,40,14,8,1,5,4,5,7,4,4,1,4,1,1,12,23,3,10,1,1,C03,7,9,1,10,2,11,,23,23,1,5,8,C03,120.669688,24.083896,2
2022,11,22,7,32,臺中市,豐原區,0,0,0,8,,,50,,,,,,,,,,,,,,,12,,,,,B03,,,1,,2,,,12,,1,22,,B03,120.736337,24.251143,3
2022,11,22,7,35,臺中市,潭子區,0,0,0,8,,,50,,,,,,,,,,,,,,,23,,,,,B03,,,1,,2,,,23,,1,22,,B03,120.739226,24.206163,3
2022,11,22,7,35,臺中市,南屯區,0,2,0,8,1,5,50,3,1,1,5,4,5,7,4,4,10,5,5,2,16,6,2,9,3,4,C03,7,5,1,10,2,12,,6,6,1,12,8,C03,120.610283,24.138594,2
2022,11,22,7,35,臺中市,大甲區,0,1,0,8,1,5,70,3,1,1,5,4,5,7,4,4,10,5,5,2,16,26,3,10,1,1,B03,7,5,1,8,2,1,5,26,26,1,4,8,B03,120.608703,24.327243,2
2022,11,22,7,40,臺中市,大里區,0,0,0,8,,,50,,,,,,,,,,,,,,,16,,,,,C03,,,1,,1,,,16,,1,22,,C03,120.692758,24.100488,3
2022,11,22,7,41,臺中市,西區,0,1,0,8,1,5,50,14,8,1,5,4,5,7,4,4,1,5,1,2,13,16,2,9,3,4,C03,7,9,1,10,1,11,,16,16,1,21,8,C03,120.663635,24.155123,2
2022,11,22,7,42,臺中市,豐原區,0,0,0,8,,,50,,,,,,,,,,,,,,,8,,,,,C03,,,1,,2,,,8,,1,22,,C03,120.72044,24.262404,3
2022,11,22,7,43,臺中市,西屯區,0,0,0,8,,,50,,,,,,,,,,,,,,,16,,,,,B03,,,1,,1,,,16,,1,22,,B03,120.643884,24.160549,3
2022,11,22,7,43,臺中市,太平區,0,1,0,8,1,5,50,3,2,1,5,4,5,7,4,4,1,4,5,2,18,23,2,9,1,1,C03,7,9,1,10,2,14,,23,23,1,21,8,C03,120.72172,24.144184,2
2022,11,22,7,45,臺中市,神岡區,0,1,0,8,1,5,60,4,1,1,5,4,5,7,1,1,1,4,5,1,16,25,3,10,1,4,B03,7,5,1,8,2,5,,44,14,1,22,9,B03,120.676918,24.242262,2
2022,11,22,7,46,臺中市,豐原區,0,0,0,8,,,50,,,,,,,,,,,,,,,17,,,,,B03,,,1,,2,,,17,,1,4,,B03,120.721458,24.253761,3
2022,11,22,7,49,臺中市,太平區,0,0,0,8,,,40,,,,,,,,,,,,,,,4,,,,,C03,,,1,,2,,,4,,1,5,,C03,120.724766,24.111826,3
2022,11,22,7,50,臺中市,潭子區,0,1,0,8,1,5,50,3,2,1,5,4,5,7,1,1,5,4,4,1,13,23,2,7,1,1,C03,7,9,1,10,2,11,,23,23,1,22,9,C03,120.715354,24.20476,2
2022,11,22,7,50,臺中市,北屯區,0,1,0,8,1,5,50,14,7,1,5,4,5,7,4,4,5,4,4,2,17,19,3,10,1,1,B03,7,1,1,8,2,8,,19,19,1,5,8,B03,120.717116,24.167318,2
2022,11,22,7,53,臺中市,北屯區,0,0,0,8,,,40,,,,,,,,,,,,,,,16,,,,,B03,,,1,,1,,,16,,1,21,,B03,120.720781,24.165669,3
2022,11,22,7,53,臺中市,北屯區,0,2,0,8,1,5,40,14,8,1,5,4,5,7,4,4,1,4,4,2,9,54,2,9,4,5,H01,8,20,8,20,9,16,,54,54,1,5,1,H01,120.686409,24.183901,2
2022,11,22,7,57,臺中市,西屯區,0,1,0,8,1,5,50,4,1,1,5,4,5,7,1,1,10,5,5,2,16,8,3,10,1,1,B03,7,5,1,8,2,8,,8,8,1,21,1,B03,120.652105,24.167675,2
2022,11,22,7,57,臺中市,神岡區,0,0,0,8,,,60,,,,,,,,,,,,,,,23,,,,,B03,,,1,,1,,,23,,1,22,,B03,120.646125,24.25594,3
2022,11,22,7,58,臺中市,南區,0,0,0,8,,,50,,,,,,,,,,,,,,,43,,,,,C03,,,1,10,9,,,43,43,1,21,,C03,120.655776,24.114866,3
2022,11,22,7,59,臺中市,西屯區,0,0,0,8,,,40,,,,,,,,,,,,,,,12,,,,,B03,,,1,,1,,,12,,1,22,,B03,120.636176,24.168333,3
2022,11,22,8,0,臺中市,豐原區,0,0,0,8,1,5,50,14,9,1,5,4,5,7,4,4,1,4,1,1,13,16,3,10,1,1,A11,7,9,1,7,2,1,,16,16,1,22,8,A11,120.752088,24.271642,3
2022,11,22,8,4,臺中市,東區,0,0,0,,,,50,,,,,,,,,,,,,,,23,,,,,B03,,,1,,2,,,23,,1,5,,B03,120.693436,24.148001,3
2022,11,22,8,5,臺中市,南屯區,0,2,0,8,1,5,50,4,1,1,5,4,5,7,1,1,10,5,5,2,13,16,2,9,3,4,C03,7,9,1,10,2,11,,16,16,1,12,8,C03,120.611728,24.135717,2
2022,11,22,8,6,臺中市,大里區,0,0,0,8,,,30,,,,,,,,,,,,,,,12,,,,,B01,,,1,,2,,,12,,1,10,,B01,120.690338,24.120136,3
2022,11,22,8,13,臺中市,西屯區,0,1,0,8,1,5,50,14,9,2,5,4,5,7,4,4,10,5,5,2,17,43,2,9,1,1,C03,7,9,1,10,2,14,,43,43,1,22,8,C03,120.608213,24.162603,2
2022,11,22,8,19,臺中市,大里區,0,1,0,8,1,5,50,4,1,1,5,4,5,7,4,4,10,5,5,2,16,42,3,10,1,1,B03,7,6,1,8,2,2,,42,42,1,12,8,B03,120.708853,24.083352,2
2022,11,22,8,20,臺中市,潭子區,0,0,0,8,,,50,,,,,,,,,,,,,,,5,,,,,B03,,,1,,2,,,5,5,1,22,,B03,120.67959,24.205631,3
2022,11,22,8,20,臺中市,大里區,0,0,0,8,,,50,,,,,,,,,,,,,,,23,,,,,B03,,,1,,2,,,23,,1,3,,B03,120.690384,24.07811,3
2022,11,22,8,21,臺中市,大肚區,0,1,0,8,1,5,50,14,9,1,5,4,5,7,4,4,9,5,5,1,13,23,3,10,1,1,C03,7,9,1,10,2,11,,23,23,1,2,1,C03,120.578307,24.167081,2
2022,11,22,8,21,臺中市,大肚區,0,0,0,,,,30,,,,,,,,,,,,,,,19,,,,,C03,,,1,,2,,,19,19,1,22,,C03,120.552409,24.142763,3
2022,11,22,8,22,臺中市,西區,0,1,0,8,1,5,50,4,1,1,5,4,5,7,4,4,10,5,5,2,17,6,3,10,1,1,B02,7,6,1,8,2,1,,6,6,1,4,1,B02,120.660585,24.160795,2
2022,11,22,8,23,臺中市,潭子區,0,2,0,8,1,5,50,4,1,1,5,4,5,7,1,1,1,4,5,2,15,25,3,10,1,1,B12,7,9,1,8,2,1,5,25,25,1,22,8,B12,120.7106,24.203091,2
2022,11,22,8,23,臺中市,西屯區,0,1,0,8,1,5,50,3,1,1,5,4,5,7,4,4,10,5,5,2,16,8,3,10,1,1,B03,7,5,1,8,2,4,,8,8,1,22,8,B03,120.646645,24.17212,2
2022,11,22,8,23,臺中市,梧棲區,0,1,0,8,1,5,50,3,2,1,5,4,5,7,2,1,10,5,5,2,16,23,2,9,1,1,C03,7,6,1,10,2,14,,23,23,1,11,1,C03,120.537031,24.252287,2
2022,11,22,8,25,臺中市,豐原區,0,0,0,8,,,50,,,,,,,,,,,,,,,6,,,,,C03,,,1,,2,,,6,6,1,22,,C03,120.753128,24.272746,3
2022,11,22,8,27,臺中市,潭子區,0,1,0,8,1,5,60,14,8,1,5,4,5,7,4,4,1,4,4,1,13,23,3,10,1,1,B12,7,14,1,8,2,7,,38,23,1,22,8,B12,120.709959,24.234751,2
2022,11,22,8,30,臺中市,西區,0,2,0,8,1,5,50,14,9,1,5,4,5,7,4,4,5,4,5,2,17,23,2,9,1,1,C03,7,9,1,10,2,11,,23,23,1,21,8,C03,120.676453,24.139392,2
2022,11,22,8,31,臺中市,西區,0,0,0,8,,,50,,,,,,,,,,,,,,,16,,,,,B03,,,1,,1,,,16,,1,21,,B03,120.658341,24.155253,3
2022,11,22,8,34,臺中市,西屯區,0,0,0,8,,,70,,,,,,,,,,,,,,,23,,,,,B03,,,1,,1,,,23,,1,22,,B03,120.61181,24.184664,3
2022,11,22,8,34,臺中市,豐原區,0,1,0,8,1,5,30,14,9,1,5,4,5,7,4,4,10,5,5,1,11,17,2,9,1,1,F03,7,9,8,20,2,16,,17,17,1,4,1,F03,120.733352,24.27078,2
2022,11,22,8,37,臺中市,南屯區,0,2,0,8,1,5,50,14,7,1,5,4,5,7,4,4,5,5,4,2,17,19,2,9,1,1,C03,7,1,1,10,2,14,,19,19,1,22,8,C03,120.637167,24.137826,2
2022,11,22,8,41,臺中市,北屯區,0,1,0,8,1,5,50,14,9,1,5,4,5,7,4,4,9,5,5,2,13,23,2,8,1,1,B03,7,9,1,8,2,5,,23,23,1,5,8,B03,120.687568,24.179116,2
2022,11,22,8,43,臺中市,西屯區,0,2,0,8,1,5,50,4,1,1,5,4,5,7,2,1,10,5,5,2,16,25,2,9,1,1,C03,7,9,1,10,2,11,,25,25,1,21,1,C03,120.634183,24.163671,2
2022,11,22,8,45,臺中市,南區,0,0,0,8,,,50,,,,,,,,,,,,,,,17,,,,,B03,,,1,,2,,,17,,1,22,,B03,120.661216,24.13236,3
2022,11,22,8,46,臺中市,大里區,0,0,0,8,,,30,,,,,,,,,,,,,,,19,,,,,B12,,,1,,1,,,19,,1,22,,B12,120.696275,24.065368,3
2022,11,22,8,48,臺中市,霧峰區,0,1,0,8,1,5,50,14,13,1,5,4,5,7,4,4,9,4,5,1,16,1,2,8,1,1,C03,7,4,1,10,2,14,,1,1,1,18,8,C03,120.740348,24.064059,2
2022,11,22,8,50,臺中市,西屯區,0,1,0,8,1,5,40,14,8,1,5,4,5,7,4,4,1,4,4,2,16,19,3,10,3,4,C03,7,1,1,10,2,11,12,19,19,1,22,8,C03,120.634265,24.179748,2
2022,11,22,8,54,臺中市,南區,0,0,0,8,,,50,,,,,,,,,,,,,,,16,,,,,B03,,,1,8,2,,,16,16,1,21,,B03,120.670781,24.127406,3
2022,11,22,8,57,臺中市,西屯區,0,2,0,8,1,5,50,11,9,1,5,4,5,7,4,4,4,5,5,2,16,26,3,10,1,1,B03,7,5,1,8,1,8,,26,26,1,22,8,B03,120.640561,24.184485,2
2022,11,22,9,0,臺中市,大里區,0,2,0,8,1,5,30,3,1,1,5,4,5,7,4,4,10,5,5,2,16,6,3,10,1,1,B03,7,5,1,8,2,8,,6,6,1,4,8,B03,120.684637,24.112431,2
2022,11,22,9,1,臺中市,東區,0,1,0,8,1,5,50,4,1,1,5,4,5,7,1,1,10,5,5,2,12,17,3,10,1,1,B03,7,9,1,8,2,2,,17,17,1,5,8,B03,120.69791,24.147908,2
2022,11,22,9,1,臺中市,西屯區,0,0,0,8,,,30,,,,,,,,,,,,,,,17,,,,,B03,,,1,,1,,,17,,1,22,,B03,120.651458,24.159489,3
2022,11,22,9,4,臺中市,西屯區,0,0,0,8,,,50,,,,,,,,,,,,,,,44,,,,,B12,,,1,,2,,,19,23,1,22,,B12,120.605336,24.160266,3
2022,11,22,9,5,臺中市,北區,0,1,0,8,1,5,50,3,1,1,5,4,5,7,4,4,5,4,4,2,16,10,3,10,1,1,B02,7,11,1,4,2,1,,10,10,1,22,8,B02,120.683166,24.153638,2
2022,11,22,9,7,臺中市,龍井區,0,1,0,8,1,5,50,4,1,1,5,4,5,7,1,1,10,5,5,2,17,6,3,10,1,1,B03,7,6,1,8,2,6,,6,6,1,21,8,B03,120.574501,24.181213,2
2022,11,22,9,9,臺中市,西屯區,0,1,0,8,1,5,50,14,9,1,5,4,5,7,4,4,5,5,5,2,12,17,3,10,1,1,B03,7,9,1,8,2,2,,17,17,1,19,8,B03,120.638351,24.180496,2
2022,11,22,9,10,臺中市,南區,0,1,0,8,1,5,50,4,1,1,5,4,5,7,1,1,10,5,5,2,16,23,3,10,1,1,B03,7,6,1,8,2,8,,23,23,1,22,8,B03,120.670861,24.123668,2
2022,11,22,9,16,臺中市,南區,0,0,0,8,,,50,,,,,,,,,,,,,,,44,,,,,B03,,,1,,11,,,44,,1,22,,B03,120.676599,24.132733,3
2022,11,22,9,22,臺中市,北屯區,0,0,0,8,,,50,,,,,,,,,,,,,,,8,,,,,B03,,,1,,2,,,8,,1,5,,B03,120.673423,24.201383,3
2022,11,22,9,25,臺中市,南屯區,0,2,0,8,1,5,50,4,1,1,5,4,5,7,1,1,4,3,5,2,12,9,2,9,1,1,C03,7,6,1,10,2,14,12,9,9,1,22,8,C03,120.620846,24.139938,2
2022,11,22,9,26,臺中市,南屯區,0,0,0,8,,,40,,,,,,,,,,,,,,,7,,,,,C03,,,1,,2,,,23,44,1,22,,C03,120.624108,24.152316,3
2022,11,22,9,28,臺中市,清水區,1,0,0,8,1,5,50,14,9,1,5,4,5,7,3,1,5,5,4,1,15,6,1,9,1,1,C03,7,9,1,10,2,12,,6,6,1,5,1,C03,120.541214,24.288217,1
2022,11,22,9,30,臺中市,大雅區,0,0,0,8,,,30,,,,,,,,,,,,,,,17,,,,,B03,,,1,,1,,,17,,1,22,,B03,120.641334,24.228349,3
2022,11,22,9,30,臺中市,南屯區,0,0,0,8,,,50,,,,,,,,,,,,,,,23,,,,,B03,,,1,,1,,,23,,1,22,,B03,120.641331,24.151159,3
2022,11,22,9,37,臺中市,豐原區,0,1,0,8,1,5,50,3,1,1,5,4,5,7,4,4,10,5,5,2,17,6,3,10,3,4,B03,7,6,1,8,2,15,,6,6,1,22,8,B03,120.745001,24.259059,2
2022,11,22,9,40,臺中市,新社區,0,1,0,8,1,5,50,5,2,1,5,4,5,7,4,4,10,5,5,2,16,6,3,10,1,1,B03,7,5,1,8,2,2,,6,6,1,22,9,B03,120.790125,24.208028,2
2022,11,22,9,43,臺中市,太平區,0,1,0,8,1,5,50,14,9,1,5,4,5,7,4,4,5,4,4,2,17,23,2,9,1,1,C03,7,9,1,10,2,12,,23,23,1,5,8,C03,120.700513,24.148379,2
2022,11,22,9,52,臺中市,北屯區,0,1,0,8,1,5,50,4,1,1,5,4,5,7,2,1,10,5,5,2,16,25,2,9,1,1,F03,7,9,8,20,2,16,,25,25,1,20,8,F03,120.68226,24.18544,2
2022,11,22,9,53,臺中市,北屯區,0,1,0,8,1,5,50,14,9,1,5,4,5,7,4,4,5,4,5,2,12,7,3,10,1,1,C03,7,10,1,10,2,13,,7,7,1,5,8,C03,120.703713,24.169604,2
2022,11,22,9,53,臺中市,大里區,0,1,0,8,1,5,50,4,1,1,5,4,5,7,1,1,1,4,5,2,17,6,3,10,3,4,B03,7,5,1,8,2,1,,6,6,1,12,8,B03,120.695071,24.09721,2
2022,11,22,9,55,臺中市,后里區,0,1,0,7,1,5,50,4,2,1,5,4,5,7,4,4,9,5,5,1,29,33,3,10,1,1,A12,7,5,1,3,2,9,,33,33,1,9,4,A12,120.73078,24.30784,2
2022,11,22,9,58,臺中市,西區,0,2,0,8,1,5,50,4,1,1,5,4,5,7,2,1,10,5,5,2,17,6,2,9,1,1,C03,7,5,1,10,2,11,,6,6,1,21,8,C03,120.656184,24.13656,2
2022,11,22,10,5,臺中市,北屯區,0,1,0,8,1,5,40,3,1,1,5,4,5,7,4,4,10,5,5,2,9,60,3,10,1,1,B03,7,6,1,8,2,1,,44,60,1,22,8,B03,120.723029,24.164858,2
2022,11,22,10,18,臺中市,南屯區,0,2,0,8,1,5,50,14,9,1,5,4,5,7,4,4,4,3,4,2,12,23,2,7,1,1,C03,7,9,3,18,2,12,,23,23,1,22,8,C03,120.620574,24.140021,2
2022,11,22,10,19,臺中市,沙鹿區,0,0,0,8,,,50,,,,,,,,,,,,,,,18,,,,,B03,,,1,,2,,,18,18,1,21,,B03,120.579219,24.223751,3
2022,11,22,10,21,臺中市,南屯區,0,1,0,8,1,5,40,3,1,1,5,4,5,7,4,4,10,5,5,2,17,23,2,9,1,1,C03,7,9,1,10,2,11,12,23,23,1,22,8,C03,120.640635,24.154672,2