年,月,日,時,分,縣市,區,死,受傷,2-30,天候,光線,道路類別,速限,道路型態,事故位置,路面鋪裝,路面狀態,路面缺陷,障礙物,視距,號誌種類,號誌動作,分向設施,快車道或一般車道間,快慢車道間,路面邊線,事故類型及型態,主要肇因,受傷程度,主要傷處,保護裝備,行動電話,當事者區分,車輛用途,當事者行動狀態,駕駛資格情形,駕駛執照種類,飲酒情形,車輛撞擊部位最初,車輛撞擊部位其他,肇事因素個別,肇事因素主要,肇事逃逸,職業,旅次目的,車種,GPS緯度,GPS經度,事故類別
2022,11,23,7,35,臺中市,西屯區,0,0,0,8,,,50,,,,,,,,,,,,,,,7,,,,,B03,,,1,,1,,,7,,1,22,,B03,120.631865,24.170688,3
2022,11,23,7,38,臺中市,南屯區,0,0,0,8,,,50,,,,,,,,,,,,,,,23,,,,,B03,,,1,,11,,,23,,1,5,,B03,120.615024,24.153779,3
2022,11,23,7,40,臺中市,北屯區,0,1,0,6,1,5,50,3,1,1,4,4,5,7,4,4,10,5,5,2,18,42,2,9,3,4,C03,7,9,1,10,2,15,,42,42,1,21,8,C03,120.685355,24.189999,2
2022,11,23,7,40,臺中市,西屯區,0,1,0,7,1,5,50,3,1,1,5,4,5,7,2,1,10,5,5,2,15,25,3,10,1,1,C03,7,9,1,10,2,11,,25,25,1,21,8,C03,120.621527,24.172852,2
2022,11,23,7,42,臺中市,龍井區,0,1,0,6,1,5,50,3,9,1,4,4,5,7,4,4,5,5,5,1,17,6,3,10,3,4,B03,7,6,1,8,2,4,,6,6,1,9,1,B03,120.52587,24.203171,2
2022,11,23,7,43,臺中市,北屯區,0,2,0,8,1,5,50,3,1,1,5,4,5,7,4,4,10,5,5,2,16,19,2,9,1,1,C03,7,1,1,10,2,11,12,19,19,1,5,8,C03,120.685201,24.179124,2
2022,11,23,7,45,臺中市,南屯區,0,0,0,8,,,50,,,,,,,,,,,,,,,23,,,,,B03,,,3,,2,,,23,,1,22,,B03,120.625293,24.140547,3
2022,11,23,7,48,臺中市,大雅區,0,2,0,6,1,5,60,14,8,1,4,4,5,7,4,4,10,4,5,1,13,23,2,9,1,1,C03,7,9,1,10,2,11,,23,23,1,22,9,C03,120.656323,24.230925,2
2022,11,23,7,48,臺中市,西屯區,0,0,0,6,,,50,,,,,,,,,,,,,,,26,,,,,C03,,,1,,2,,,26,26,1,22,,C03,120.620206,24.182698,3
2022,11,23,7,50,臺中市,南區,0,1,0,8,1,5,50,14,9,1,5,4,5,7,4,4,5,5,5,2,17,23,2,9,1,1,C03,7,9,1,10,2,11,,23,23,1,22,8,C03,120.6596,24.129251,2
2022,11,23,7,50,臺中市,北屯區,0,1,0,8,1,5,50,3,1,1,5,4,5,7,1,1,10,5,5,2,16,26,2,9,1,1,C03,7,5,1,10,2,12,14,26,26,1,5,8,C03,120.714888,24.182338,2
2022,11,23,7,50,臺中市,太平區,0,1,0,6,1,5,50,4,7,1,4,4,3,7,4,4,5,5,4,1,13,16,2,9,1,1,C03,7,9,1,10,2,11,,16,16,1,5,8,C03,120.730608,24.111388,2
2022,11,23,7,53,臺中市,西屯區,0,1,0,6,1,5,50,14,9,1,4,4,5,7,4,4,4,3,5,2,16,25,3,10,1,1,B03,7,11,1,8,2,4,,25,25,1,22,8,B03,120.614401,24.178512,2
2022,11,23,7,55,臺中市,東區,0,0,0,8,,,30,,,,,,,,,,,,,,,23,,,,,B03,,,1,,9,,,23,,2,22,,B03,120.705356,24.130798,3
2022,11,23,7,55,臺中市,西屯區,0,1,0,8,1,5,50,4,1,1,5,4,5,7,1,1,10,5,5,2,16,6,3,10,1,1,B03,7,5,1,8,2,8,,6,6,1,22,8,B03,120.624749,24.179831,2
2022,11,23,7,57,臺中市,大雅區,0,1,0,6,1,5,50,4,1,1,4,4,5,7,1,1,1,5,5,1,17,9,3,10,1,1,B03,7,6,1,8,2,2,,9,9,1,21,8,B03,120.654629,24.226482,2
2022,11,23,7,57,臺中市,北屯區,0,0,0,6,,,50,,,,,,,,,,,,,,,7,,,,,A11,,,1,,1,,,7,7,1,10,,A11,120.668128,24.179338,3
2022,11,23,7,57,臺中市,豐原區,0,1,0,6,1,5,30,13,9,1,4,4,5,7,4,4,10,5,5,2,15,6,3,10,1,1,B03,7,9,1,8,2,4,,6,6,1,4,1,B03,120.724669,24.239563,2
2022,11,23,7,58,臺中市,豐原區,0,1,0,6,1,5,50,4,2,1,4,4,5,7,1,1,10,5,5,2,18,42,2,9,1,1,C03,7,9,1,10,2,11,,42,42,1,22,8,C03,120.723621,24.24477,2
2022,11,23,8,0,臺中市,南屯區,0,0,0,8,,,50,,,,,,,,,,,,,,,23,,,,,C03,,,1,,1,,,23,,1,5,,C03,120.612531,24.138296,3
2022,11,23,8,1,臺中市,西屯區,0,1,0,6,1,5,50,14,9,1,4,4,5,7,4,4,9,4,5,2,13,42,2,9,1,1,C03,7,9,1,10,2,11,,42,42,1,22,8,C03,120.591433,24.179011,2
2022,11,23,8,4,臺中市,太平區,0,1,0,6,1,5,50,3,1,1,4,4,5,7,3,1,5,5,4,1,18,23,2,9,1,1,C03,7,9,1,10,2,14,,23,23,1,5,8,C03,120.730131,24.110099,2
2022,11,23,8,4,臺中市,大甲區,0,1,0,7,1,5,50,4,1,1,5,4,5,7,1,1,10,5,5,2,16,6,3,10,1,1,B03,7,5,1,8,2,1,,6,6,1,4,1,B03,120.618595,24.367655,2
2022,11,23,8,5,臺中市,大甲區,0,1,0,6,1,5,30,4,1,1,4,4,5,7,4,4,10,5,5,2,16,9,3,10,1,1,B03,7,6,1,8,2,8,,9,9,1,4,1,B03,120.628198,24.34535,2
2022,11,23,8,7,臺中市,西屯區,0,2,0,6,1,5,40,14,8,1,4,4,5,7,4,4,1,5,1,2,29,16,2,9,1,1,C03,7,9,1,10,2,11,,16,16,1,21,1,C03,120.598166,24.181826,2
2022,11,23,8,11,臺中市,太平區,0,1,0,6,1,5,30,4,1,1,4,4,5,7,4,4,5,5,5,2,15,6,3,10,1,1,B03,7,9,1,8,2,8,,6,6,1,21,8,B03,120.724927,24.142906,2
2022,11,23,8,12,臺中市,沙鹿區,0,1,0,6,1,5,40,3,1,1,4,4,5,7,4,4,1,4,1,1,18,42,2,9,1,1,C03,7,9,1,10,2,14,,42,42,1,18,8,C03,120.581639,24.208836,2
2022,11,23,8,14,臺中市,大雅區,0,1,0,7,1,5,50,14,9,1,4,4,5,7,4,4,1,4,4,1,17,7,3,10,1,1,B03,7,8,1,8,2,2,,7,7,1,21,8,B03,120.646738,24.222107,2
2022,11,23,8,15,臺中市,大里區,0,0,0,6,,,50,,,,,,,,,,,,,,,23,,,,,C03,,,1,,2,,,23,,1,9,,C03,120.716819,24.098606,3
2022,11,23,8,18,臺中市,北區,0,1,0,8,1,5,50,4,2,1,5,4,5,7,2,1,5,4,4,1,18,23,2,9,3,4,C03,7,6,1,10,2,12,,23,23,1,22,9,C03,120.687956,24.15399,2
2022,11,23,8,18,臺中市,南區,0,0,0,8,,,50,,,,,,,,,,,,,,,23,,,,,B03,,,1,,2,,,23,23,1,22,,B03,120.679502,24.121082,3
2022,11,23,8,19,臺中市,大里區,0,1,0,7,1,5,50,4,2,1,4,4,5,7,2,1,5,5,5,1,12,7,2,9,1,1,F03,7,7,8,20,2,16,,7,7,1,21,8,F03,120.679973,24.109364,2
2022,11,23,8,21,臺中市,南區,0,1,0,8,1,5,50,14,9,1,5,4,5,7,4,4,5,5,5,2,17,42,3,10,1,1,C03,7,9,1,10,2,15,,42,42,1,22,8,C03,120.652498,24.122127,2
2022,11,23,8,21,臺中市,西屯區,0,0,0,6,,,50,,,,,,,,,,,,,,,42,,,,,B03,,,1,,1,,,42,42,1,4,,B03,120.628856,24.18084,3
2022,11,23,8,26,臺中市,大里區,0,1,0,7,1,5,50,3,1,1,5,4,5,7,4,4,5,4,4,1,16,9,3,10,1,1,B12,7,6,1,8,1,2,,9,9,1,5,8,B12,120.698283,24.109706,2
2022,11,23,8,29,臺中市,東區,0,1,0,7,1,5,50,4,2,1,5,4,5,7,1,1,10,5,5,2,18,43,2,9,1,1,C03,7,15,1,10,2,15,,43,43,1,22,8,C03,120.706609,24.14156,2
2022,11,23,8,29,臺中市,沙鹿區,0,1,0,6,1,5,50,5,1,1,4,4,5,7,1,1,10,5,5,2,17,26,3,10,1,1,B12,7,15,1,8,2,2,,26,26,1,19,5,B12,120.558611,24.227777,2
2022,11,23,8,30,臺中市,東區,0,0,0,8,,,40,,,,,,,,,,,,,,,12,,,,,B03,,,1,,1,,,12,,1,22,,B03,120.708056,24.139951,3
2022,11,23,8,30,臺中市,北屯區,0,2,0,6,1,5,50,14,9,1,4,4,5,7,4,4,3,4,5,2,13,16,2,9,1,1,C03,7,9,1,10,2,11,,16,16,1,22,8,C03,120.685565,24.174543,2
2022,11,23,8,30,臺中市,西屯區,0,1,0,6,1,5,40,14,8,1,4,4,5,7,4,4,1,5,1,2,13,16,3,10,1,1,C03,7,9,1,10,1,11,,16,16,1,22,8,C03,120.597358,24.181822,2
2022,11,23,8,32,臺中市,北屯區,0,1,0,6,1,5,50,11,9,1,4,4,5,7,4,4,1,4,5,2,12,1,3,10,3,4,B03,7,4,1,8,2,2,,1,1,1,21,8,B03,120.733854,24.159446,2
2022,11,23,8,35,臺中市,霧峰區,0,2,0,6,1,5,50,4,1,1,4,4,5,7,1,1,10,5,5,2,3,52,2,9,4,1,H01,8,16,8,20,1,16,,52,52,1,22,8,H01,120.698686,24.064478,2
2022,11,23,8,38,臺中市,西屯區,0,0,0,6,,,50,,,,,,,,,,,,,,,42,,,,,C03,,,1,,1,,,42,,1,22,,C03,120.657275,24.163224,3
2022,11,23,8,39,臺中市,南屯區,0,1,0,7,1,5,50,5,2,1,5,4,5,7,2,1,4,3,5,2,17,23,2,8,1,1,C03,7,9,1,10,2,12,,23,23,1,22,8,C03,120.648253,24.146778,2
2022,11,23,8,40,臺中市,西屯區,0,2,0,6,1,5,50,14,9,1,4,4,5,7,4,4,1,4,5,2,13,23,2,9,1,1,B12,7,9,1,8,1,1,,23,23,1,21,8,B12,120.648001,24.195826,2
2022,11,23,8,42,臺中市,西屯區,0,1,0,8,1,5,40,14,8,1,5,4,5,7,4,4,1,5,1,2,12,17,2,9,3,4,C03,7,9,1,10,2,15,,17,17,1,22,8,C03,120.615946,24.182604,2
2022,11,23,8,45,臺中市,西屯區,0,0,0,6,,,50,,,,,,,,,,,,,,,23,,,,,B03,,,1,,1,,,23,23,1,21,,B03,120.667288,24.175036,3
2022,11,23,8,52,臺中市,北屯區,0,1,0,8,1,5,50,4,1,1,5,4,5,7,2,1,10,5,5,2,16,6,3,10,1,1,B03,7,5,1,8,2,8,,6,6,1,5,8,B03,120.693547,24.181444,2
2022,11,23,8,53,臺中市,西屯區,0,0,0,6,,,50,,,,,,,,,,,,,,,16,,,,,B03,,,1,,1,,,16,,1,22,,B03,120.658103,24.167171,3
2022,11,23,8,53,臺中市,大安區,0,1,0,7,1,5,50,3,1,1,4,4,5,7,4,4,10,5,5,2,17,23,2,9,1,1,C03,7,9,1,10,2,12,,23,23,1,4,1,C03,120.590133,24.337176,2
2022,11,23,8,55,臺中市,大里區,0,1,0,6,1,5,50,4,1,1,4,4,5,7,1,1,10,5,5,2,18,42,2,9,1,1,C03,7,9,1,10,2,12,,42,42,1,12,8,C03,120.694518,24.082354,2
2022,11,23,8,59,臺中市,太平區,0,0,0,6,,,50,,,,,,,,,,,,,,,17,,,,,B12,,,1,,1,,,17,,1,21,,B12,120.714484,24.137092,3
2022,11,23,9,1,臺中市,西屯區,0,2,0,6,1,5,50,14,8,1,4,4,5,7,4,4,1,5,3,2,16,7,2,9,1,1,C03,7,7,1,10,2,14,,7,7,1,4,8,C03,120.627017,24.177111,2
2022,11,23,9,2,臺中市,太平區,0,1,0,6,1,5,50,14,9,1,4,4,5,7,4,4,5,5,5,2,17,23,2,9,1,1,C03,7,9,1,10,2,12,,23,23,1,5,8,C03,120.724956,24.106763,2
2022,11,23,9,5,臺中市,大里區,0,0,0,8,,,40,,,,,,,,,,,,,,,23,,,,,B03,,,1,,2,,,23,,1,22,,B03,120.693701,24.105761,3
2022,11,23,9,7,臺中市,北區,0,1,0,6,1,5,50,4,1,1,4,4,5,7,4,4,10,5,5,2,15,6,2,9,1,1,C03,7,9,1,10,2,11,,6,6,1,22,8,C03,120.66991,24.161613,2
2022,11,23,9,8,臺中市,后里區,0,1,0,7,1,5,60,4,9,1,4,4,5,7,1,1,1,3,4,1,13,16,3,10,1,1,C03,7,9,1,10,2,11,,16,16,1,21,1,C03,120.723683,24.294684,2
2022,11,23,9,10,臺中市,西屯區,0,1,0,6,1,5,40,4,1,1,4,4,5,7,4,4,10,5,5,2,15,6,2,9,3,4,C03,7,9,1,10,2,11,,6,6,1,22,8,C03,120.587813,24.170745,2
2022,11,23,9,14,臺中市,豐原區,0,0,0,6,,,50,,,,,,,,,,,,,,,26,,,,,A12,,,1,,2,,,26,,1,4,,A12,120.722861,24.277724,3
2022,11,23,9,16,臺中市,北屯區,0,1,0,6,1,5,50,4,1,1,4,4,5,7,1,1,10,5,5,2,16,6,3,10,1,1,B03,7,5,1,8,2,5,2,6,6,1,5,8,B03,120.71134,24.172263,2
2022,11,23,9,18,臺中市,南屯區,0,1,0,6,1,5,50,4,1,1,4,4,5,7,2,1,10,5,5,2,11,6,3,10,1,1,B01,7,5,1,4,2,1,,6,6,1,22,8,B01,120.649761,24.153599,2
2022,11,23,9,22,臺中市,南屯區,0,0,0,8,,,50,,,,,,,,,,,,,,,16,,,,,B03,,,1,8,1,,,16,16,1,12,,B03,120.652916,24.133497,3
2022,11,23,9,22,臺中市,霧峰區,0,1,0,6,1,5,70,11,9,1,4,4,5,7,4,4,2,4,5,1,29,13,2,3,1,1,B03,7,9,1,8,2,2,,13,13,1,22,8,B03,120.662353,24.071146,2
2022,11,23,9,23,臺中市,北屯區,0,0,0,6,,,50,,,,,,,,,,,,,,,9,,,,,B03,,,1,,1,,,9,9,1,10,,B03,120.705578,24.178463,3
2022,11,23,9,23,臺中市,西屯區,0,1,0,6,1,5,50,4,1,1,4,4,5,7,1,1,1,3,5,2,18,42,2,9,1,1,C03,7,9,1,10,2,14,,42,42,1,22,8,C03,120.646998,24.15576,2
2022,11,23,9,25,臺中市,豐原區,0,1,0,6,1,5,50,4,2,1,4,4,5,7,3,1,10,5,5,2,18,42,2,9,1,1,C03,7,9,1,10,2,11,,42,42,1,22,8,C03,120.720788,24.250591,2
2022,11,23,9,29,臺中市,北屯區,0,3,0,7,1,5,50,4,1,1,5,4,5,7,2,1,10,5,5,2,16,25,2,9,1,1,B03,7,5,1,8,2,2,,25,25,1,22,8,B03,120.721718,24.181651,2
2022,11,23,9,34,臺中市,南屯區,0,0,0,6,,,40,,,,,,,,,,,,,,,23,,,,,B12,,,1,,1,,,23,,1,22,,B12,120.622269,24.135094,3
2022,11,23,9,35,臺中市,北屯區,0,1,0,6,1,5,50,14,9,1,4,4,5,7,4,4,5,4,5,2,17,42,3,10,3,4,B03,7,15,1,8,2,4,,42,42,1,21,8,B03,120.726409,24.176368,2
2022,11,23,9,36,臺中市,潭子區,0,1,0,6,1,5,50,4,2,1,4,4,5,7,2,1,1,2,4,1,15,4,2,9,1,1,F01,7,9,8,20,2,16,,4,4,1,22,9,F01,120.691171,24.215865,2
2022,11,23,9,36,臺中市,西區,0,0,0,6,,,50,,,,,,,,,,,,,,,42,,,,,G03,,,8,,1,,,42,,1,21,,G03,120.664484,24.136691,3
2022,11,23,9,36,臺中市,西屯區,0,0,0,,,,50,,,,,,,,,,,,,,,42,,,,,B03,,,1,,2,,,42,,1,22,,B03,120.661469,24.171894,3
2022,11,23,9,40,臺中市,北屯區,0,1,0,8,1,5,50,4,1,1,5,4,5,7,2,1,10,5,5,2,9,43,3,10,1,1,A04,7,12,1,2,2,15,,43,43,1,5,8,A04,120.66065,24.191436,2
2022,11,23,9,42,臺中市,大雅區,0,0,0,8,,,30,,,,,,,,,,,,,,,17,,,,,B12,,,1,,2,,,44,17,1,22,,B12,120.631557,24.215903,3
2022,11,23,9,46,臺中市,南區,0,0,0,6,,,50,,,,,,,,,,,,,,,23,,,,,B03,,,1,,1,,,23,,1,22,,B03,120.650702,24.120156,3
2022,11,23,9,46,臺中市,南區,0,1,0,6,1,5,50,3,1,1,4,4,5,7,1,1,1,4,5,2,17,13,2,9,1,1,C03,7,9,1,10,2,14,,13,13,1,21,8,C03,120.645582,24.110447,2
2022,11,23,9,49,臺中市,北區,0,1,0,6,1,5,50,3,2,1,4,4,5,7,4,4,5,4,4,2,18,42,2,9,1,1,C03,7,9,1,10,2,14,,42,42,1,22,8,C03,120.694252,24.160375,2
2022,11,23,9,49,臺中市,北區,0,1,0,8,3,5,50,4,3,1,4,4,5,7,4,4,3,2,4,1,17,23,2,9,3,4,C03,7,9,1,10,2,12,,23,23,1,22,9,C03,120.67561,24.149738,2
2022,11,23,9,51,臺中市,北屯區,0,1,0,8,1,5,50,4,1,1,5,4,5,7,1,1,10,5,5,2,16,9,3,10,1,1,B12,7,6,1,8,2,5,,9,9,1,5,8,B12,120.702145,24.18481,2
2022,11,23,9,53,臺中市,東區,0,1,0,6,1,5,40,14,8,1,4,4,5,7,4,4,3,4,4,2,2,23,3,10,4,1,F06,7,9,8,20,1,16,,23,23,1,22,8,F06,120.691544,24.132338,2
2022,11,23,9,55,臺中市,大里區,0,1,0,6,1,5,40,4,1,1,4,4,5,7,4,4,5,4,5,1,12,23,3,10,1,1,B12,7,9,1,2,2,1,,23,23,1,21,8,B12,120.687251,24.09388,2
2022,11,23,9,56,臺中市,西區,0,1,0,6,1,5,50,3,1,1,4,4,5,7,4,4,5,5,5,2,16,6,3,10,3,4,B03,7,5,1,8,2,1,,6,6,1,21,8,B03,120.667863,24.144395,2
2022,11,23,9,59,臺中市,烏日區,0,0,0,6,,,30,,,,,,,,,,,,,,,12,,,,,B02,,,1,,2,,,12,,1,22,,B02,120.587963,24.136832,3
2022,11,23,10,1,臺中市,石岡區,0,0,0,8,,,70,,,,,,,,,,,,,,,7,,,,,B03,,,1,,2,,,7,,1,22,,B03,120.791076,24.272975,3
2022,11,23,10,7,臺中市,沙鹿區,0,1,0,6,1,5,50,5,1,1,4,4,5,7,2,1,10,5,5,2,17,42,2,9,1,1,C03,7,9,1,10,2,15,,42,42,1,12,5,C03,120.56,24.234444,2
2022,11,23,10,11,臺中市,太平區,0,1,0,6,1,5,50,4,1,1,4,4,5,7,4,4,5,5,5,2,16,6,3,10,1,1,B03,7,5,1,8,2,8,,6,6,1,21,8,B03,120.712672,24.125769,2
2022,11,23,10,17,臺中市,南屯區,0,0,0,6,,,50,,,,,,,,,,,,,,,12,,,,,B12,,,1,,2,,,12,,1,22,,B12,120.651483,24.136113,3
2022,11,23,10,17,臺中市,豐原區,0,0,0,6,,,30,,,,,,,,,,,,,,,12,,,,,B03,,,1,,2,,,12,,1,4,,B03,120.728302,24.221919,3
2022,11,23,10,18,臺中市,北屯區,0,0,0,8,,,50,,,,,,,,,,,,,,,23,,,,,B03,,,1,,1,,,23,,1,22,,B03,120.698588,24.170363,3
2022,11,23,10,19,臺中市,西屯區,0,0,0,6,,,50,,,,,,,,,,,,,,,23,,,,,B03,,,1,,1,,,23,,1,22,,B03,120.631659,24.169299,3
2022,11,23,10,20,臺中市,南屯區,0,1,0,6,1,5,40,14,8,1,4,4,5,7,4,4,10,5,5,2,13,23,2,9,3,4,C03,7,9,1,10,2,11,,23,23,1,12,8,C03,120.636161,24.133863,2
2022,11,23,10,20,臺中市,大甲區,0,1,0,6,1,5,50,14,8,1,4,4,5,7,4,4,5,5,5,1,18,43,2,7,1,1,C03,7,9,1,10,2,14,,43,43,1,5,1,C03,120.623461,24.3507,2
2022,11,23,10,21,臺中市,豐原區,0,0,0,6,,,50,,,,,,,,,,,,,,,26,,,,,B03,,,1,,2,,,26,,1,22,,B03,120.699271,24.24908,3
2022,11,23,10,24,臺中市,西屯區,0,1,0,6,1,5,50,3,1,1,4,4,5,7,2,1,10,5,5,2,16,19,2,8,3,4,C04,7,1,1,10,2,11,,19,19,1,22,8,C04,120.61874,24.187802,2
2022,11,23,10,26,臺中市,大雅區,0,0,0,6,,,50,,,,,,,,,,,,,,,25,,,,,B12,,,1,,2,,,25,25,1,21,,B12,120.672954,24.210963,3
2022,11,23,10,29,臺中市,北屯區,0,0,0,6,,,50,,,,,,,,,,,,,,,23,,,,,B03,,,1,8,1,,,23,23,1,21,,B03,120.679442,24.172996,3
2022,11,23,10,42,臺中市,北區,0,0,0,6,,,50,,,,,,,,,,,,,,,23,,,,,A11,,,1,,2,,,23,,1,22,,A11,120.68393,24.146676,3
2022,11,23,10,42,臺中市,太平區,0,0,0,6,,,30,,,,,,,,,,,,,,,12,,,,,A11,,,1,,2,,,12,,1,5,,A11,120.734987,24.14442,3
2022,11,23,10,46,臺中市,北屯區,0,0,0,8,,,40,,,,,,,,,,,,,,,12,,,,,B12,,,1,,2,,,12,,1,5,,B12,120.713392,24.160896,3
2022,11,23,10,48,臺中市,西區,0,0,0,6,,,50,,,,,,,,,,,,,,,42,,,,,B12,,,1,,1,,,42,,1,22,,B12,120.65714,24.157107,3
2022,11,23,10,49,臺中市,南區,0,2,0,6,1,5,50,3,1,1,4,4,5,7,1,1,10,5,5,2,13,23,2,7,1,1,C03,7,9,1,10,2,11,,23,23,1,22,8,C03,120.659907,24.12476,2
2022,11,23,10,54,臺中市,東區,0,1,0,6,1,5,50,4,1,1,4,4,5,7,1,1,10,5,5,2,1,23,3,10,1,1,B03,7,5,1,8,2,8,,23,23,1,22,8,B03,120.683989,24.134789,2
2022,11,23,10,57,臺中市,北區,0,0,0,8,,,40,,,,,,,,,,,,,,,19,,,,,B03,,,1,,1,,,19,19,1,22,,B03,120.680663,24.157533,3
2022,11,23,11,0,臺中市,大雅區,0,0,0,8,,,50,,,,,,,,,,,,,,,12,,,,,B12,,,1,,2,,,12,,1,22,,B12,120.670975,24.238474,3
2022,11,23,11,0,臺中市,北屯區,0,1,0,6,1,5,50,14,9,1,4,4,5,7,4,4,5,4,5,2,17,26,3,10,1,1,B03,7,11,1,8,2,15,,26,26,1,5,8,B03,120.718921,24.175883,2
2022,11,23,11,1,臺中市,神岡區,0,1,0,6,1,5,50,15,9,1,4,4,5,7,1,1,1,4,5,1,17,42,2,9,1,1,C03,7,9,1,10,2,15,,42,42,1,22,8,C03,120.68308,24.246496,2
2022,11,23,11,2,臺中市,西屯區,0,1,0,6,1,5,50,4,1,1,4,4,5,7,1,1,10,5,5,2,16,19,3,10,1,1,B03,7,1,1,8,2,1,,19,19,1,4,8,B03,120.656558,24.163618,2
2022,11,23,11,3,臺中市,中區,0,0,0,6,1,5,50,14,9,1,4,4,5,7,4,4,5,4,5,2,13,23,,,,,C04,,,1,,2,,,23,,1,10,,C04,120.68315,24.141177,3
2022,11,23,11,3,臺中市,豐原區,0,1,0,8,1,5,50,4,1,1,5,4,5,7,1,1,10,5,5,2,29,42,2,1,1,1,B03,7,9,1,10,2,15,,42,42,1,22,8,B03,120.722346,24.246588,2
2022,11,23,11,3,臺中市,豐原區,0,0,0,8,,,30,,,,,,,,,,,,,,,16,,,,,B12,,,1,,2,,,16,,1,22,,B12,120.703281,24.250345,3
2022,11,23,11,5,臺中市,潭子區,0,1,0,6,1,7,40,14,16,1,4,4,5,7,4,4,10,5,5,1,18,42,2,7,1,1,B03,7,12,1,8,2,8,,42,42,1,22,8,B03,120.700085,24.201308,2
2022,11,23,11,8,臺中市,西區,0,0,0,6,,,50,,,,,,,,,,,,,,,12,,,,,A11,,,1,,1,,,12,,1,10,,A11,120.661583,24.152901,3
2022,11,23,11,11,臺中市,潭子區,0,1,0,6,1,5,50,4,2,1,4,4,5,7,2,1,3,2,4,1,15,25,2,7,1,1,C03,7,9,1,10,3,12,,25,25,1,22,9,C03,120.712096,24.213031,2
2022,11,23,11,13,臺中市,西屯區,0,1,0,6,1,5,40,4,1,1,4,4,5,7,4,4,10,5,5,2,17,23,2,9,3,4,C03,7,9,1,10,2,12,,23,23,1,22,8,C03,120.593186,24.183283,2
2022,11,23,11,13,臺中市,大里區,0,0,0,6,,,30,,,,,,,,,,,,,,,9,,,,,B12,,,1,,2,,,9,,1,5,,B12,120.70316,24.108188,3
2022,11,23,11,15,臺中市,沙鹿區,0,1,0,6,1,5,50,14,7,1,4,4,5,7,4,4,5,5,4,2,13,26,3,10,1,1,C03,7,5,1,10,2,13,,26,26,1,21,8,C03,120.575585,24.218875,2
2022,11,23,11,22,臺中市,太平區,0,0,0,,,,50,,,,,,,,,,,,,,,42,,,,,C03,,,4,,2,,,42,,1,4,,C03,120.710762,24.141442,4
2022,11,23,11,26,臺中市,西區,0,0,0,8,,,50,,,,,,,,,,,,,,,6,,,,,B03,,,1,,2,,,6,,1,21,,B03,120.672406,24.146498,3
2022,11,23,11,26,臺中市,北區,0,1,0,8,3,5,50,14,9,1,5,4,5,7,4,4,10,5,5,2,17,23,3,10,3,4,B03,7,9,1,8,2,5,,23,23,1,22,9,B03,120.679461,24.153583,2
2022,11,23,11,30,臺中市,潭子區,0,1,0,6,1,5,30,4,1,1,4,4,5,7,4,4,10,5,5,2,15,6,2,9,1,1,C03,7,9,1,10,2,12,,6,6,1,22,8,C03,120.710244,24.203625,2
2022,11,23,11,30,臺中市,中區,0,2,0,6,1,5,50,4,1,1,4,4,5,7,1,1,5,5,5,2,12,19,2,9,3,4,C03,7,1,1,10,2,14,,19,19,1,21,8,C03,120.676898,24.141947,2
2022,11,23,11,35,臺中市,南區,0,0,0,8,1,5,40,4,9,1,5,4,5,7,4,4,10,5,5,2,17,23,3,10,1,1,C04,7,15,1,10,11,13,,23,23,1,22,8,C04,120.674592,24.125349,3
2022,11,23,11,36,臺中市,西區,0,0,0,6,,,50,,,,,,,,,,,,,,,7,,,,,B03,,,1,,1,,,7,,1,21,,B03,120.65777,24.15806,3
2022,11,23,11,40,臺中市,潭子區,0,1,0,7,1,5,60,3,2,1,5,4,5,7,4,4,1,4,4,1,15,11,2,7,1,1,C03,7,11,1,10,2,14,,11,11,1,22,9,C03,120.710251,24.235856,2
2022,11,23,11,41,臺中市,大肚區,0,1,0,6,1,5,50,4,1,1,4,4,5,7,4,4,10,5,5,2,15,23,3,10,1,1,B03,7,9,1,8,2,8,1,23,23,1,5,1,B03,120.540485,24.157705,2
2022,11,23,11,46,臺中市,西屯區,0,1,0,6,1,5,50,3,1,1,4,4,5,7,4,4,10,5,5,2,17,42,2,9,1,1,C03,7,9,1,10,2,12,,42,42,1,22,8,C03,120.648443,24.1703,2
2022,11,23,11,47,臺中市,西屯區,0,1,0,6,1,5,50,4,1,1,4,4,5,7,1,1,1,2,4,2,17,43,3,10,1,1,B03,7,6,1,8,2,15,,43,43,1,22,8,B03,120.640069,24.160269,2
2022,11,23,11,48,臺中市,西區,0,0,0,6,1,5,50,3,2,1,4,4,5,7,4,4,5,5,5,2,17,19,,,,,B03,,,1,,1,,,19,,1,5,,B03,120.67401,24.14219,3
2022,11,23,11,51,臺中市,西屯區,0,1,0,6,1,5,60,3,1,1,4,4,5,7,2,1,10,5,5,2,17,25,2,9,1,1,B03,7,9,1,8,2,1,,25,25,1,21,8,B03,120.626771,24.159691,2
2022,11,23,11,52,臺中市,西區,0,0,0,6,,,50,,,,,,,,,,,,,,,12,,,,,B03,,,1,,1,,,12,,1,22,,B03,120.659502,24.150759,3