年,月,日,時,分,縣市,區,死,受傷,2-30,天候,光線,道路類別,速限,道路型態,事故位置,路面鋪裝,路面狀態,路面缺陷,障礙物,視距,號誌種類,號誌動作,分向設施,快車道或一般車道間,快慢車道間,路面邊線,事故類型及型態,主要肇因,受傷程度,主要傷處,保護裝備,行動電話,當事者區分,車輛用途,當事者行動狀態,駕駛資格情形,駕駛執照種類,飲酒情形,車輛撞擊部位最初,車輛撞擊部位其他,肇事因素個別,肇事因素主要,肇事逃逸,職業,旅次目的,車種,GPS緯度,GPS經度,事故類別
2022,11,23,17,30,臺中市,大肚區,0,1,0,8,3,5,50,14,9,1,5,4,5,7,4,4,9,4,5,1,16,43,3,10,1,1,B03,7,9,1,8,2,2,,43,44,1,5,1,B03,120.548145,24.142734,2
2022,11,23,17,33,臺中市,霧峰區,0,0,0,8,,,50,,,,,,,,,,,,,,,23,,,,,C03,,,1,,2,,,23,23,1,21,,C03,120.674586,24.047517,3
2022,11,23,17,37,臺中市,北屯區,0,0,0,8,,,50,,,,,,,,,,,,,,,23,,,,,B12,,,1,,1,,,23,,1,22,,B12,120.685748,24.17495,3
2022,11,23,17,37,臺中市,梧棲區,0,0,0,,,,60,,,,,,,,,,,,,,,23,,,,,B03,,,1,,2,,,23,,1,4,,B03,120.537407,24.253117,3
2022,11,23,17,37,臺中市,清水區,0,1,0,8,2,5,50,3,1,1,5,4,5,7,1,1,10,5,5,2,16,23,3,10,1,1,A12,7,5,1,1,2,8,,23,23,1,5,5,A12,120.603338,24.310956,2
2022,11,23,17,40,臺中市,南屯區,0,0,0,8,3,5,50,4,1,1,5,4,5,7,4,4,10,5,5,2,16,6,3,10,1,1,C03,7,5,1,10,1,12,,6,6,1,22,8,C03,120.639724,24.138853,3
2022,11,23,17,41,臺中市,霧峰區,0,1,0,8,3,5,30,4,1,1,5,4,5,7,4,4,10,5,5,2,18,44,2,9,1,1,C03,7,9,1,10,2,14,,44,44,1,22,8,C03,120.687248,24.051585,2
2022,11,23,17,42,臺中市,豐原區,0,0,0,8,,,50,,,,,,,,,,,,,,,16,,,,,B03,,,1,,2,,,16,,1,21,,B03,120.75762,24.275686,3
2022,11,23,17,44,臺中市,北屯區,0,1,0,8,3,5,50,4,1,1,5,4,5,7,1,1,10,5,5,2,16,6,4,11,3,4,C03,7,5,7,19,9,12,,6,6,1,22,8,C03,120.665536,24.1913,2
2022,11,23,17,45,臺中市,東區,0,0,0,,,,50,,,,,,,,,,,,,,,23,,,,,C03,,,1,,2,,,23,,1,22,,C03,120.699185,24.1482,3
2022,11,23,17,47,臺中市,太平區,0,0,0,8,,,50,,,,,,,,,,,,,,,6,,,,,C03,,,1,,2,,,6,,1,4,,C03,120.718705,24.126604,3
2022,11,23,17,48,臺中市,大雅區,0,2,0,8,3,5,50,14,8,1,5,4,5,7,4,4,9,4,4,1,17,23,3,10,1,1,C03,7,9,1,10,2,11,,23,23,1,22,9,C03,120.663295,24.218803,2
2022,11,23,17,50,臺中市,潭子區,0,1,0,8,3,5,50,4,1,1,5,4,5,7,1,1,5,4,5,1,15,25,3,10,1,1,B03,7,9,1,8,2,5,,25,25,1,22,9,B03,120.706284,24.211548,2
2022,11,23,17,50,臺中市,南區,0,1,0,8,3,5,50,14,9,1,5,4,5,7,1,1,5,5,5,2,13,23,2,8,1,1,C03,7,9,1,10,2,11,,23,23,1,22,8,C03,120.660638,24.11652,2
2022,11,23,17,50,臺中市,豐原區,0,2,0,8,3,5,50,14,7,1,5,4,5,7,4,4,5,5,4,2,13,16,2,9,1,1,C03,7,9,2,18,2,11,,16,16,1,21,8,C03,120.722175,24.253391,2
2022,11,23,17,51,臺中市,太平區,0,1,0,6,3,5,50,3,1,1,4,4,5,7,1,1,1,3,5,1,16,7,2,8,1,1,C03,7,7,1,10,2,13,,7,7,1,3,8,C03,120.714559,24.135847,2
2022,11,23,17,52,臺中市,烏日區,0,1,0,8,3,5,50,14,8,1,5,4,5,7,4,4,9,4,5,1,13,16,2,9,1,1,C03,7,9,1,10,2,11,,16,16,1,22,8,C03,120.620607,24.105692,2
2022,11,23,17,53,臺中市,大雅區,0,1,0,8,3,5,50,3,1,1,5,4,5,7,4,4,10,5,5,2,17,6,3,10,1,1,B03,7,6,1,8,2,2,,6,6,1,22,8,B03,120.6315,24.239566,2
2022,11,23,17,53,臺中市,烏日區,0,0,0,8,,,60,,,,,,,,,,,,,,,23,,,,,A04,,,1,,2,,,23,,1,10,,A04,120.636275,24.107245,3
2022,11,23,17,54,臺中市,西區,0,1,0,8,3,5,1,14,20,4,5,4,5,7,4,4,10,5,5,2,17,23,2,8,1,1,C04,7,9,1,10,2,14,,23,23,1,22,8,C04,120.672859,24.14386,2
2022,11,23,17,54,臺中市,龍井區,0,1,0,8,2,5,50,14,9,1,5,4,5,7,4,4,5,5,5,2,16,42,3,10,1,1,C03,7,5,1,10,2,11,,42,42,1,21,7,C03,120.59538,24.18679,2
2022,11,23,17,56,臺中市,南屯區,0,0,0,8,,,50,,,,,,,,,,,,,,,7,,,,,C03,,,1,,11,,,7,7,2,22,,C03,120.63668,24.146823,3
2022,11,23,17,59,臺中市,西屯區,0,2,0,8,3,5,50,4,1,1,5,4,5,7,1,1,10,5,5,2,17,6,3,10,1,4,B03,7,5,1,8,2,1,,6,6,1,22,8,B03,120.661888,24.16544,2
2022,11,23,18,0,臺中市,西屯區,0,1,0,8,1,5,50,3,1,1,5,4,5,7,4,4,9,5,5,2,16,6,2,8,1,1,C03,7,5,1,10,2,14,,6,6,1,22,8,C03,120.653391,24.166221,2
2022,11,23,18,8,臺中市,潭子區,0,2,0,8,3,5,40,5,2,1,5,4,5,7,2,1,1,4,4,2,16,26,2,8,2,1,F01,7,5,8,20,2,16,,26,26,1,15,8,F01,120.703232,24.200715,2
2022,11,23,18,10,臺中市,潭子區,0,0,0,8,3,5,80,14,7,1,5,4,5,7,4,4,1,4,5,1,12,7,3,10,1,1,B03,7,7,1,8,4,4,,7,7,1,22,8,B03,120.696555,24.201,3
2022,11,23,18,10,臺中市,北屯區,0,1,0,8,1,5,50,4,1,1,5,4,5,7,1,1,10,5,5,2,17,8,3,10,1,1,B03,7,5,1,8,2,8,,8,8,1,21,8,B03,120.705973,24.169491,2
2022,11,23,18,10,臺中市,大甲區,0,0,0,8,,,50,,,,,,,,,,,,,,,17,,,,,B03,,,1,,1,,,17,,1,4,,B03,120.631639,24.34838,3
2022,11,23,18,12,臺中市,東區,0,0,0,,,,50,,,,,,,,,,,,,,,23,,,,,B03,,,1,,2,,,23,,1,22,,B03,120.700272,24.127299,3
2022,11,23,18,14,臺中市,西屯區,0,0,0,8,,,50,,,,,,,,,,,,,,,7,,,,,B03,,,1,,1,,,7,,1,22,,B03,120.609968,24.186215,3
2022,11,23,18,14,臺中市,烏日區,0,2,0,8,1,5,1,4,1,1,5,4,5,7,2,1,10,5,5,2,16,42,2,7,1,1,C03,7,11,1,10,2,11,12,42,42,1,21,8,C03,120.600443,24.110652,2
2022,11,23,18,16,臺中市,東區,0,0,0,,,,50,,,,,,,,,,,,,,,23,,,,,B03,,,1,,2,,,23,,1,22,,B03,120.710453,24.141301,3
2022,11,23,18,18,臺中市,大里區,0,1,0,8,3,5,40,4,1,1,5,4,5,7,1,1,10,5,5,2,16,7,3,10,1,1,C03,7,7,1,10,2,14,,7,7,1,22,1,C03,120.687891,24.094591,2
2022,11,23,18,21,臺中市,北屯區,0,0,0,8,,,30,,,,,,,,,,,,,,,23,,,,,A04,,,1,,1,,,23,,1,22,,A04,120.680537,24.200824,3
2022,11,23,18,24,臺中市,南區,0,1,0,7,3,5,50,4,1,1,5,4,5,6,1,1,5,5,5,2,15,25,3,10,1,1,B03,7,9,1,8,2,2,,25,25,1,22,8,B03,120.668578,24.114543,2
2022,11,23,18,26,臺中市,西屯區,0,0,0,8,,,50,,,,,,,,,,,,,,,23,,,,,B03,,,1,,2,,,23,,1,22,,B03,120.626871,24.157666,3
2022,11,23,18,29,臺中市,南區,0,1,0,8,3,5,1,14,7,1,5,4,5,7,4,4,9,4,4,2,29,23,2,9,1,1,F01,7,9,8,20,2,16,,23,23,1,22,8,F01,120.666426,24.113621,2
2022,11,23,18,30,臺中市,西屯區,0,0,0,8,,,50,,,,,,,,,,,,,,,23,,,,,B03,,,1,,2,,,23,,1,22,,B03,120.618313,24.180768,3
2022,11,23,18,31,臺中市,北屯區,0,1,0,8,3,5,50,14,9,1,5,4,5,7,4,4,5,4,5,2,16,19,3,10,1,1,B03,7,1,1,8,2,4,,19,19,1,21,8,B03,120.75929,24.20002,2
2022,11,23,18,40,臺中市,北區,0,1,0,8,2,5,50,14,9,1,5,4,5,7,4,4,5,4,5,2,9,60,2,9,3,4,H01,8,17,8,20,10,16,,60,60,1,5,8,H01,120.688618,24.15271,2
2022,11,23,18,49,臺中市,北屯區,0,1,0,8,3,5,40,14,8,1,5,4,5,7,4,4,10,5,5,2,18,23,2,9,1,1,C03,7,9,1,10,2,15,,23,23,1,22,8,C03,120.71913,24.176712,2
2022,11,23,18,56,臺中市,西區,0,0,0,8,,,50,,,,,,,,,,,,,,,23,,,,,B03,,,1,,1,,,23,,1,22,,B03,120.661238,24.160164,3
2022,11,23,18,56,臺中市,豐原區,0,0,0,8,,,60,,,,,,,,,,,,,,,26,,,,,B03,,,1,,2,,,26,,1,21,,B03,120.73726,24.255446,3
2022,11,23,19,1,臺中市,霧峰區,0,3,0,8,3,5,50,4,1,1,5,4,5,7,4,4,10,5,5,2,11,10,2,9,1,1,C03,7,11,1,10,2,11,,10,10,1,18,5,C03,120.699384,24.070145,2
2022,11,23,19,10,臺中市,大甲區,0,0,0,8,,,30,,,,,,,,,,,,,,,12,,,,,B03,,,1,,1,,,12,,1,21,,B03,120.628796,24.353161,3
2022,11,23,19,16,臺中市,霧峰區,0,1,0,8,3,5,50,3,1,1,5,4,5,7,1,1,10,5,5,2,17,25,3,10,3,4,B12,7,9,1,8,2,8,,25,25,1,21,5,B12,120.699197,24.068843,2
2022,11,23,19,16,臺中市,大里區,0,0,0,8,,,50,,,,,,,,,,,,,,,67,,,,,,,,,,,,,67,,1,,,,120.704813,24.087825,3
2022,11,23,19,17,臺中市,北屯區,0,0,0,6,,,50,,,,,,,,,,,,,,,23,,,,,B03,,,1,,1,,,23,,1,21,,B03,120.721028,24.182085,3
2022,11,23,19,20,臺中市,梧棲區,0,1,0,7,3,5,50,14,9,1,5,4,5,7,4,4,5,4,5,2,13,23,2,9,1,1,C03,7,9,1,10,2,11,,23,23,1,4,8,C03,120.531692,24.255447,2
2022,11,23,19,28,臺中市,神岡區,0,2,0,8,4,5,50,14,9,1,5,4,5,7,4,4,9,5,5,1,17,23,2,9,3,4,C03,7,9,1,10,2,12,,23,23,1,22,9,C03,120.659332,24.256663,2
2022,11,23,19,30,臺中市,西區,0,1,0,6,3,5,40,3,1,1,4,4,5,7,4,4,10,5,5,2,18,42,2,9,3,4,C04,7,6,1,10,2,12,,42,42,1,22,5,C04,120.653489,24.155217,2
2022,11,23,19,36,臺中市,豐原區,0,0,0,6,,,40,,,,,,,,,,,,,,,42,,,,,C03,,,1,,2,,,42,,1,22,,C03,120.722208,24.253721,3
2022,11,23,19,39,臺中市,豐原區,0,0,0,8,3,5,40,3,1,1,5,4,5,7,4,4,10,5,5,1,25,23,3,10,3,1,B03,7,5,1,14,9,8,,23,23,2,21,1,B03,120.733904,24.235556,3
2022,11,23,19,40,臺中市,南區,0,3,0,8,3,5,50,4,1,1,5,4,5,7,1,1,10,5,5,2,16,10,3,10,1,1,B03,7,11,1,8,2,8,,10,10,1,22,8,B03,120.66358,24.116872,2
2022,11,23,19,41,臺中市,大里區,0,0,0,8,,,50,,,,,,,,,,,,,,,12,,,,,B03,,,1,,2,,,12,,1,4,,B03,120.698718,24.079889,3
2022,11,23,19,45,臺中市,豐原區,0,0,0,8,,,50,,,,,,,,,,,,,,,18,,,,,B03,,,1,,2,,,18,,1,21,,B03,120.718291,24.239699,3
2022,11,23,19,49,臺中市,西區,0,0,0,,,,50,,,,,,,,,,,,,,,23,,,,,B01,,,1,,2,,,23,,1,5,,B01,120.674962,24.138062,3
2022,11,23,19,50,臺中市,神岡區,0,1,0,8,3,5,50,3,2,1,5,4,5,7,4,4,5,5,5,1,16,19,3,10,1,1,B03,7,1,1,8,2,5,,19,19,1,22,8,B03,120.706055,24.261,2
2022,11,23,19,52,臺中市,太平區,0,0,0,8,,,,,,,,,,,,,,,,,,67,,,,,,,,,,,,,67,,1,,,,120.725428,24.123191,3
2022,11,23,19,57,臺中市,中區,0,0,0,8,,,50,,,,,,,,,,,,,,,12,,,,,C04,,,1,10,1,,,12,12,1,22,,C04,120.679556,24.1479,3
2022,11,23,19,57,臺中市,霧峰區,0,1,0,8,3,5,40,14,9,1,5,4,5,7,1,1,10,5,5,2,3,52,2,8,4,5,H01,8,18,8,20,10,16,,52,52,1,21,5,H01,120.687401,24.046147,2
2022,11,23,19,58,臺中市,霧峰區,0,2,0,8,3,5,40,14,9,1,5,4,5,7,1,1,10,5,5,2,3,52,2,7,4,1,H01,8,16,8,20,1,16,,52,52,1,22,8,H01,120.687468,24.047718,2
2022,11,23,20,0,臺中市,北屯區,0,2,0,8,3,5,50,15,6,1,5,4,5,7,4,4,10,5,5,2,13,23,3,10,1,1,B01,7,9,1,4,2,1,,23,23,1,10,8,B01,120.684777,24.200937,2
2022,11,23,20,5,臺中市,西屯區,0,0,0,8,,,50,,,,,,,,,,,,,,,12,,,,,B12,,,1,,1,,,12,,1,22,,B12,120.648888,24.157179,3
2022,11,23,20,8,臺中市,南屯區,0,0,0,8,,,50,,,,,,,,,,,,,,,12,,,,,B02,,,1,,2,,,12,,1,22,,B02,120.644131,24.134833,3
2022,11,23,20,17,臺中市,北區,1,0,0,7,3,5,50,4,1,1,5,4,5,7,2,1,1,5,5,2,3,51,1,9,4,5,H01,8,16,8,20,8,16,,51,51,1,22,9,H01,120.694589,24.155176,1
2022,11,23,20,28,臺中市,霧峰區,0,1,0,8,3,5,50,4,1,1,5,4,5,7,3,1,10,5,5,2,15,6,3,10,1,1,C03,7,9,1,10,2,11,,6,6,1,18,5,C03,120.696782,24.06218,2
2022,11,23,20,30,臺中市,中區,0,0,0,,,,50,,,,,,,,,,,,,,,23,,,,,C03,,,1,,1,,,23,,1,5,,C03,120.682211,24.140111,3
2022,11,23,20,45,臺中市,西屯區,0,1,0,8,3,5,50,3,1,1,5,4,5,7,4,4,10,5,5,2,16,43,2,9,3,4,C03,7,5,4,8,2,14,,43,43,1,22,8,C03,120.606278,24.189014,2
2022,11,23,20,47,臺中市,北區,0,1,0,8,3,5,50,4,1,1,5,4,5,7,1,1,10,5,5,2,12,7,3,10,3,4,C03,7,8,1,10,2,12,,7,7,1,5,8,C03,120.672284,24.170095,2
2022,11,23,21,0,臺中市,龍井區,0,0,0,8,,,40,,,,,,,,,,,,,,,23,,,,,B03,,,1,,2,,,23,,1,12,,B03,120.505056,24.206143,3
2022,11,23,21,4,臺中市,豐原區,0,0,0,6,,,50,,,,,,,,,,,,,,,6,,,,,C03,,,1,,2,,,6,6,1,21,,C03,120.721261,24.257963,3
2022,11,23,21,9,臺中市,西屯區,0,1,0,8,3,5,40,14,8,1,5,4,5,7,4,4,1,5,1,2,12,9,3,10,1,1,B02,7,6,1,8,2,5,,9,9,1,22,8,B02,120.618306,24.182211,2
2022,11,23,21,13,臺中市,西屯區,0,0,0,6,,,30,,,,,,,,,,,,,,,8,,,,,B03,,,1,,1,,,8,8,1,22,,B03,120.652786,24.159993,3
2022,11,23,21,26,臺中市,南屯區,0,0,0,8,,,40,,,,,,,,,,,,,,,10,,,,,B03,,,1,,10,,,10,,1,5,,B03,120.612249,24.136964,3
2022,11,23,21,27,臺中市,西屯區,0,0,0,6,,,,,,,,,,,,,,,,,,12,,,,,,,,,,,,,12,,1,,,,120.639295,24.162856,3
2022,11,23,21,31,臺中市,西屯區,0,1,0,6,3,5,50,4,1,1,4,4,5,7,1,1,10,5,5,2,16,6,2,9,1,1,C03,7,9,1,10,2,11,,23,6,1,22,8,C03,120.655344,24.178096,2
2022,11,23,21,42,臺中市,南屯區,0,0,0,6,,,50,,,,,,,,,,,,,,,12,,,,,B12,,,1,,1,,,12,,1,22,,B12,120.634222,24.146193,3
2022,11,23,21,43,臺中市,北區,0,1,0,6,3,5,50,14,9,1,4,4,5,7,1,1,10,5,5,2,18,44,2,9,1,1,C03,7,9,1,10,2,14,,44,44,1,20,8,C03,120.666957,24.158068,2
2022,11,23,21,43,臺中市,外埔區,0,0,0,6,3,5,50,4,1,1,4,4,5,7,1,1,10,4,5,1,13,23,,,,,B03,,,1,,2,,,23,23,1,22,,B03,120.665166,24.334308,3
2022,11,23,21,45,臺中市,西區,0,0,0,,,,30,,,,,,,,,,,,,,,12,,,,,B03,,,1,,1,,,12,,1,22,,B03,120.655134,24.149786,3
2022,11,23,21,45,臺中市,大里區,0,2,0,6,3,5,50,14,9,1,4,4,5,7,4,4,1,4,5,1,12,17,2,7,1,1,C03,7,9,1,10,2,12,,17,17,1,12,5,C03,120.679566,24.111481,2
2022,11,23,21,48,臺中市,北屯區,0,1,0,6,3,5,50,14,9,1,4,4,5,7,4,4,1,4,5,2,16,19,3,10,1,1,B03,7,1,1,8,2,8,,19,19,1,21,8,B03,120.759516,24.19997,2
2022,11,23,21,50,臺中市,沙鹿區,0,0,0,8,3,5,50,13,9,1,5,4,5,7,4,4,4,4,5,1,15,6,,,,,C03,,,1,,2,,,6,6,1,10,,C03,120.568673,24.230558,3
2022,11,23,22,0,臺中市,南屯區,0,0,0,6,,,50,,,,,,,,,,,,,,,12,,,,,B03,,,1,,9,,,12,12,2,5,,B03,120.63864,24.14136,3
2022,11,23,22,6,臺中市,東區,0,2,0,6,3,5,50,14,9,1,4,4,5,7,4,4,5,4,5,2,13,23,2,9,1,1,C03,7,9,1,10,2,11,,23,23,1,22,9,C03,120.705675,24.130136,2
2022,11,23,22,10,臺中市,豐原區,0,1,0,6,3,5,50,14,9,1,4,4,5,7,1,1,1,5,5,2,13,16,2,8,1,1,C03,7,9,1,10,2,11,,16,16,1,8,8,C03,120.710015,24.237608,2
2022,11,23,22,14,臺中市,西區,0,0,0,,,,50,,,,,,,,,,,,,,,23,,,,,B03,,,1,,1,,,23,,1,22,,B03,120.673517,24.147762,3
2022,11,23,22,16,臺中市,南區,0,0,0,,,,40,,,,,,,,,,,,,,,25,,,,,C03,,,1,,2,,,25,,1,22,,C03,120.667166,24.114286,3
2022,11,23,22,18,臺中市,北屯區,0,0,0,8,,,50,,,,,,,,,,,,,,,23,,,,,B12,,,1,,1,,,23,,1,21,,B12,120.662639,24.188667,3
2022,11,23,22,25,臺中市,豐原區,0,2,0,6,3,5,40,3,12,1,4,4,5,7,4,4,1,4,4,1,12,16,2,8,1,1,C03,7,9,1,10,2,14,,16,16,1,22,8,C03,120.752409,24.271931,2
2022,11,23,22,36,臺中市,西屯區,0,1,0,8,3,5,50,4,1,1,5,4,5,7,4,4,10,5,5,2,17,44,2,9,1,1,C03,7,9,1,10,2,14,,44,44,1,22,8,C03,120.615818,24.188811,2
2022,11,23,22,54,臺中市,東區,0,2,0,8,3,5,50,4,1,1,5,4,5,7,1,1,10,4,4,2,12,23,2,9,1,1,C03,7,9,1,10,2,11,,23,23,1,22,8,C03,120.696485,24.138879,2
2022,11,23,23,12,臺中市,南區,0,1,0,7,3,5,50,4,2,1,4,4,5,7,1,1,10,5,5,2,13,23,3,10,1,1,B03,7,9,1,8,2,5,,23,23,1,22,9,B03,120.656808,24.133903,2
2022,11,23,23,20,臺中市,東區,0,0,0,8,,,50,,,,,,,,,,,,,,,23,,,,,C03,,,1,,2,,,23,,1,22,,C03,120.696526,24.139058,3
2022,11,23,23,22,臺中市,龍井區,0,1,0,7,3,5,40,11,9,1,4,4,5,7,4,4,4,5,5,1,13,16,3,10,1,1,C03,7,4,1,10,2,12,,16,16,1,22,8,C03,120.568291,24.189102,2
2022,11,23,23,25,臺中市,西區,0,2,0,7,3,5,50,4,1,1,5,4,5,7,1,1,10,5,5,2,16,26,2,9,1,1,C03,7,5,1,10,2,14,,26,26,1,22,8,C03,120.668285,24.142527,2
2022,11,23,23,25,臺中市,沙鹿區,0,0,0,8,3,5,50,3,1,1,5,4,5,7,4,4,4,3,5,2,15,6,,,,,B03,,,1,,2,,,6,6,1,22,,B03,120.576921,24.211934,3
2022,11,23,23,40,臺中市,西區,0,1,0,7,3,5,50,4,1,1,4,4,5,7,4,4,10,5,5,2,15,6,3,10,3,4,B03,7,9,1,8,2,2,,6,6,1,22,5,B03,120.670502,24.153814,2
2022,11,24,0,0,臺中市,霧峰區,0,3,0,7,3,5,60,14,13,1,4,4,5,7,4,4,1,4,4,1,16,42,2,7,1,1,B03,7,9,4,10,2,1,,42,42,1,9,8,B03,120.699073,24.072764,2
2022,11,24,0,24,臺中市,西屯區,0,0,0,8,,,30,,,,,,,,,,,,,,,19,,,,,B03,,,1,,9,,,19,,1,22,,B03,120.65196,24.157621,3
2022,11,24,0,29,臺中市,西區,0,1,0,6,3,5,50,4,1,1,4,4,5,7,4,4,10,5,5,2,18,23,2,8,1,1,C03,7,6,1,9,8,12,,23,23,1,22,8,C03,120.66018,24.152542,2
2022,11,24,0,48,臺中市,西屯區,0,0,0,6,,,50,,,,,,,,,,,,,,,12,,,,,B12,,,1,,2,,,12,,1,4,,B12,120.667151,24.176641,3
2022,11,24,0,58,臺中市,西屯區,0,1,0,8,1,5,50,5,1,1,5,4,5,7,1,1,10,5,5,2,9,15,3,10,1,1,B03,7,6,1,8,2,1,,15,15,1,21,8,B03,120.638029,24.175602,2
2022,11,24,1,23,臺中市,西區,0,2,0,8,3,5,50,4,1,1,5,4,5,7,1,1,10,5,5,2,15,25,2,9,3,4,C03,7,9,1,10,2,11,,25,25,1,22,5,C03,120.673597,24.149171,2
2022,11,24,2,6,臺中市,豐原區,0,1,0,8,3,5,50,5,1,1,5,4,5,4,3,1,5,4,5,1,15,6,2,9,1,1,C03,7,9,2,18,2,12,,6,6,1,22,8,C03,120.720108,24.240246,2
2022,11,24,2,16,臺中市,大里區,0,0,0,8,,,50,,,,,,,,,,,,,,,23,,,,,A11,,,1,,2,,,23,,1,22,,A11,120.698166,24.080774,3
2022,11,24,5,10,臺中市,太平區,0,1,0,6,3,5,50,5,2,1,4,4,5,7,1,1,1,4,5,2,18,42,2,8,1,1,C03,7,9,1,10,2,14,,42,42,1,21,8,C03,120.713085,24.143392,2
2022,11,24,5,11,臺中市,北屯區,0,1,0,6,3,5,50,4,18,1,4,4,5,7,1,1,10,5,5,2,2,15,3,10,1,1,B12,7,6,6,18,2,5,,15,15,1,10,8,B12,120.685498,24.172177,2
2022,11,24,5,59,臺中市,大甲區,0,0,0,6,,,50,,,,,,,,,,,,,,,6,,,,,B03,,,1,,1,,,6,,1,4,,B03,120.615056,24.351185,3
2022,11,24,6,35,臺中市,霧峰區,0,1,0,7,1,5,50,3,1,1,4,4,5,7,4,4,10,5,5,1,16,6,2,9,1,1,C03,7,6,1,10,2,14,,6,6,1,3,8,C03,120.69695,24.065118,2
2022,11,24,6,37,臺中市,西屯區,0,1,0,8,1,5,40,3,1,1,5,4,5,7,1,1,10,5,5,2,17,23,2,9,1,1,C03,7,9,1,10,2,14,,23,23,1,21,8,C03,120.642468,24.169613,2
2022,11,24,6,41,臺中市,烏日區,0,0,0,6,,,50,,,,,,,,,,,,,,,23,,,,,B03,,,1,,2,,,23,,1,21,,B03,120.608405,24.116706,3
2022,11,24,6,46,臺中市,大雅區,0,2,0,8,1,5,50,14,9,1,5,4,5,7,4,4,5,5,5,1,3,23,2,9,1,1,C03,7,9,1,10,2,15,,23,23,1,22,9,C03,120.645463,24.221831,2
2022,11,24,6,47,臺中市,霧峰區,0,1,0,6,1,5,30,3,1,1,4,4,5,7,4,4,10,5,5,2,16,23,3,10,1,1,C03,7,9,1,10,2,13,,23,23,1,22,9,C03,120.700492,24.063979,2
2022,11,24,6,48,臺中市,大里區,0,2,0,6,1,5,50,14,9,1,4,4,5,7,1,1,5,5,4,2,16,6,2,9,1,1,C03,7,5,1,10,2,13,,6,6,1,22,8,C03,120.678676,24.097875,2
2022,11,24,6,59,臺中市,北區,0,0,0,6,1,5,50,3,7,1,4,4,5,7,4,4,8,3,4,2,12,7,,,,,B03,,,1,,2,,,7,,1,22,,B03,120.691745,24.160481,3
2022,11,24,7,2,臺中市,烏日區,0,1,0,6,1,5,50,5,1,1,4,4,5,7,2,1,5,4,5,1,18,43,2,9,1,1,C03,7,5,1,10,2,12,,43,43,1,21,9,C03,120.62734,24.10404,2
2022,11,24,7,5,臺中市,潭子區,0,2,0,6,1,5,30,4,1,1,4,4,5,7,4,4,10,5,5,2,17,23,2,9,1,1,C03,7,9,1,10,2,11,,23,23,1,22,8,C03,120.693321,24.217606,2
2022,11,24,7,9,臺中市,大里區,0,1,0,7,1,5,50,4,2,1,4,4,5,7,2,1,5,4,4,1,17,26,3,10,1,1,B01,7,2,1,1,11,15,,26,26,1,10,8,B01,120.68757,24.110383,2
2022,11,24,7,11,臺中市,烏日區,0,0,0,6,2,5,50,5,1,1,4,4,5,7,2,1,1,4,5,1,16,23,3,10,3,4,B03,7,5,1,8,2,12,,23,23,1,21,9,B03,120.62734,24.10404,3
2022,11,24,7,13,臺中市,西屯區,0,0,0,6,,,50,,,,,,,,,,,,,,,6,,,,,B12,,,1,,1,,,6,6,1,22,,B12,120.619586,24.175236,3
2022,11,24,7,16,臺中市,東區,0,1,0,6,1,5,50,3,1,1,4,4,5,7,4,4,10,5,5,2,16,19,3,10,1,1,B03,7,1,1,8,2,8,,19,19,1,21,8,B03,120.699856,24.127118,2
2022,11,24,7,18,臺中市,大里區,0,1,0,6,1,5,50,14,9,1,4,4,5,7,4,4,1,4,5,1,18,23,2,9,1,1,C03,7,9,1,10,2,14,,23,23,1,21,1,C03,120.681387,24.103647,2
2022,11,24,7,18,臺中市,龍井區,0,2,0,6,1,5,50,14,9,1,4,4,5,7,4,4,9,5,5,1,17,19,2,9,3,4,C03,7,1,3,18,2,14,,19,19,1,20,8,C03,120.512071,24.193676,2
2022,11,24,7,19,臺中市,南屯區,0,3,0,6,1,5,50,4,1,1,4,4,5,7,4,4,10,5,5,2,15,6,2,8,1,1,C03,7,9,1,10,2,12,,6,6,1,5,1,C03,120.6483,24.13392,2
2022,11,24,7,23,臺中市,西屯區,0,0,0,8,,,50,,,,,,,,,,,,,,,23,,,,,A04,,,1,,1,,,23,23,1,4,,A04,120.626228,24.177752,3
2022,11,24,7,25,臺中市,清水區,0,0,0,8,,,40,,,,,,,,,,,,,,,19,,,,,B03,,,1,,2,,,19,,1,21,,B03,120.550316,24.261737,3
2022,11,24,7,28,臺中市,大雅區,0,1,0,6,1,5,50,4,1,1,4,4,5,7,1,1,3,4,4,1,17,25,2,9,1,1,C03,7,9,1,10,2,15,,44,25,1,22,8,C03,120.64428,24.227136,2
2022,11,24,7,33,臺中市,豐原區,0,1,0,8,1,5,50,14,7,1,5,4,5,7,4,4,5,4,4,2,17,40,3,10,3,1,B03,7,13,1,8,2,4,,40,40,1,21,8,B03,120.711159,24.242938,2
2022,11,24,7,35,臺中市,豐原區,0,0,0,8,,,50,,,,,,,,,,,,,,,6,,,,,B03,,,1,,2,,,6,6,1,22,,B03,120.72381,24.269478,3