年,月,日,時,分,縣市,區,死,受傷,2-30,天候,光線,道路類別,速限,道路型態,事故位置,路面鋪裝,路面狀態,路面缺陷,障礙物,視距,號誌種類,號誌動作,分向設施,快車道或一般車道間,快慢車道間,路面邊線,事故類型及型態,主要肇因,受傷程度,主要傷處,保護裝備,行動電話,當事者區分,車輛用途,當事者行動狀態,駕駛資格情形,駕駛執照種類,飲酒情形,車輛撞擊部位最初,車輛撞擊部位其他,肇事因素個別,肇事因素主要,肇事逃逸,職業,旅次目的,車種,GPS緯度,GPS經度,事故類別
2022,11,24,7,35,臺中市,豐原區,0,1,0,6,1,5,50,14,8,1,4,4,5,7,2,1,3,4,4,2,18,42,2,9,3,4,C03,7,9,1,10,2,12,,42,42,1,22,8,C03,120.706913,24.2371,2
2022,11,24,7,37,臺中市,龍井區,0,1,0,7,1,5,50,3,2,1,4,4,5,7,4,4,1,5,5,2,17,6,3,10,3,4,B03,7,6,1,8,2,5,,6,6,1,5,3,B03,120.512101,24.193675,2
2022,11,24,7,38,臺中市,南屯區,0,0,0,6,,,40,,,,,,,,,,,,,,,23,,,,,B03,,,1,,1,,,23,,1,22,,B03,120.652526,24.156511,3
2022,11,24,7,38,臺中市,豐原區,0,1,0,7,1,5,50,4,1,1,4,4,5,7,4,4,10,5,5,2,3,23,3,10,1,1,B01,7,9,1,4,2,5,,23,23,1,10,8,B01,120.719915,24.252733,2
2022,11,24,7,42,臺中市,龍井區,0,1,0,6,1,5,40,3,2,1,4,4,5,7,4,4,10,5,5,2,18,23,2,9,1,1,C03,7,9,1,10,2,12,,23,23,1,3,1,C03,120.588444,24.178243,2
2022,11,24,7,42,臺中市,沙鹿區,0,2,0,7,1,5,50,3,1,1,5,4,5,5,4,4,10,5,5,2,17,6,2,9,1,1,C03,7,5,1,10,2,11,,6,6,1,22,9,C03,120.5544,24.230839,2
2022,11,24,7,44,臺中市,大里區,0,1,0,6,1,5,50,3,1,1,4,4,5,7,4,4,5,5,5,1,16,10,3,10,1,1,B02,7,11,1,8,2,1,,10,10,1,5,8,B02,120.68349,24.091983,2
2022,11,24,7,45,臺中市,大肚區,0,1,0,6,1,5,60,11,7,1,4,4,5,7,4,4,3,4,3,1,13,23,3,10,1,1,B03,7,9,1,8,2,1,,23,23,1,21,1,B03,120.585072,24.167373,2
2022,11,24,7,45,臺中市,龍井區,0,0,0,8,,,50,,,,,,,,,,,,,,,6,,,,,B03,,,1,,2,,,6,,1,9,,B03,120.547611,24.193791,3
2022,11,24,7,45,臺中市,梧棲區,0,1,0,6,1,5,50,4,1,1,4,4,5,7,1,1,10,5,5,2,13,23,3,10,1,1,B03,7,5,1,8,2,5,,23,23,1,3,1,B03,120.538681,24.249161,2
2022,11,24,7,45,臺中市,神岡區,0,1,0,6,1,5,50,4,1,1,4,4,5,7,3,1,5,5,5,1,16,6,3,10,1,1,B03,7,9,1,8,2,1,,6,6,1,21,8,B03,120.652868,24.280625,2
2022,11,24,7,46,臺中市,東區,0,0,0,8,,,50,,,,,,,,,,,,,,,40,,,,,B03,,,1,,2,,,40,,1,22,,B03,120.68531,24.129016,3
2022,11,24,7,48,臺中市,潭子區,0,1,0,8,1,5,50,14,9,1,5,4,5,7,4,4,9,5,4,1,18,23,2,9,1,1,C03,7,9,1,10,2,12,,23,23,1,22,8,C03,120.673796,24.207997,2
2022,11,24,7,48,臺中市,烏日區,0,0,0,8,1,5,50,3,1,1,4,4,5,7,1,1,9,5,5,2,12,25,,,,,C03,,,1,,2,,,25,,1,22,,C03,120.606973,24.123432,3
2022,11,24,7,49,臺中市,大里區,0,0,0,6,,,50,,,,,,,,,,,,,,,12,,,,,B03,,,1,,2,,,12,,1,4,,B03,120.690284,24.092911,3
2022,11,24,7,49,臺中市,太平區,0,1,0,6,1,5,40,5,2,1,4,4,5,7,2,1,5,5,4,1,13,16,2,7,1,1,C03,7,6,1,10,2,11,,16,16,1,3,8,C03,120.724564,24.149605,2
2022,11,24,7,49,臺中市,太平區,0,1,0,6,1,5,50,4,2,1,4,4,5,7,1,1,5,5,5,2,16,6,2,9,1,1,C03,7,6,1,10,2,14,,6,6,1,21,8,C03,120.720829,24.153762,2
2022,11,24,7,50,臺中市,西區,0,2,0,8,1,5,50,4,1,1,5,4,5,7,1,1,5,4,4,1,13,16,2,9,1,1,C03,7,9,1,10,2,11,,16,16,1,21,8,C03,120.659799,24.161223,2
2022,11,24,7,50,臺中市,大里區,0,1,0,6,1,5,50,4,1,1,4,4,5,7,4,4,9,5,4,2,16,26,3,10,1,1,C03,7,9,1,10,2,12,,26,26,1,22,8,C03,120.700856,24.094939,2
2022,11,24,7,51,臺中市,潭子區,0,0,0,8,,,50,,,,,,,,,,,,,,,12,,,,,B03,,,1,,2,,,12,,1,22,,B03,120.701919,24.201727,3
2022,11,24,7,51,臺中市,北屯區,0,1,0,6,1,5,30,4,2,1,4,4,5,7,4,4,10,5,5,2,18,23,2,9,1,1,C03,7,9,1,10,2,14,,23,23,1,21,8,C03,120.668185,24.183405,2
2022,11,24,7,53,臺中市,大里區,0,2,0,6,1,5,50,14,9,1,4,4,5,7,4,4,5,5,5,1,16,10,2,9,1,1,C03,7,11,1,8,2,11,,10,10,1,5,8,C03,120.683465,24.110106,2
2022,11,24,7,54,臺中市,大里區,0,1,0,6,1,5,40,4,2,1,4,4,5,7,1,1,1,4,4,1,18,23,2,9,1,1,C03,7,9,1,10,2,14,,23,23,1,21,1,C03,120.665435,24.094688,2
2022,11,24,7,56,臺中市,太平區,0,0,0,6,,,50,,,,,,,,,,,,,,,16,,,,,B12,,,1,,2,,,16,,1,3,,B12,120.713943,24.126099,3
2022,11,24,7,56,臺中市,后里區,0,1,0,6,1,5,50,4,1,1,4,4,5,7,1,1,10,5,5,2,16,6,3,10,1,1,B03,7,6,1,8,2,2,,6,6,1,9,8,B03,120.722305,24.308898,2
2022,11,24,7,57,臺中市,西屯區,0,2,0,6,1,5,50,3,2,1,4,4,5,7,4,4,10,4,5,2,13,23,2,9,1,1,C03,7,9,1,10,2,11,,23,23,1,22,8,C03,120.652319,24.19846,2
2022,11,24,7,58,臺中市,清水區,0,1,0,7,1,5,50,14,9,1,4,4,5,7,4,4,5,5,5,2,17,19,2,8,1,1,C03,7,1,1,10,2,14,,19,19,1,5,5,C03,120.576512,24.26909,2
2022,11,24,8,0,臺中市,東區,0,1,0,6,1,5,50,3,1,1,4,4,5,7,1,1,10,5,5,2,15,43,3,10,1,1,C03,7,9,1,10,2,12,,43,43,1,22,8,C03,120.694378,24.151676,2
2022,11,24,8,0,臺中市,北屯區,0,0,0,6,,,30,,,,,,,,,,,,,,,23,,,,,B03,,,1,,2,,,23,,1,22,,B03,120.701448,24.171845,3
2022,11,24,8,1,臺中市,西屯區,0,0,0,6,,,50,,,,,,,,,,,,,,,42,,,,,B03,,,1,,1,,,42,,1,22,,B03,120.619877,24.182747,3
2022,11,24,8,2,臺中市,西屯區,0,0,0,6,,,50,,,,,,,,,,,,,,,16,,,,,C04,,,1,,1,,,16,,1,22,,C04,120.667869,24.174836,3
2022,11,24,8,5,臺中市,大甲區,0,1,0,6,1,5,50,14,9,1,4,4,5,7,4,4,5,5,5,1,16,26,3,10,1,1,B03,7,5,1,8,2,8,4,26,26,1,5,8,B03,120.62048,24.34471,2
2022,11,24,8,12,臺中市,中區,0,1,0,8,1,5,50,4,1,1,5,4,5,7,3,1,10,5,5,2,17,43,2,9,1,1,C03,7,9,1,10,2,14,,43,43,1,20,8,C03,120.675833,24.142835,2
2022,11,24,8,12,臺中市,大肚區,0,0,0,6,,,50,,,,,,,,,,,,,,,23,,,,,B03,,,1,,2,,,23,,1,4,,B03,120.560822,24.125326,3
2022,11,24,8,14,臺中市,大里區,0,1,0,6,1,5,50,4,1,1,4,4,5,7,1,1,5,4,4,1,11,8,3,10,1,1,B12,7,5,1,7,2,2,,8,8,1,21,8,B12,120.67453,24.097728,2
2022,11,24,8,15,臺中市,大雅區,0,1,0,7,1,5,30,11,9,1,4,4,5,7,4,4,10,4,5,1,17,5,3,10,1,1,B12,7,9,1,8,2,8,,5,5,1,22,9,B12,120.66897,24.227106,2
2022,11,24,8,17,臺中市,北區,0,2,0,6,1,5,50,14,8,1,4,4,5,7,4,4,8,3,4,2,18,43,2,8,1,1,C03,7,9,1,10,2,15,,43,43,1,2,8,C03,120.676507,24.151733,2
2022,11,24,8,19,臺中市,烏日區,0,1,0,8,1,5,30,4,1,1,4,4,5,7,1,1,10,5,5,2,16,23,3,10,1,1,C03,7,9,3,18,2,11,,23,23,1,22,8,C03,120.642569,24.076209,2
2022,11,24,8,21,臺中市,西區,0,2,0,6,1,5,50,4,1,1,4,4,5,7,1,1,5,5,5,2,13,16,2,9,3,4,C03,7,9,1,10,2,11,,16,16,1,21,8,C03,120.665287,24.150867,2
2022,11,24,8,21,臺中市,西屯區,0,1,0,6,1,5,50,14,9,1,4,4,5,7,4,4,5,4,5,2,18,23,2,9,1,1,C03,7,9,1,10,2,14,,23,23,1,4,8,C03,120.62912,24.205229,2
2022,11,24,8,21,臺中市,大里區,0,0,0,6,,,50,,,,,,,,,,,,,,,26,,,,,B03,,,1,,1,,,26,,1,20,,B03,120.685003,24.110223,3
2022,11,24,8,22,臺中市,大雅區,0,1,0,6,1,5,50,3,2,1,4,4,5,7,1,1,5,4,5,1,18,23,2,9,1,1,C03,7,9,1,10,2,15,,23,23,1,22,8,C03,120.64111,24.219304,2
2022,11,24,8,24,臺中市,南區,0,1,0,7,1,5,50,4,1,1,4,4,5,7,2,1,10,5,5,2,16,6,3,10,3,4,B03,7,5,1,2,2,6,,6,6,1,5,8,B03,120.690576,24.131833,2
2022,11,24,8,25,臺中市,西屯區,0,2,0,6,1,5,40,14,8,1,4,4,5,7,4,4,4,3,4,2,9,42,2,9,1,1,C03,7,9,1,10,2,12,,42,42,1,22,8,C03,120.645994,24.17254,2
2022,11,24,8,25,臺中市,西屯區,0,0,0,8,,,50,,,,,,,,,,,,,,,18,,,,,B03,,,1,,1,,,18,,1,22,,B03,120.621033,24.172034,3
2022,11,24,8,25,臺中市,太平區,0,1,0,6,1,5,30,3,1,1,4,4,5,7,4,4,5,5,5,2,16,6,3,10,1,1,B03,7,5,1,8,2,5,,6,6,1,21,8,B03,120.721581,24.147671,2
2022,11,24,8,25,臺中市,沙鹿區,0,0,0,8,,,60,,,,,,,,,,,,,,,7,,,,,B03,,,1,,2,,,7,,1,21,,B03,120.564691,24.23969,3
2022,11,24,8,26,臺中市,霧峰區,0,0,0,8,,,40,,,,,,,,,,,,,,,23,,,,,B03,,,1,,2,,,23,,1,4,,B03,120.662634,24.068431,3
2022,11,24,8,29,臺中市,北屯區,0,3,0,6,1,5,50,3,1,1,4,4,5,7,4,4,10,5,5,2,13,23,2,9,1,1,C03,7,9,1,9,2,13,,44,23,1,22,8,C03,120.688105,24.180315,2
2022,11,24,8,32,臺中市,南區,0,1,0,7,1,5,50,3,1,1,5,4,5,7,2,1,10,5,5,2,13,23,2,9,1,1,C03,7,9,1,10,2,14,,23,23,1,21,8,C03,120.657432,24.132724,2
2022,11,24,8,35,臺中市,西區,0,0,0,6,,,50,,,,,,,,,,,,,,,7,,,,,B03,,,1,,1,,,7,,1,21,,B03,120.680358,24.135216,3
2022,11,24,8,36,臺中市,太平區,0,0,0,6,,,40,,,,,,,,,,,,,,,23,,,,,C03,,,1,,2,,,23,,1,20,,C03,120.726203,24.149712,3
2022,11,24,8,38,臺中市,西屯區,0,1,0,6,1,5,50,4,1,1,4,4,5,7,1,1,10,5,5,2,13,25,3,10,3,4,B03,7,9,1,8,2,1,,25,25,1,22,8,B03,120.654271,24.161869,2
2022,11,24,8,39,臺中市,烏日區,0,0,0,6,1,5,50,4,2,1,4,4,5,7,3,1,10,5,5,2,12,17,3,10,3,4,B03,7,9,1,8,2,2,,17,17,1,21,9,B03,120.627467,24.101901,3
2022,11,24,8,40,臺中市,北區,0,0,0,8,,,50,,,,,,,,,,,,,,,23,,,,,B12,,,1,,1,,,23,,1,22,,B12,120.673101,24.158364,3
2022,11,24,8,40,臺中市,豐原區,0,1,0,8,1,5,50,4,1,1,5,4,5,7,1,1,8,3,1,1,16,23,3,10,1,1,B03,7,5,1,8,2,8,,23,23,1,22,5,B03,120.724815,24.245601,2
2022,11,24,8,41,臺中市,中區,0,1,0,8,1,5,50,4,1,1,5,4,5,7,4,4,10,5,5,2,17,6,2,9,1,1,C03,7,5,1,10,2,12,,6,6,1,4,1,C03,120.674776,24.143194,2
2022,11,24,8,42,臺中市,梧棲區,0,0,0,6,,,40,,,,,,,,,,,,,,,23,,,,,B03,,,1,,1,,,23,,1,5,,B03,120.525854,24.224621,4
2022,11,24,8,44,臺中市,梧棲區,0,0,0,8,,,50,,,,,,,,,,,,,,,23,,,,,C03,,,1,,1,,,23,,1,22,,C03,120.529256,24.255788,3
2022,11,24,8,45,臺中市,大肚區,0,0,0,,,,50,,,,,,,,,,,,,,,23,,,,,B03,,,1,,2,,,23,,1,22,,B03,120.577139,24.165096,3
2022,11,24,8,45,臺中市,外埔區,0,0,0,6,1,4,40,14,9,1,4,4,5,7,4,4,10,5,5,1,14,12,,,,,B12,,,1,,2,,,12,,1,7,,B12,120.713271,24.348338,3
2022,11,24,8,53,臺中市,北屯區,0,1,0,6,1,5,50,14,8,1,4,4,5,7,4,4,5,4,4,2,17,23,2,9,1,1,B03,7,9,1,8,2,5,,23,23,1,5,8,B03,120.674401,24.178671,2
2022,11,24,8,53,臺中市,大里區,0,0,0,8,,,60,,,,,,,,,,,,,,,7,,,,,B03,,,1,,2,,,7,,1,22,,B03,120.665197,24.106724,3
2022,11,24,8,58,臺中市,南屯區,0,0,0,,,,50,,,,,,,,,,,,,,,23,,,,,C03,,,1,,1,,,23,,1,22,,C03,120.648227,24.123252,3
2022,11,24,8,58,臺中市,烏日區,0,1,0,8,1,5,50,14,8,1,4,4,5,7,4,4,9,4,4,2,18,16,2,9,1,1,C03,7,9,1,10,2,15,,16,16,1,21,8,C03,120.641728,24.10684,2
2022,11,24,8,59,臺中市,烏日區,0,0,0,7,1,5,50,3,9,1,5,4,5,7,4,4,10,5,5,2,11,17,3,10,3,4,A12,7,9,1,7,2,7,,17,17,1,21,9,A12,120.641442,24.094274,3
2022,11,24,9,0,臺中市,大雅區,0,0,0,8,,,50,,,,,,,,,,,,,,,40,,,,,A11,,,1,,2,,,40,,1,22,,A11,120.643965,24.208237,3
2022,11,24,9,0,臺中市,北屯區,0,0,0,8,,,50,,,,,,,,,,,,,,,23,,,,,A12,,,1,,1,,,23,,1,10,,A12,120.718458,24.172675,3
2022,11,24,9,0,臺中市,西屯區,0,1,0,6,1,5,30,3,1,1,4,4,5,7,4,4,1,3,5,2,16,6,3,10,1,1,B03,7,6,1,8,2,7,,6,6,1,22,8,B03,120.654682,24.167983,2
2022,11,24,9,0,臺中市,大肚區,0,2,0,6,1,5,50,4,2,1,4,4,5,7,1,1,9,4,5,1,16,26,2,8,1,1,C03,7,9,1,10,2,11,,23,26,1,3,9,C03,120.578355,24.167343,2
2022,11,24,9,1,臺中市,北屯區,0,1,0,6,1,5,50,4,1,1,4,4,5,7,2,1,10,5,5,2,18,23,2,9,1,1,C03,7,9,1,10,2,14,,23,23,1,22,8,C03,120.685621,24.17193,2
2022,11,24,9,3,臺中市,北屯區,0,1,0,6,1,5,50,4,1,1,4,4,5,7,1,1,10,5,5,2,18,23,2,9,1,1,C03,7,9,1,10,2,12,,23,23,1,21,8,C03,120.718558,24.170169,2
2022,11,24,9,5,臺中市,大雅區,0,0,0,6,,,30,,,,,,,,,,,,,,,23,,,,,B03,,,1,,2,,,23,,1,22,,B03,120.63105,24.220065,3
2022,11,24,9,6,臺中市,南屯區,0,0,0,8,,,50,,,,,,,,,,,,,,,23,,,,,B03,,,1,8,9,,,23,23,1,12,,B03,120.627553,24.117907,3
2022,11,24,9,7,臺中市,西屯區,0,0,0,8,,,40,,,,,,,,,,,,,,,23,,,,,B03,,,1,,1,,,23,,1,22,,B03,120.632748,24.171601,3
2022,11,24,9,9,臺中市,西屯區,0,0,0,8,,,50,,,,,,,,,,,,,,,42,,,,,B03,,,1,,1,,,42,,1,22,,B03,120.641091,24.156377,3
2022,11,24,9,10,臺中市,龍井區,0,1,0,7,1,5,50,14,9,1,5,4,5,7,4,4,5,5,5,1,17,19,3,10,3,4,B03,7,1,1,8,2,4,,19,19,1,5,1,B03,120.548555,24.189798,2
2022,11,24,9,11,臺中市,大里區,0,0,0,6,,,50,,,,,,,,,,,,,,,23,,,,,C03,,,1,,1,,,23,23,1,5,,C03,120.680028,24.114891,3
2022,11,24,9,14,臺中市,潭子區,0,0,0,6,,,50,,,,,,,,,,,,,,,42,,,,,B03,,,1,,9,,,42,,1,22,,B03,120.68978,24.211403,3
2022,11,24,9,15,臺中市,北屯區,0,0,0,8,,,50,,,,,,,,,,,,,,,25,,,,,B03,,,1,,2,,,25,25,1,5,,B03,120.702483,24.186751,3
2022,11,24,9,19,臺中市,東區,0,1,0,8,1,5,50,3,1,1,5,4,5,7,4,4,10,5,5,2,17,10,3,10,1,1,B01,7,11,1,4,2,6,,10,10,1,22,8,B01,120.701119,24.143325,2
2022,11,24,9,20,臺中市,南屯區,0,0,0,8,,,50,,,,,,,,,,,,,,,16,,,,,A05,,,1,1,1,,,16,16,1,12,,A05,120.646343,24.135933,3
2022,11,24,9,25,臺中市,西屯區,0,0,0,8,,,50,,,,,,,,,,,,,,,23,,,,,B03,,,1,,1,,,23,,1,22,,B03,120.615368,24.188903,3
2022,11,24,9,27,臺中市,霧峰區,0,0,0,8,,,50,,,,,,,,,,,,,,,44,,,,,C03,,,1,,10,,,44,,1,22,,C03,120.694225,24.072585,3
2022,11,24,9,29,臺中市,北區,0,0,0,,,,50,,,,,,,,,,,,,,,43,,,,,C03,,,1,,2,,,43,,1,21,,C03,120.685169,24.166985,3
2022,11,24,9,30,臺中市,南區,0,2,0,7,1,5,50,4,1,1,4,4,5,7,1,1,10,5,5,2,16,23,2,8,1,1,C03,7,6,1,10,2,14,,23,23,1,22,8,C03,120.669088,24.128521,2
2022,11,24,9,36,臺中市,大雅區,0,1,0,7,1,5,50,3,2,1,4,4,5,7,1,1,3,4,5,1,17,2,3,10,1,1,B03,7,4,1,8,2,2,,2,2,1,22,8,B03,120.64227,24.229109,2
2022,11,24,9,37,臺中市,潭子區,0,1,0,7,1,5,60,14,9,1,4,4,5,7,4,4,1,4,5,1,17,23,2,8,1,1,C03,7,12,1,10,2,15,,23,23,1,22,8,C03,120.705125,24.21189,2
2022,11,24,9,37,臺中市,南區,0,2,0,6,1,5,30,4,1,1,4,4,5,7,4,4,10,5,5,2,15,6,2,9,3,4,C03,7,9,1,10,2,12,,6,6,1,5,8,C03,120.670053,24.11694,2
2022,11,24,9,38,臺中市,西屯區,0,0,0,6,,,50,,,,,,,,,,,,,,,7,,,,,B03,,,1,,1,,,7,,1,22,,B03,120.617033,24.182105,3
2022,11,24,9,43,臺中市,龍井區,0,2,0,7,1,5,50,14,7,1,4,4,5,7,4,4,3,4,3,1,13,23,2,9,2,1,B03,7,9,1,8,2,1,,23,23,1,4,8,B03,120.590793,24.183757,2
2022,11,24,9,45,臺中市,西屯區,0,0,0,8,,,40,,,,,,,,,,,,,,,17,,,,,A02,,,1,,2,,,17,,1,22,,A02,120.659481,24.175598,3
2022,11,24,9,46,臺中市,北屯區,0,1,0,8,1,5,50,4,1,1,5,4,5,7,2,1,10,5,5,2,16,6,3,10,1,1,C03,7,6,1,10,9,12,,6,6,2,18,8,C03,120.70396,24.182162,2
2022,11,24,9,47,臺中市,南區,0,0,0,,,,40,,,,,,,,,,,,,,,23,,,,,B03,,,1,,2,,,23,,1,21,,B03,120.657939,24.11697,3
2022,11,24,9,49,臺中市,南區,0,2,0,8,1,5,50,4,1,1,5,4,5,7,1,1,10,5,5,2,16,6,3,10,1,1,B03,7,5,1,8,2,1,,6,6,1,22,8,B03,120.653495,24.122737,2
2022,11,24,9,50,臺中市,西區,0,0,0,,,,50,,,,,,,,,,,,,,,7,,,,,B03,,,1,,1,,,7,,1,20,,B03,120.655135,24.140024,3
2022,11,24,9,50,臺中市,北屯區,0,1,0,8,1,5,50,4,4,1,5,4,5,7,1,1,10,5,5,2,13,23,3,10,1,1,B03,7,1,1,8,2,1,,23,23,1,22,8,B03,120.6694,24.177536,2
2022,11,24,9,51,臺中市,西屯區,0,0,0,8,,,30,,,,,,,,,,,,,,,12,,,,,B12,,,1,,9,,,12,,1,22,,B12,120.64573,24.179423,3
2022,11,24,9,53,臺中市,烏日區,0,0,0,8,1,3,50,3,2,1,4,4,5,7,1,1,1,1,1,2,13,42,,,,,A41,,,1,,4,,,42,,1,21,,A41,120.642033,24.115658,3
2022,11,24,9,57,臺中市,北區,0,0,0,8,,,50,,,,,,,,,,,,,,,16,,,,,C03,,,1,,2,,,16,,1,22,,C03,120.696768,24.155178,3
2022,11,24,9,58,臺中市,豐原區,0,0,0,6,1,3,60,4,2,1,4,4,5,7,1,1,8,3,4,1,13,23,3,10,3,4,B03,7,1,1,8,9,1,,23,23,1,21,1,B03,120.724393,24.229124,3
2022,11,24,10,2,臺中市,南屯區,0,0,0,8,,,40,,,,,,,,,,,,,,,23,,,,,B03,,,1,,2,,,23,,1,22,,B03,120.642362,24.148947,3
2022,11,24,10,5,臺中市,西屯區,0,1,0,8,1,5,50,14,9,1,5,4,5,7,4,4,1,4,5,2,16,6,3,10,1,1,B03,7,6,1,8,2,2,,6,6,1,4,8,B03,120.646744,24.157375,2
2022,11,24,10,6,臺中市,太平區,0,1,0,6,1,5,30,14,9,1,4,4,5,7,4,4,5,5,5,2,11,5,3,10,1,1,B03,7,9,1,8,2,8,,5,5,1,21,8,B03,120.711801,24.125651,2
2022,11,24,10,7,臺中市,大雅區,0,0,0,8,,,50,,,,,,,,,,,,,,,8,,,,,B12,,,1,,2,,,8,,1,22,,B12,120.667265,24.235705,3
2022,11,24,10,7,臺中市,梧棲區,0,0,0,,,,40,,,,,,,,,,,,,,,17,,,,,B03,,,1,,2,,,17,,1,4,,B03,120.543922,24.246951,3
2022,11,24,10,10,臺中市,龍井區,0,1,0,6,1,5,50,14,9,1,4,4,5,7,4,4,9,4,5,2,17,42,2,8,1,1,C03,7,7,1,10,2,14,,42,13,1,5,1,C03,120.595301,24.186729,2
2022,11,24,10,15,臺中市,東區,0,1,0,7,1,5,50,4,1,1,4,4,5,7,1,1,10,5,5,2,16,1,2,9,1,1,C03,7,9,1,10,2,14,,1,1,1,22,8,C03,120.699336,24.147912,2
2022,11,24,10,17,臺中市,烏日區,0,1,0,1,2,5,40,11,8,1,4,4,5,1,4,4,1,5,1,2,20,23,2,9,3,4,C03,7,9,1,10,2,12,,23,23,1,21,9,C03,120.625199,24.099599,2
2022,11,24,10,18,臺中市,東勢區,0,1,0,8,1,5,50,4,9,1,5,4,5,7,1,1,5,5,5,1,13,23,2,9,3,4,C03,7,9,3,18,2,11,,23,23,1,22,8,C03,120.833575,24.251164,2
2022,11,24,10,19,臺中市,西屯區,0,0,0,8,,,30,,,,,,,,,,,,,,,23,,,,,B11,,,1,,1,,,23,,1,22,,B11,120.645537,24.202787,3
2022,11,24,10,25,臺中市,北屯區,0,0,0,8,,,40,,,,,,,,,,,,,,,23,,,,,B03,,,1,,1,,,23,,1,22,,B03,120.719148,24.162013,3
2022,11,24,10,41,臺中市,豐原區,0,0,0,8,,,50,,,,,,,,,,,,,,,19,,,,,B03,,,1,,2,,,19,,1,22,,B03,120.716286,24.244271,3
2022,11,24,10,43,臺中市,北屯區,0,1,0,7,1,5,50,4,1,1,5,4,5,7,2,1,10,5,5,2,13,23,2,9,1,1,C03,7,9,1,10,2,11,,23,23,1,22,8,C03,120.685479,24.171979,2
2022,11,24,10,43,臺中市,西屯區,0,0,0,8,,,80,,,,,,,,,,,,,,,7,,,,,B03,,,1,,1,,,7,,1,22,,B03,120.634168,24.176111,3
2022,11,24,10,47,臺中市,北區,0,1,0,7,1,5,50,5,2,1,4,4,5,7,2,1,8,3,5,2,18,43,2,9,1,1,C03,7,9,1,10,2,15,,43,43,1,18,8,C03,120.686252,24.15482,2
2022,11,24,10,51,臺中市,豐原區,0,1,0,7,1,5,30,5,1,1,4,4,5,7,1,1,8,3,4,1,11,6,2,8,1,1,C03,7,5,1,10,2,12,,6,6,1,22,5,C03,120.720196,24.249196,2
2022,11,24,10,53,臺中市,西屯區,0,2,0,8,1,5,50,4,1,1,5,4,5,7,4,4,10,5,5,2,17,23,2,9,3,4,C03,7,6,1,10,2,11,,23,23,1,22,8,C03,120.657545,24.161414,2
2022,11,24,11,0,臺中市,北屯區,0,0,0,8,,,50,,,,,,,,,,,,,,,23,,,,,B12,,,1,,2,,,23,,1,21,,B12,120.684463,24.186074,3
2022,11,24,11,0,臺中市,烏日區,0,0,0,8,1,5,50,4,1,1,4,4,5,7,1,1,10,2,5,1,16,6,,,,,B03,,,1,,2,,,6,,1,22,,B03,120.63838,24.221173,3
2022,11,24,11,0,臺中市,和平區,0,0,0,6,,,50,,,,,,,,,,,,,,,23,,,,,B03,,,1,,2,,,23,,1,22,,B03,121.004982,24.196764,3
2022,11,24,11,2,臺中市,潭子區,0,0,0,8,,,50,,,,,,,,,,,,,,,23,,,,,B03,,,1,,2,,,23,,1,22,,B03,120.707105,24.200366,3
2022,11,24,11,4,臺中市,西屯區,0,1,0,8,1,5,50,14,8,1,5,4,5,7,4,4,1,5,1,2,18,42,2,9,3,4,C03,7,6,1,10,2,12,,42,42,1,22,8,C03,120.61286,24.184056,2
2022,11,24,11,9,臺中市,南屯區,0,0,0,,,,30,,,,,,,,,,,,,,,44,,,,,B03,,,1,,11,,,44,,1,22,,B03,120.64189,24.147808,3
2022,11,24,11,17,臺中市,西區,0,2,0,8,1,5,50,4,1,1,5,4,5,7,4,4,5,5,5,2,16,6,2,9,3,4,C03,7,9,1,10,2,11,,6,6,1,21,8,C03,120.66018,24.152542,2
2022,11,24,11,17,臺中市,南屯區,0,0,0,8,,,60,,,,,,,,,,,,,,,23,,,,,B12,,,1,,1,,,23,,1,5,,B12,120.622961,24.137968,3
2022,11,24,11,20,臺中市,大雅區,0,1,0,8,1,5,40,4,1,1,5,4,5,7,1,1,10,5,5,2,15,25,3,10,1,1,C03,7,9,1,10,2,11,,25,25,1,22,8,C03,120.644375,24.227213,2
2022,11,24,11,25,臺中市,潭子區,0,0,0,8,,,60,,,,,,,,,,,,,,,23,,,,,C03,,,1,,2,,,23,,1,22,,C03,120.703018,24.199899,3
2022,11,24,11,30,臺中市,北屯區,0,2,0,8,1,5,50,4,18,1,5,4,5,7,2,1,10,5,5,2,3,15,2,9,3,4,C03,7,9,1,10,2,15,,15,15,1,21,8,C03,120.671268,24.173885,2
2022,11,24,11,30,臺中市,西屯區,0,0,0,8,,,50,,,,,,,,,,,,,,,23,,,,,B02,,,1,,1,,,23,,1,4,,B02,120.611689,24.190708,3
2022,11,24,11,30,臺中市,太平區,0,1,0,8,1,5,50,3,1,1,5,4,5,7,1,1,10,5,5,2,16,6,3,10,1,1,B12,7,5,1,7,2,2,,6,6,1,22,8,B12,120.728822,24.096322,2
2022,11,24,11,36,臺中市,太平區,0,1,0,7,1,5,50,4,1,1,4,4,5,7,1,1,10,5,5,2,29,23,2,9,1,1,C03,7,9,1,10,2,12,11,23,23,1,22,8,C03,120.736071,24.133156,2
2022,11,24,11,36,臺中市,豐原區,0,0,0,8,,,30,,,,,,,,,,,,,,,6,,,,,B03,,,1,,2,,,6,6,1,4,,B03,120.747886,24.271361,3