年,月,日,時,分,縣市,區,死,受傷,2-30,天候,光線,道路類別,速限,道路型態,事故位置,路面鋪裝,路面狀態,路面缺陷,障礙物,視距,號誌種類,號誌動作,分向設施,快車道或一般車道間,快慢車道間,路面邊線,事故類型及型態,主要肇因,受傷程度,主要傷處,保護裝備,行動電話,當事者區分,車輛用途,當事者行動狀態,駕駛資格情形,駕駛執照種類,飲酒情形,車輛撞擊部位最初,車輛撞擊部位其他,肇事因素個別,肇事因素主要,肇事逃逸,職業,旅次目的,車種,GPS緯度,GPS經度,事故類別
2022,11,24,11,45,臺中市,南區,0,0,0,,,,50,,,,,,,,,,,,,,,12,,,,,B03,,,1,,2,,,12,,1,21,,B03,120.678994,24.124772,3
2022,11,24,11,50,臺中市,神岡區,0,0,0,8,,,50,,,,,,,,,,,,,,,17,,,,,B03,,,1,,2,,,17,,1,22,,B03,120.659766,24.257316,3
2022,11,24,11,53,臺中市,大里區,0,1,0,8,1,5,50,4,1,1,5,4,5,7,4,4,5,4,4,1,17,10,3,10,1,1,B12,7,11,1,8,2,4,,10,10,1,21,3,B12,120.683835,24.110772,2
2022,11,24,12,0,臺中市,東區,0,0,0,8,,,50,,,,,,,,,,,,,,,23,,,,,B03,,,1,,2,,,23,,1,22,,B03,120.686351,24.141523,3
2022,11,24,12,3,臺中市,東區,0,1,0,8,1,5,50,4,1,1,5,4,5,7,1,1,10,5,5,2,16,8,2,9,1,1,C03,7,5,1,10,2,11,,8,8,1,22,8,C03,120.705039,24.136267,2
2022,11,24,12,4,臺中市,西屯區,0,2,0,8,1,5,50,3,1,1,5,4,5,7,1,1,10,5,5,2,16,8,2,9,1,1,C03,7,5,3,18,2,12,,8,8,1,22,8,C03,120.644939,24.182314,2
2022,11,24,12,6,臺中市,清水區,0,1,0,8,1,5,50,4,1,1,5,4,5,7,1,1,8,3,4,1,16,25,2,9,1,1,C03,7,9,1,10,2,14,,25,25,1,21,8,C03,120.56027,24.268417,2
2022,11,24,12,10,臺中市,南屯區,0,0,0,8,,,50,,,,,,,,,,,,,,,23,,,,,B03,,,1,8,2,,,23,23,1,12,,B03,120.629346,24.117878,3
2022,11,24,12,14,臺中市,潭子區,0,0,0,8,,,50,,,,,,,,,,,,,,,11,,,,,C03,,,1,,2,,,11,,1,22,,C03,120.700146,24.194459,3
2022,11,24,12,15,臺中市,太平區,0,1,0,7,1,5,50,4,1,1,5,4,5,7,1,1,10,5,5,2,15,25,2,7,1,1,C03,7,9,1,10,2,11,,25,25,1,3,8,C03,120.7187,24.148876,2
2022,11,24,12,23,臺中市,南區,0,0,0,8,,,50,,,,,,,,,,,,,,,12,,,,,A11,,,1,2,2,,,12,12,1,5,,A11,120.684908,24.128523,3
2022,11,24,12,28,臺中市,北屯區,0,3,0,8,1,5,40,14,7,1,5,4,5,7,4,4,5,5,4,2,16,26,2,9,1,1,C03,7,11,1,10,2,12,13,26,26,1,5,8,C03,120.724454,24.172327,2
2022,11,24,12,28,臺中市,西屯區,0,0,0,8,,,50,,,,,,,,,,,,,,,23,,,,,B03,,,1,,1,,,23,,1,22,,B03,120.61582,24.190194,3
2022,11,24,12,30,臺中市,東區,0,2,0,8,1,5,50,4,1,1,5,4,5,7,1,1,10,5,5,2,16,8,2,8,1,1,C03,7,5,1,10,2,14,,8,8,1,21,8,C03,120.69599,24.142905,2
2022,11,24,12,30,臺中市,神岡區,0,0,0,8,,,50,,,,,,,,,,,,,,,12,,,,,B11,,,1,,2,,,12,,1,21,,B11,120.700394,24.263514,3
2022,11,24,12,31,臺中市,北屯區,0,1,0,8,1,5,50,5,1,1,5,4,5,7,2,1,10,5,5,2,17,19,3,10,1,1,B03,7,1,1,8,2,8,,19,19,1,21,8,B03,120.718984,24.174274,2
2022,11,24,12,33,臺中市,西屯區,0,0,0,8,,,50,,,,,,,,,,,,,,,43,,,,,C03,,,1,,1,,,43,,1,22,,C03,120.650351,24.176396,3
2022,11,24,12,34,臺中市,西屯區,0,1,0,7,1,5,40,14,8,1,5,4,5,7,4,4,1,4,3,2,18,23,2,9,1,1,C03,7,9,1,10,1,14,,23,23,1,4,8,C03,120.644376,24.165714,2
2022,11,24,12,34,臺中市,大甲區,0,1,0,6,1,5,50,14,9,1,4,4,5,7,4,4,5,5,5,1,18,23,2,9,1,1,C03,7,9,1,10,2,14,,23,23,1,22,9,C03,120.620893,24.345526,2
2022,11,24,12,35,臺中市,西屯區,0,1,0,8,1,5,50,4,2,1,5,4,5,7,2,1,5,4,4,2,16,6,2,9,3,4,C03,7,5,1,10,2,14,,6,6,1,22,8,C03,120.664461,24.171051,2
2022,11,24,12,39,臺中市,南區,0,0,0,8,,,40,,,,,,,,,,,,,,,7,,,,,C03,,,1,,2,,,7,7,1,22,,C03,120.684641,24.130704,3
2022,11,24,12,39,臺中市,沙鹿區,0,1,0,8,1,5,30,14,9,1,5,4,5,7,4,4,10,5,5,2,17,42,2,8,1,1,C03,7,9,1,10,2,14,,42,42,1,18,8,C03,120.582399,24.218926,2
2022,11,24,12,40,臺中市,西區,0,1,0,8,1,5,50,4,1,1,5,4,5,7,1,1,5,4,4,1,16,9,3,10,1,1,B03,7,6,1,8,2,6,,9,9,1,21,8,B03,120.676527,24.156458,2
2022,11,24,12,49,臺中市,南屯區,0,1,0,8,1,5,50,3,1,1,5,4,5,7,4,4,10,5,5,2,17,10,3,10,1,1,B12,7,11,1,8,1,5,,10,10,1,5,8,B12,120.606403,24.134693,2
2022,11,24,12,55,臺中市,北屯區,0,1,0,8,1,5,30,3,1,1,5,4,5,7,4,4,10,5,5,2,17,17,2,9,1,1,C03,7,5,3,18,2,12,,17,17,1,22,8,C03,120.695828,24.163899,2
2022,11,24,13,7,臺中市,大里區,0,1,0,8,1,5,25,8,12,1,5,4,5,7,2,2,1,3,4,1,13,23,2,9,1,1,C03,7,9,1,10,2,11,,23,23,1,5,8,C03,120.697135,24.111236,2
2022,11,24,13,10,臺中市,南區,0,1,0,8,1,5,40,14,9,1,5,4,5,7,4,4,10,5,5,2,10,5,3,10,1,1,B03,7,9,1,8,2,8,,5,5,1,22,8,B03,120.670958,24.116216,2
2022,11,24,13,11,臺中市,北屯區,0,2,0,7,1,5,50,4,1,1,5,4,5,7,2,1,10,5,5,2,16,19,2,9,1,1,C03,7,1,1,10,2,14,,19,19,1,22,8,C03,120.683686,24.176072,2
2022,11,24,13,16,臺中市,大里區,0,0,0,8,,,25,,,,,,,,,,,,,,,16,,,,,B12,,,2,,2,,,16,,1,21,,B12,120.697196,24.111229,3
2022,11,24,13,18,臺中市,太平區,0,1,0,8,1,5,50,4,1,1,5,4,5,7,1,1,5,5,5,2,17,23,2,9,1,1,C03,7,1,1,10,2,12,,19,23,1,21,8,C03,120.718317,24.153772,2
2022,11,24,13,28,臺中市,西區,0,0,0,8,,,50,,,,,,,,,,,,,,,23,,,,,B03,,,1,,1,,,23,,1,21,,B03,120.660951,24.159175,3
2022,11,24,13,36,臺中市,大甲區,0,1,0,6,1,5,50,4,1,1,4,4,5,7,4,4,10,5,5,2,17,6,3,10,1,1,B03,7,5,1,1,2,15,,6,6,1,9,8,B03,120.615815,24.347524,2
2022,11,24,13,37,臺中市,西屯區,0,0,0,8,,,1,,,,,,,,,,,,,,,12,,,,,C03,,,1,,2,,,12,,1,22,,C03,120.656998,24.195141,3
2022,11,24,13,45,臺中市,太平區,0,1,0,8,1,5,50,14,12,1,5,4,5,7,4,4,5,5,4,2,13,23,2,9,1,1,C03,7,9,1,10,2,11,,23,23,1,22,8,C03,120.714235,24.149492,2
2022,11,24,13,55,臺中市,大里區,0,0,0,8,,,40,,,,,,,,,,,,,,,17,,,,,B12,,,1,,2,,,17,,1,10,,B12,120.70875,24.099061,3
2022,11,24,13,59,臺中市,南屯區,0,0,0,8,,,50,,,,,,,,,,,,,,,7,,,,,B01,,,1,,2,,,7,,1,10,,B01,120.630846,24.14649,3
2022,11,24,14,3,臺中市,西區,0,2,0,8,1,5,30,4,1,1,5,4,5,7,4,4,10,5,5,2,15,6,2,7,1,1,C03,7,9,1,10,2,11,,6,6,1,22,9,C03,120.659284,24.149703,2
2022,11,24,14,5,臺中市,南區,0,2,0,7,1,5,30,4,1,1,5,4,5,7,4,4,10,5,5,2,15,6,2,8,3,4,C03,7,9,1,10,2,15,,6,6,1,5,8,C03,120.673523,24.127613,2
2022,11,24,14,8,臺中市,西屯區,0,1,0,8,1,5,40,4,1,1,5,4,5,7,1,1,10,5,5,2,17,6,2,9,1,1,C03,7,9,1,10,2,15,,23,6,1,4,8,C03,120.615734,24.184644,2
2022,11,24,14,10,臺中市,北區,0,0,0,,,,50,,,,,,,,,,,,,,,19,,,,,B12,,,1,,2,,,19,19,1,21,,B12,120.678478,24.150952,3
2022,11,24,14,12,臺中市,西區,0,1,0,8,1,5,50,4,1,1,5,4,5,7,2,1,10,5,5,2,13,26,2,9,1,1,C03,7,5,1,10,2,13,,26,26,1,22,8,C03,120.66177,24.154391,2
2022,11,24,14,14,臺中市,西區,0,0,0,8,,,50,,,,,,,,,,,,,,,42,,,,,B12,,,1,,1,,,42,42,1,21,,B12,120.664939,24.137414,3
2022,11,24,14,17,臺中市,大里區,0,0,0,8,,,30,,,,,,,,,,,,,,,11,,,,,B12,,,1,,2,,,11,,1,4,,B12,120.691008,24.10439,4
2022,11,24,14,20,臺中市,龍井區,0,0,0,8,,,60,,,,,,,,,,,,,,,23,,,,,B03,,,1,,2,,,23,,1,4,,B03,120.519868,24.212163,3
2022,11,24,14,25,臺中市,西屯區,0,1,0,8,1,5,50,4,1,1,5,4,5,7,2,1,10,5,5,2,16,6,3,10,3,4,A12,7,6,1,3,2,5,,6,6,1,22,8,A12,120.622061,24.174201,2
2022,11,24,14,30,臺中市,西區,0,1,0,8,1,5,50,3,1,1,5,4,5,7,4,4,10,5,5,2,1,17,3,10,1,1,C03,7,9,1,10,2,12,,17,17,1,20,8,C03,120.660186,24.146726,2
2022,11,24,14,30,臺中市,神岡區,0,1,0,8,1,5,30,4,1,1,5,4,5,7,4,4,10,5,5,2,15,6,3,10,1,1,B03,7,9,1,8,2,2,,6,6,1,22,9,B03,120.68529,24.251348,2
2022,11,24,14,37,臺中市,西屯區,0,2,0,8,1,5,40,3,2,1,5,4,5,7,1,1,1,5,1,2,17,16,2,8,1,1,C03,7,9,1,10,2,11,,16,16,1,22,8,C03,120.614211,24.183462,2
2022,11,24,14,40,臺中市,南屯區,0,1,0,8,1,5,50,3,1,1,5,4,5,7,4,4,5,5,5,2,16,1,2,8,1,1,C03,7,4,1,10,2,11,,1,1,1,6,1,C03,120.633828,24.136696,2
2022,11,24,14,40,臺中市,西屯區,0,0,0,8,,,30,,,,,,,,,,,,,,,12,,,,,B03,,,1,,1,,,12,,1,22,,B03,120.640421,24.169719,3
2022,11,24,14,40,臺中市,太平區,0,1,0,8,1,5,50,4,1,1,5,4,5,7,4,4,10,5,5,2,16,6,3,10,1,1,B03,7,5,1,8,2,5,,6,6,1,4,5,B03,120.716602,24.132236,2
2022,11,24,14,42,臺中市,大雅區,0,1,0,6,1,5,50,3,2,1,4,4,5,7,1,1,1,4,3,1,17,19,3,10,1,1,C01,7,1,1,9,2,15,,19,19,1,22,9,C01,120.612331,24.210369,2
2022,11,24,14,48,臺中市,烏日區,0,0,0,8,,,60,,,,,,,,,,,,,,,23,,,,,B03,,,1,,2,,,23,,1,20,,B03,120.642338,24.10921,3
2022,11,24,14,57,臺中市,北區,0,0,0,,,,50,,,,,,,,,,,,,,,43,,,,,B03,,,1,,11,,,43,,1,22,,B03,120.69038,24.160491,3
2022,11,24,14,59,臺中市,沙鹿區,0,0,0,,,,30,,,,,,,,,,,,,,,17,,,,,B03,,,1,,2,,,17,,1,22,,B03,120.588683,24.198591,3
2022,11,24,15,1,臺中市,西屯區,0,3,0,8,1,5,30,4,2,1,5,4,5,7,4,4,8,5,5,2,17,6,2,9,1,1,C03,7,9,1,10,2,11,,6,6,1,22,8,C03,120.644428,24.178791,2
2022,11,24,15,8,臺中市,潭子區,0,1,0,8,1,5,30,3,1,1,5,4,5,7,4,4,5,4,4,2,14,12,3,10,1,1,B03,7,2,6,18,2,7,,12,12,1,22,9,B03,120.709563,24.229851,2
2022,11,24,15,8,臺中市,西屯區,0,0,0,8,,,40,,,,,,,,,,,,,,,19,,,,,A12,,,1,,9,,,19,,1,22,,A12,120.653056,24.204503,3
2022,11,24,15,10,臺中市,大雅區,0,0,0,8,,,50,,,,,,,,,,,,,,,7,,,,,A12,,,1,,1,,,7,,1,22,,A12,120.642273,24.229109,3
2022,11,24,15,13,臺中市,北區,0,1,0,8,1,5,50,5,1,1,5,4,5,7,1,1,10,5,5,2,17,7,2,9,1,1,C03,7,7,1,8,2,14,,7,7,1,5,8,C03,120.686252,24.15482,2
2022,11,24,15,15,臺中市,西區,0,1,0,8,1,5,50,4,1,1,5,4,5,7,1,1,5,2,4,1,16,9,3,10,1,1,B03,7,6,1,8,2,6,,9,9,1,21,8,B03,120.675855,24.133176,2
2022,11,24,15,15,臺中市,西屯區,0,0,0,8,,,40,,,,,,,,,,,,,,,12,,,,,B03,,,1,,1,,,12,,1,22,,B03,120.634903,24.169221,3
2022,11,24,15,18,臺中市,豐原區,0,1,0,8,1,5,50,14,8,1,5,4,5,7,4,4,3,4,4,1,9,23,3,10,3,4,B03,7,9,1,8,2,2,,23,23,1,22,8,B03,120.741313,24.263263,2
2022,11,24,15,20,臺中市,西屯區,0,0,0,8,,,30,,,,,,,,,,,,,,,12,,,,,B03,,,1,,1,,,12,,1,22,,B03,120.638798,24.158963,3
2022,11,24,15,24,臺中市,南屯區,0,1,0,8,1,5,50,14,9,1,5,4,5,7,4,4,9,5,5,2,16,42,3,10,3,4,B03,7,5,1,8,2,4,,42,42,1,22,9,B03,120.63182,24.14362,2
2022,11,24,15,29,臺中市,南區,0,0,0,8,,,50,,,,,,,,,,,,,,,23,,,,,B12,,,1,,2,,,23,,1,5,,B12,120.655984,24.113708,3
2022,11,24,15,31,臺中市,西屯區,0,1,0,8,1,5,1,14,9,1,5,4,5,7,4,4,1,4,5,2,14,19,2,8,1,1,F03,7,1,8,20,2,16,,19,19,1,22,8,F03,120.666358,24.173209,2
2022,11,24,15,36,臺中市,北屯區,0,1,0,8,1,8,50,4,1,1,5,4,5,7,2,1,10,5,5,2,16,6,3,10,1,1,B03,7,6,1,8,2,2,,6,6,1,21,8,B03,120.709636,24.174651,2
2022,11,24,15,38,臺中市,西區,0,1,0,8,1,5,50,5,1,1,5,4,5,7,4,4,10,5,5,2,16,6,3,10,1,1,B03,7,6,1,8,2,2,,6,6,1,20,8,B03,120.671278,24.149439,2
2022,11,24,15,57,臺中市,北屯區,0,3,0,8,1,5,50,14,9,1,5,4,5,7,1,1,1,4,5,2,17,23,2,9,1,1,C03,7,9,1,10,2,14,,23,23,1,21,8,C03,120.693012,24.162175,2
2022,11,24,16,0,臺中市,大里區,0,2,0,8,1,5,50,4,1,1,5,4,5,7,1,1,10,5,5,2,16,6,3,10,1,1,B03,7,6,1,8,2,2,,6,6,1,5,5,B03,120.679228,24.116595,2
2022,11,24,16,12,臺中市,西屯區,0,0,0,8,,,50,,,,,,,,,,,,,,,42,,,,,F01,,,8,,8,,,42,,1,22,,F01,120.666755,24.175127,3
2022,11,24,16,16,臺中市,沙鹿區,0,1,0,8,1,5,50,4,2,1,5,4,5,7,4,4,8,3,4,1,17,7,2,9,3,4,C03,7,9,1,10,2,11,,44,7,1,22,8,C03,120.579886,24.214622,2
2022,11,24,16,20,臺中市,北區,0,0,0,8,,,40,,,,,,,,,,,,,,,17,,,,,B03,,,1,,1,,,17,,1,22,,B03,120.67493,24.159251,3
2022,11,24,16,31,臺中市,南區,0,0,0,,,,50,,,,,,,,,,,,,,,23,,,,,B12,,,1,,2,,,23,,1,22,,B12,120.671643,24.130356,3
2022,11,24,16,31,臺中市,霧峰區,0,1,0,8,1,5,50,3,1,1,5,4,5,7,1,1,10,5,5,2,17,26,3,10,3,4,C03,7,5,1,10,2,11,,26,26,1,22,8,C03,120.695135,24.061218,2
2022,11,24,16,32,臺中市,潭子區,0,1,0,8,2,5,30,3,1,1,5,4,5,7,4,4,10,5,5,2,16,6,3,10,1,1,B03,7,5,1,8,2,5,,6,6,1,22,8,B03,120.703656,24.220688,2
2022,11,24,16,37,臺中市,霧峰區,0,1,0,8,1,5,30,4,1,1,5,4,5,7,4,4,10,5,5,1,17,6,2,9,1,1,C03,7,5,1,10,2,12,,6,6,1,21,5,C03,120.68797,24.05238,2
2022,11,24,16,39,臺中市,大甲區,0,0,0,8,,,40,,,,,,,,,,,,,,,42,3,10,1,1,B03,7,9,1,8,2,5,,42,42,1,9,8,B03,120.621525,24.349779,3
2022,11,24,16,40,臺中市,潭子區,0,0,0,8,,,30,,,,,,,,,,,,,,,6,,,,,B03,,,1,,2,,,6,,1,22,,B03,120.701394,24.223034,3
2022,11,24,16,47,臺中市,西屯區,0,1,0,8,1,5,70,3,1,1,5,4,5,7,4,4,1,4,5,2,16,6,3,10,3,4,B03,7,6,1,8,2,2,,6,6,1,22,8,B03,120.626593,24.177773,2
2022,11,24,16,50,臺中市,西屯區,0,0,0,8,,,30,,,,,,,,,,,,,,,6,,,,,B03,,,1,,1,,,6,,1,22,,B03,120.653991,24.161061,3
2022,11,24,16,53,臺中市,大雅區,0,0,0,8,,,30,,,,,,,,,,,,,,,12,,,,,B12,,,1,,2,,,12,,1,22,,B12,120.65511,24.22578,3
2022,11,24,17,1,臺中市,太平區,0,0,0,8,,,50,,,,,,,,,,,,,,,16,,,,,B03,,,3,,2,,,16,,1,22,,B03,120.711298,24.140923,3
2022,11,24,17,3,臺中市,豐原區,0,0,0,6,,,50,,,,,,,,,,,,,,,42,,,,,B03,,,1,,2,,,42,42,1,22,,B03,120.712465,24.245985,3
2022,11,24,17,13,臺中市,北屯區,0,1,0,8,3,5,50,4,2,1,5,4,5,7,1,1,5,4,5,2,16,23,2,9,1,1,C03,7,6,3,18,2,11,,23,23,1,22,8,C03,120.721003,24.175968,2
2022,11,24,17,15,臺中市,大里區,0,1,0,8,3,5,80,14,9,1,5,4,5,7,4,4,1,4,5,1,13,16,2,7,1,1,B03,7,9,1,8,2,1,,16,16,1,22,8,B03,120.685481,24.075016,2
2022,11,24,17,17,臺中市,沙鹿區,0,2,0,8,3,5,50,14,7,1,5,4,5,7,1,1,4,5,4,2,17,19,2,9,1,1,C03,7,1,6,10,2,12,,19,19,1,5,9,C03,120.568837,24.229778,2
2022,11,24,17,19,臺中市,西區,0,0,0,8,,,50,,,,,,,,,,,,,,,17,,,,,B03,,,1,,11,,,17,17,1,21,,B03,120.666517,24.135248,3
2022,11,24,17,20,臺中市,西屯區,0,0,0,8,,,40,,,,,,,,,,,,,,,23,,,,,B03,,,6,,2,,,23,,1,21,,B03,120.615896,24.182611,3
2022,11,24,17,20,臺中市,豐原區,0,1,0,8,3,5,50,14,7,1,5,4,5,7,4,4,4,4,4,2,13,16,2,8,1,1,C03,7,9,1,10,2,11,,16,16,1,4,1,C03,120.733733,24.254991,2
2022,11,24,17,22,臺中市,大雅區,0,1,0,8,3,5,50,5,2,1,5,4,5,7,1,1,1,4,4,1,16,43,,,,,,,9,,,,15,,43,43,2,,,,120.64895,24.218023,2
2022,11,24,17,22,臺中市,霧峰區,0,3,0,8,3,5,50,14,9,1,5,4,5,7,4,4,9,5,5,1,17,11,2,9,3,4,F03,7,11,8,20,1,16,,11,11,1,22,8,F03,120.708798,24.076791,2
2022,11,24,17,23,臺中市,北屯區,0,1,0,8,3,5,50,4,1,1,5,4,5,7,3,1,10,5,5,2,16,19,3,10,1,1,B03,7,1,1,8,2,8,,19,19,1,21,8,B03,120.727641,24.177461,2
2022,11,24,17,26,臺中市,西屯區,0,1,0,8,1,5,50,14,9,1,5,4,5,7,4,4,8,3,3,1,12,43,3,10,1,1,B03,7,9,1,8,2,6,,43,43,1,22,8,B03,120.620613,24.187611,2
2022,11,24,17,26,臺中市,西屯區,0,1,0,8,2,5,50,4,9,1,5,4,5,7,1,1,5,2,5,2,13,16,3,10,1,1,C03,7,9,1,10,2,11,,16,16,1,22,5,C03,120.629044,24.206074,2
2022,11,24,17,26,臺中市,烏日區,0,0,0,8,3,5,60,14,7,1,5,4,5,7,4,4,1,4,1,1,13,16,3,10,3,4,B12,7,12,1,8,2,3,,44,16,1,21,9,B12,120.65228,24.101874,3
2022,11,24,17,26,臺中市,烏日區,0,0,0,8,2,5,60,14,7,1,5,4,5,7,4,4,1,4,1,2,13,16,3,10,3,4,B03,7,12,1,8,2,1,,16,16,1,21,9,B03,120.652344,24.10181,3
2022,11,24,17,26,臺中市,豐原區,0,0,0,8,,,60,,,,,,,,,,,,,,,23,,,,,B03,,,1,,2,,,23,16,1,22,,B03,120.737206,24.251688,3
2022,11,24,17,29,臺中市,北區,0,1,0,8,3,5,50,4,8,1,5,4,5,7,1,1,1,4,4,2,17,50,3,10,1,1,B03,7,8,1,8,2,5,,50,50,1,22,9,B03,120.67603,24.150183,2
2022,11,24,17,31,臺中市,南屯區,0,1,0,8,2,5,50,4,1,1,5,4,5,7,2,1,10,5,5,2,16,6,3,10,1,1,B03,7,6,1,8,2,5,,6,6,1,11,1,B03,120.62267,24.140394,2
2022,11,24,17,31,臺中市,北屯區,0,1,0,8,3,5,50,3,1,1,5,4,5,7,4,4,10,5,5,2,3,23,3,10,1,1,B03,7,5,1,8,2,8,,23,23,1,21,8,B03,120.688992,24.190468,2
2022,11,24,17,32,臺中市,北區,0,1,0,8,3,5,50,3,2,1,5,4,5,7,2,1,5,4,4,1,16,8,2,9,3,4,C03,7,5,1,10,2,12,,8,8,1,22,9,C03,120.68367,24.159075,2
2022,11,24,17,37,臺中市,東區,0,1,0,7,3,5,50,3,1,1,5,4,5,7,3,1,10,5,5,2,16,10,3,10,1,1,B03,7,11,1,8,2,5,,10,10,1,22,9,B03,120.693713,24.138785,2
2022,11,24,17,39,臺中市,太平區,0,0,0,8,,,50,,,,,,,,,,,,,,,23,,,,,B03,,,1,,2,,,23,,1,8,,B03,120.736753,24.13073,3
2022,11,24,17,40,臺中市,梧棲區,0,0,0,8,,,30,,,,,,,,,,,,,,,42,,,,,A12,,,1,,2,,,42,42,1,9,,A12,120.530024,24.228438,3
2022,11,24,17,41,臺中市,西屯區,0,0,0,8,,,50,,,,,,,,,,,,,,,23,,,,,C03,,,1,,1,,,23,,1,22,,C03,120.651403,24.207946,3
2022,11,24,17,42,臺中市,南區,0,1,0,8,3,5,50,5,1,1,5,4,5,7,1,1,1,4,4,2,12,8,3,10,1,1,C03,7,5,1,10,2,14,,8,8,1,22,8,C03,120.676165,24.132873,2
2022,11,24,17,42,臺中市,龍井區,0,2,0,8,3,5,50,14,9,1,5,4,5,7,4,4,5,5,5,1,17,4,2,8,3,4,C03,7,9,1,10,2,11,,4,4,1,22,9,C03,120.58286,24.18228,2
2022,11,24,17,44,臺中市,清水區,0,0,0,8,,,50,,,,,,,,,,,,,,,23,,,,,B03,,,1,,2,,,23,,1,21,,B03,120.606762,24.267572,3
2022,11,24,17,48,臺中市,北區,0,0,0,8,,,50,,,,,,,,,,,,,,,26,,,,,B03,,,1,,1,,,26,,1,5,,B03,120.676269,24.159193,3
2022,11,24,17,48,臺中市,豐原區,0,0,0,8,,,60,,,,,,,,,,,,,,,16,,,,,B12,,,1,,2,,,16,,1,22,,B12,120.70309,24.241778,3
2022,11,24,17,49,臺中市,北區,0,2,0,8,3,5,50,3,9,1,5,4,5,7,3,1,1,4,5,2,17,7,2,9,1,1,C03,7,7,4,11,2,14,,7,7,1,22,9,C03,120.691615,24.156166,2
2022,11,24,17,50,臺中市,南區,0,0,0,8,,,50,,,,,,,,,,,,,,,23,,,,,C02,,,1,,2,,,23,,1,5,,C02,120.670101,24.114019,3
2022,11,24,17,53,臺中市,北區,0,0,0,8,,,50,,,,,,,,,,,,,,,23,,,,,B03,,,1,,1,,,23,,1,21,,B03,120.674397,24.147062,3
2022,11,24,17,55,臺中市,西屯區,0,0,0,8,,,50,,,,,,,,,,,,,,,6,,,,,B03,,,1,,1,,,6,6,1,21,,B03,120.635268,24.172475,3
2022,11,24,17,56,臺中市,南屯區,0,0,0,8,,,40,,,,,,,,,,,,,,,1,,,,,B03,,,1,,1,,,1,,1,3,,B03,120.613079,24.149486,3
2022,11,24,17,56,臺中市,北屯區,0,1,0,8,3,5,80,14,9,1,5,4,5,7,4,4,1,4,5,2,13,16,2,9,1,1,B03,7,9,1,8,2,1,,16,23,1,21,8,B03,120.718803,24.162035,2
2022,11,24,17,57,臺中市,北屯區,0,0,0,8,,,50,,,,,,,,,,,,,,,7,,,,,B03,,,3,,1,,,7,7,1,22,,B03,120.703731,24.160616,3
2022,11,24,17,58,臺中市,北屯區,0,1,0,7,3,5,50,4,1,1,5,4,5,7,2,1,10,5,5,2,16,6,3,10,1,1,B03,7,6,1,8,2,2,,6,6,1,21,8,B03,120.686413,24.186695,2
2022,11,24,17,58,臺中市,豐原區,0,0,0,8,,,30,,,,,,,,,,,,,,,16,,,,,C03,,,1,,2,,,16,,1,4,,C03,120.747636,24.266777,3
2022,11,24,18,0,臺中市,北區,0,0,0,,,,50,,,,,,,,,,,,,,,12,,,,,B03,,,1,,11,,,12,,1,22,,B03,120.683809,24.146278,3
2022,11,24,18,0,臺中市,南屯區,0,0,0,8,1,5,60,14,7,1,5,4,5,7,4,4,1,2,1,2,13,23,3,10,1,1,B03,7,9,1,8,1,1,,23,23,1,22,8,B03,120.623151,24.145302,3
2022,11,24,18,2,臺中市,北屯區,0,1,0,7,3,5,50,4,1,1,5,4,5,7,2,1,10,5,5,2,16,25,2,9,1,1,C03,7,9,1,10,2,11,,25,25,1,21,8,C03,120.658376,24.184768,2
2022,11,24,18,4,臺中市,潭子區,0,1,0,7,3,5,50,14,7,1,5,4,5,7,4,4,5,4,4,2,11,17,3,10,1,1,B03,7,9,1,8,2,8,,17,17,1,22,9,B03,120.678067,24.20551,2
2022,11,24,18,6,臺中市,潭子區,0,2,0,8,3,5,50,3,1,1,5,4,5,7,4,4,5,4,5,2,3,51,2,6,4,5,H01,8,16,8,20,10,16,,51,51,1,22,8,H01,120.706076,24.201354,2
2022,11,24,18,8,臺中市,西屯區,0,0,0,8,,,50,,,,,,,,,,,,,,,23,,,,,B03,,,1,,1,,,23,,1,22,,B03,120.652576,24.204791,3
2022,11,24,18,10,臺中市,大里區,0,1,0,8,3,5,50,3,1,1,5,4,5,7,4,4,10,5,5,2,16,6,2,9,1,1,C03,7,5,1,10,2,13,,6,6,1,22,8,C03,120.702496,24.081281,2
2022,11,24,18,11,臺中市,西屯區,0,0,0,8,,,50,,,,,,,,,,,,,,,23,,,,,B03,,,1,,2,,,23,,1,22,,B03,120.603578,24.175013,3
2022,11,24,18,14,臺中市,西屯區,0,2,0,8,1,5,50,4,1,1,5,4,5,7,1,1,10,5,5,2,16,25,2,9,3,4,C03,7,9,1,10,2,11,,25,25,1,22,8,C03,120.642984,24.199043,2
2022,11,24,18,15,臺中市,太平區,0,1,0,8,3,5,50,4,1,1,5,4,5,7,1,1,10,5,5,2,16,6,3,10,1,1,B02,7,5,6,8,2,8,,6,6,1,5,7,B02,120.712551,24.157384,2
2022,11,24,18,15,臺中市,梧棲區,0,0,0,,,,50,,,,,,,,,,,,,,,23,,,,,B03,,,1,,2,,,23,,1,9,,B03,120.525854,24.224621,3