年,月,日,時,分,縣市,區,死,受傷,2-30,天候,光線,道路類別,速限,道路型態,事故位置,路面鋪裝,路面狀態,路面缺陷,障礙物,視距,號誌種類,號誌動作,分向設施,快車道或一般車道間,快慢車道間,路面邊線,事故類型及型態,主要肇因,受傷程度,主要傷處,保護裝備,行動電話,當事者區分,車輛用途,當事者行動狀態,駕駛資格情形,駕駛執照種類,飲酒情形,車輛撞擊部位最初,車輛撞擊部位其他,肇事因素個別,肇事因素主要,肇事逃逸,職業,旅次目的,車種,GPS緯度,GPS經度,事故類別
2022,11,24,18,16,臺中市,南屯區,0,1,0,8,3,5,50,14,9,1,5,4,5,7,4,4,5,5,5,2,16,19,3,10,3,4,B03,7,1,1,8,2,8,,19,19,1,22,9,B03,120.651506,24.154994,2
2022,11,24,18,17,臺中市,梧棲區,0,0,0,8,,,50,,,,,,,,,,,,,,,6,,,,,C03,,,1,,2,,,6,,1,5,,C03,120.53602,24.258917,3
2022,11,24,18,18,臺中市,北屯區,0,0,0,8,,,50,,,,,,,,,,,,,,,26,,,,,C03,,,1,,1,,,26,,1,21,,C03,120.71138,24.172225,3
2022,11,24,18,22,臺中市,霧峰區,0,1,0,8,3,5,50,14,9,1,5,4,5,7,4,4,9,5,5,1,29,23,2,9,3,4,C03,7,9,1,10,2,15,,23,23,1,22,8,C03,120.687988,24.055341,2
2022,11,24,18,24,臺中市,西屯區,0,1,0,8,3,5,50,14,8,1,5,4,5,7,4,4,1,4,1,2,13,23,2,8,1,1,C03,7,9,1,10,2,11,,23,23,1,22,8,C03,120.635573,24.180656,2
2022,11,24,18,25,臺中市,大雅區,0,0,0,8,,,50,,,,,,,,,,,,,,,19,,,,,B03,,,1,,2,,,19,,1,22,,B03,120.653991,24.233438,3
2022,11,24,18,25,臺中市,西區,0,3,0,8,3,5,50,14,9,1,5,4,5,7,4,4,5,4,5,2,16,17,2,9,1,1,C03,7,9,1,10,2,12,,17,17,1,22,8,C03,120.660627,24.146712,2
2022,11,24,18,27,臺中市,北屯區,0,0,0,8,,,80,,,,,,,,,,,,,,,16,,,,,B03,,,1,,1,,,16,16,1,21,,B03,120.720785,24.169395,3
2022,11,24,18,27,臺中市,太平區,0,0,0,8,,,50,,,,,,,,,,,,,,,23,,,,,C03,,,1,,11,,,23,,1,18,,C03,120.733805,24.143999,3
2022,11,24,18,28,臺中市,烏日區,0,1,0,8,3,5,30,4,2,1,5,4,5,7,4,4,10,5,5,2,11,17,3,10,1,1,B03,7,5,1,8,2,7,,17,17,1,22,8,B03,120.639355,24.107491,2
2022,11,24,18,30,臺中市,北屯區,0,2,0,8,3,5,50,5,2,1,5,4,5,7,1,1,5,4,4,2,16,25,2,7,1,1,C03,7,9,1,10,2,11,,25,25,1,22,8,C03,120.676711,24.176952,2
2022,11,24,18,30,臺中市,清水區,0,2,0,8,3,5,50,4,1,1,5,4,5,7,1,1,5,5,5,2,12,6,2,9,1,1,C04,7,5,1,8,2,14,,6,6,1,22,8,C04,120.575748,24.26611,2
2022,11,24,18,38,臺中市,西區,0,0,0,8,,,50,,,,,,,,,,,,,,,12,,,,,B03,,,1,8,1,,,12,12,1,22,,B03,120.665399,24.144265,3
2022,11,24,18,39,臺中市,北區,0,0,0,8,,,50,,,,,,,,,,,,,,,16,,,,,B03,,,1,,2,,,16,,1,22,,B03,120.672083,24.162898,3
2022,11,24,18,39,臺中市,龍井區,0,4,0,8,3,5,40,14,11,1,5,4,5,7,4,4,1,5,1,1,29,42,3,10,1,1,F01,7,9,8,20,2,16,,42,42,1,20,8,F01,120.5442,24.217765,2
2022,11,24,18,42,臺中市,中區,0,2,0,8,3,5,50,4,1,1,5,4,5,7,1,1,10,5,5,2,3,15,2,9,1,1,C03,7,9,1,10,2,11,,15,15,1,22,9,C03,120.6829,24.142243,2
2022,11,24,18,42,臺中市,西區,0,0,0,8,,,50,,,,,,,,,,,,,,,7,,,,,B03,,,1,,1,,,7,,1,21,,B03,120.665987,24.141458,3
2022,11,24,18,42,臺中市,太平區,0,1,0,8,2,5,50,3,1,1,5,4,5,7,4,4,10,5,5,2,13,16,3,10,1,1,B03,7,5,1,8,2,1,,16,16,1,22,8,B03,120.711562,24.103757,2
2022,11,24,18,44,臺中市,太平區,0,1,0,8,3,5,50,4,1,1,5,4,5,7,1,1,10,5,5,2,12,23,3,10,1,1,B03,7,5,1,8,2,4,,23,23,1,4,5,B03,120.719525,24.131555,2
2022,11,24,18,46,臺中市,太平區,0,0,0,8,,,50,,,,,,,,,,,,,,,43,,,,,A05,,,1,,9,,,43,,1,22,,A05,120.716005,24.1488,3
2022,11,24,18,49,臺中市,西屯區,0,0,0,8,,,50,,,,,,,,,,,,,,,23,,,,,B03,,,1,,1,,,23,,1,22,,B03,120.655692,24.199739,3
2022,11,24,18,50,臺中市,北區,0,0,0,,,,50,,,,,,,,,,,,,,,42,,,,,C03,,,1,,11,,,23,42,1,22,,C03,120.681451,24.158113,3
2022,11,24,18,50,臺中市,西屯區,0,2,0,8,3,5,70,14,7,1,5,4,5,7,4,4,1,4,1,2,13,23,2,9,3,4,B03,7,9,1,8,1,1,,23,23,1,22,8,B03,120.625409,24.178243,2
2022,11,24,18,56,臺中市,西屯區,0,2,0,8,2,5,50,4,1,1,5,4,5,7,2,1,10,5,5,2,16,9,3,10,1,1,B03,7,6,1,8,2,5,,9,9,1,21,8,B03,120.619958,24.187191,2
2022,11,24,19,1,臺中市,龍井區,0,2,0,8,3,5,50,4,1,1,5,4,5,7,1,1,10,5,5,2,17,6,2,7,3,4,C03,7,5,1,10,2,11,,6,6,1,22,9,C03,120.584997,24.184431,2
2022,11,24,19,2,臺中市,北屯區,0,0,0,8,,,50,,,,,,,,,,,,,,,23,,,,,B12,,,1,,1,,,23,,1,21,,B12,120.690907,24.175321,3
2022,11,24,19,5,臺中市,東區,0,0,0,,,,50,,,,,,,,,,,,,,,7,,,,,C03,,,1,,2,,,7,,1,22,,C03,120.692397,24.140494,3
2022,11,24,19,6,臺中市,南屯區,0,1,0,8,3,5,50,4,19,1,5,4,5,7,2,1,10,5,5,2,3,15,3,10,1,1,B12,7,5,1,8,2,15,,15,15,1,3,3,B12,120.633066,24.139279,2
2022,11,24,19,6,臺中市,北屯區,0,2,0,8,3,5,40,14,8,1,5,4,5,7,4,4,1,4,4,1,13,16,2,9,1,1,C03,7,9,1,10,2,11,,16,16,1,21,8,C03,120.686421,24.193563,2
2022,11,24,19,15,臺中市,中區,0,1,0,8,3,5,50,14,9,1,5,4,5,7,4,4,5,2,5,2,18,23,2,9,1,1,C03,7,9,1,9,2,12,,23,23,1,22,8,C03,120.676286,24.145132,2
2022,11,24,19,17,臺中市,南屯區,0,0,0,8,1,5,50,4,2,1,5,4,5,7,1,1,5,5,4,2,13,23,3,10,1,1,C03,7,9,1,8,2,11,,23,23,1,22,8,C03,120.629346,24.117878,3
2022,11,24,19,20,臺中市,東區,0,0,0,8,,,50,,,,,,,,,,,,,,,23,,,,,B03,,,3,,2,,,23,,1,5,,B03,120.701358,24.133693,3
2022,11,24,19,28,臺中市,南屯區,0,0,0,8,3,5,30,3,1,1,5,4,5,7,4,4,10,5,5,2,26,42,3,10,1,1,B03,7,9,1,8,7,1,,42,42,1,9,8,B03,120.61607,24.159341,3
2022,11,24,19,30,臺中市,沙鹿區,0,1,0,8,3,5,50,3,9,1,5,4,5,7,4,4,4,3,5,1,18,14,2,9,1,1,C03,7,5,1,10,2,14,,14,14,1,22,8,C03,120.566019,24.234448,2
2022,11,24,19,33,臺中市,西屯區,0,1,0,8,3,8,80,14,9,1,5,4,5,7,4,4,1,4,5,2,13,16,3,10,1,1,B03,7,9,1,8,2,1,,16,16,1,22,5,B03,120.653097,24.198507,2
2022,11,24,19,40,臺中市,太平區,0,1,0,8,3,5,50,4,1,1,5,4,5,7,1,1,10,5,5,2,17,6,3,10,1,1,B12,7,5,1,8,2,1,,6,6,1,4,5,B12,120.729231,24.106414,2
2022,11,24,19,43,臺中市,大里區,0,2,0,8,3,5,50,3,1,1,5,4,5,7,3,1,10,5,5,2,17,9,2,9,1,1,C03,7,6,1,10,2,14,,9,9,1,21,5,C03,120.679489,24.075612,2
2022,11,24,19,48,臺中市,南屯區,0,0,1,8,3,5,50,4,7,1,5,4,5,7,2,1,1,2,1,2,18,42,5,9,3,4,C03,7,9,1,10,2,14,,42,42,1,22,9,C03,120.623298,24.145093,2
2022,11,24,19,53,臺中市,南區,0,0,0,,,,50,,,,,,,,,,,,,,,12,,,,,B12,,,1,,2,,,12,,1,22,,B12,120.657496,24.113408,3
2022,11,24,20,0,臺中市,豐原區,0,2,0,8,3,5,30,14,9,1,5,4,5,7,4,4,10,5,5,1,16,23,2,9,1,1,C03,7,4,2,18,2,11,,23,23,1,16,8,C03,120.753432,24.26333,2
2022,11,24,20,6,臺中市,北區,0,2,0,8,3,5,50,4,2,1,5,4,5,7,1,1,5,5,5,2,17,7,2,9,1,1,C03,7,8,1,10,2,12,,7,7,1,5,8,C03,120.676153,24.173555,2
2022,11,24,20,7,臺中市,潭子區,0,2,0,8,3,5,60,3,7,1,5,4,5,7,2,1,1,4,4,1,13,23,2,7,1,1,B03,7,9,6,18,2,1,,23,23,1,22,8,B03,120.707124,24.224066,2
2022,11,24,20,15,臺中市,霧峰區,0,3,0,8,3,5,50,4,1,1,5,4,5,7,3,1,10,5,5,2,15,6,2,9,1,1,C03,7,9,1,10,2,12,,6,6,1,22,8,C03,120.697491,24.060965,2
2022,11,24,20,16,臺中市,南屯區,0,1,0,8,3,5,50,14,8,1,5,4,5,7,4,4,1,5,5,2,16,7,3,10,1,1,B03,7,8,1,8,2,6,2,7,7,1,9,7,B03,120.62721,24.145219,2
2022,11,24,20,18,臺中市,大肚區,0,0,0,8,,,30,,,,,,,,,,,,,,,42,,,,,B11,,,1,,1,,,42,42,1,22,,B11,120.57322,24.164917,3
2022,11,24,20,30,臺中市,清水區,0,1,0,8,3,8,50,3,1,1,5,4,5,7,3,1,5,4,5,1,13,23,2,8,1,1,C03,7,5,1,10,2,11,,23,23,1,21,8,C03,120.574135,24.275284,2
2022,11,24,20,38,臺中市,西區,0,1,0,8,3,5,50,4,2,1,5,4,5,7,1,1,10,5,5,2,13,23,3,10,1,1,B03,7,9,1,8,2,8,,23,23,1,22,9,B03,120.67219,24.146057,2
2022,11,24,20,40,臺中市,沙鹿區,0,1,0,8,3,5,50,4,1,1,5,4,5,7,1,1,10,5,5,2,13,16,2,9,1,1,C03,7,9,1,10,2,11,,16,16,1,20,9,C03,120.575215,24.226738,2
2022,11,24,20,47,臺中市,南區,0,2,0,8,3,5,50,4,2,1,5,4,5,7,4,4,5,5,5,2,12,42,2,9,1,2,C03,7,9,1,10,2,11,,42,42,1,22,8,C03,120.66286,24.127545,2
2022,11,24,20,50,臺中市,東區,0,0,0,,,,50,,,,,,,,,,,,,,,23,,,,,B03,,,1,,2,,,23,,1,22,,B03,120.696227,24.140233,3
2022,11,24,20,50,臺中市,西屯區,0,0,0,,,,30,,,,,,,,,,,,,,,23,,,,,B03,,,1,,1,,,23,,1,22,,B03,120.64032,24.18175,3
2022,11,24,20,52,臺中市,豐原區,0,0,0,8,,,50,,,,,,,,,,,,,,,23,,,,,B03,,,1,,2,,,23,23,1,22,,B03,120.729866,24.24368,3
2022,11,24,21,0,臺中市,龍井區,0,1,0,8,3,5,50,14,9,1,5,4,5,7,4,4,5,4,5,1,18,23,2,7,1,1,C03,7,9,3,18,2,14,,23,23,1,12,8,C03,120.527419,24.219167,2
2022,11,24,21,1,臺中市,西區,0,2,0,7,3,5,50,14,7,1,4,4,5,7,4,4,3,4,4,2,29,43,2,9,1,1,C03,7,9,1,10,2,15,,43,43,1,22,9,C03,120.656993,24.135719,2
2022,11,24,21,12,臺中市,西區,0,0,0,8,,,50,,,,,,,,,,,,,,,19,,,,,B03,,,1,,1,,,19,19,1,21,,B03,120.661704,24.153989,3
2022,11,24,21,13,臺中市,豐原區,0,1,0,8,1,5,50,4,1,1,5,4,5,7,1,1,10,5,5,2,15,25,3,10,3,4,C03,7,9,1,10,2,11,,25,25,1,22,8,C03,120.727212,24.25258,2
2022,11,24,21,30,臺中市,梧棲區,0,1,0,7,3,5,50,3,2,1,5,4,5,7,4,4,1,4,5,2,17,22,3,10,1,1,B03,7,9,1,8,2,5,,22,22,1,20,8,B03,120.528318,24.247654,2
2022,11,24,21,33,臺中市,霧峰區,0,0,0,8,,,50,,,,,,,,,,,,,,,42,,,,,B03,,,1,,2,,,42,,1,22,,B03,120.698931,24.06598,3
2022,11,24,21,38,臺中市,西屯區,0,1,0,8,3,5,1,3,1,1,5,4,5,7,4,4,5,4,5,2,16,19,2,9,1,1,C03,7,1,1,10,2,14,,19,19,1,18,8,C03,120.642941,24.188064,2
2022,11,24,21,40,臺中市,大肚區,0,1,0,8,3,5,50,14,9,1,5,4,5,7,4,4,5,5,5,1,12,1,2,8,1,1,C03,7,4,1,10,2,11,,1,23,1,18,8,C03,120.544235,24.153473,2
2022,11,24,21,43,臺中市,南屯區,0,1,0,6,3,5,50,4,2,1,4,4,5,7,2,1,5,4,4,2,12,7,2,9,1,1,C03,7,10,1,10,2,13,,7,7,1,22,9,C03,120.633942,24.146192,2
2022,11,24,21,43,臺中市,大甲區,0,1,0,8,1,5,50,4,1,1,5,4,5,7,4,4,10,5,5,2,17,16,3,10,1,1,C03,7,9,1,10,2,12,,16,16,1,21,8,C03,120.622251,24.3462,2
2022,11,24,21,45,臺中市,神岡區,0,1,0,8,3,5,30,15,9,1,4,4,5,7,4,4,10,5,5,2,17,23,3,10,1,1,B03,7,5,1,8,2,8,,23,23,1,22,8,B03,120.698506,24.250513,2
2022,11,24,21,50,臺中市,大里區,0,1,0,8,3,5,50,3,9,1,5,4,5,7,4,4,5,5,5,1,17,23,2,9,1,4,C03,7,9,1,10,2,15,,23,23,1,21,5,C03,120.708418,24.086245,2
2022,11,24,22,0,臺中市,大里區,0,1,0,8,3,5,50,8,8,1,5,4,5,7,4,4,3,4,4,2,18,43,2,9,1,1,C03,7,9,3,18,2,14,,43,43,1,20,5,C03,120.693405,24.100213,2
2022,11,24,22,1,臺中市,西區,0,0,0,8,,,50,,,,,,,,,,,,,,,23,,,,,B03,,,1,,1,,,23,,1,22,,B03,120.670281,24.150591,3
2022,11,24,22,5,臺中市,南區,0,1,0,7,3,5,50,14,8,1,5,4,5,7,4,4,9,4,4,2,17,23,2,9,1,1,C03,7,9,1,10,2,11,12,23,23,1,5,1,C03,120.656493,24.116038,2
2022,11,24,22,20,臺中市,西屯區,0,0,0,8,,,30,,,,,,,,,,,,,,,43,,,,,,,,,,,,,43,,1,,,,120.664072,24.177648,3
2022,11,24,22,29,臺中市,大甲區,0,0,0,6,3,5,40,4,1,1,4,4,5,7,4,4,10,5,5,2,15,23,3,10,1,1,C03,7,9,2,10,1,11,,23,23,1,16,2,C03,120.62987,24.34372,3
2022,11,24,22,30,臺中市,南區,0,1,0,6,3,5,50,4,1,1,4,4,5,7,1,1,10,5,5,2,16,6,3,10,1,1,B03,7,6,1,8,2,5,,6,6,1,22,9,B03,120.676451,24.132195,2
2022,11,24,22,50,臺中市,西屯區,0,1,0,6,3,5,30,4,1,1,4,4,5,7,3,1,5,5,4,2,17,43,2,9,3,4,C03,7,9,1,10,2,12,,43,43,1,22,8,C03,120.65182,24.169944,2
2022,11,24,22,56,臺中市,太平區,0,1,0,6,3,5,50,14,9,1,4,4,5,7,4,4,1,4,5,1,29,42,2,8,1,1,C03,7,9,1,10,2,14,,42,42,1,22,8,C03,120.712097,24.135562,2
2022,11,24,23,6,臺中市,潭子區,0,0,0,6,,,50,,,,,,,,,,,,,,,12,,,,,B03,,,1,,2,,,12,,1,22,,B03,120.703819,24.211591,3
2022,11,24,23,17,臺中市,大里區,0,0,0,8,,,50,,,,,,,,,,,,,,,22,,,,,B03,,,1,,2,,,22,,1,3,,B03,120.697117,24.08437,3
2022,11,24,23,29,臺中市,潭子區,0,0,0,6,,,60,,,,,,,,,,,,,,,43,,,,,,,,,,,,,43,,2,,,,120.704991,24.208631,3
2022,11,24,23,44,臺中市,北屯區,0,0,0,8,,,50,,,,,,,,,,,,,,,18,,,,,B02,,,1,,2,,,18,,1,21,,B02,120.682241,24.187479,3
2022,11,24,23,57,臺中市,南屯區,0,0,0,,,,40,,,,,,,,,,,,,,,12,,,,,B03,,,1,,2,,,12,,1,22,,B03,120.623071,24.148159,3
2022,11,25,0,8,臺中市,西屯區,0,2,0,8,3,5,40,4,1,1,4,4,5,7,1,1,5,4,4,2,16,25,2,9,1,1,C03,7,5,1,10,1,14,,25,25,1,22,8,C03,120.653306,24.17609,2
2022,11,25,0,40,臺中市,大雅區,0,1,0,6,4,5,30,14,9,1,4,4,5,7,4,4,10,5,5,2,12,23,2,9,1,1,C03,7,9,1,10,2,11,,23,23,1,22,9,C03,120.66493,24.236845,2
2022,11,25,0,55,臺中市,清水區,0,1,0,6,1,5,50,5,1,1,4,4,5,7,1,1,5,4,5,2,18,43,2,9,1,1,C03,7,9,1,10,2,12,,43,43,1,22,8,C03,120.567846,24.270355,2
2022,11,25,0,56,臺中市,潭子區,0,1,0,7,3,5,30,14,9,1,4,4,5,7,4,4,10,5,5,1,27,23,2,9,1,1,C03,7,9,1,10,2,11,,23,23,1,22,8,C03,120.7114,24.189966,2
2022,11,25,3,44,臺中市,南屯區,0,0,0,8,,,50,,,,,,,,,,,,,,,12,,,,,B03,,,1,,1,,,12,,1,22,,B03,120.642416,24.132113,3
2022,11,25,4,11,臺中市,北屯區,0,1,0,8,3,7,40,14,16,1,5,4,5,7,4,4,10,5,5,2,13,16,3,10,3,4,B12,7,9,1,8,3,6,,44,16,1,21,8,B12,120.690435,24.200889,2
2022,11,25,4,46,臺中市,北屯區,0,0,0,,,,50,,,,,,,,,,,,,,,23,,,,,B03,,,1,,11,,,23,,2,21,,B03,120.741419,24.180443,3
2022,11,25,6,34,臺中市,潭子區,0,0,0,,,,60,,,,,,,,,,,,,,,19,,,,,A05,,,1,,2,,,19,,1,22,,A05,120.70869,24.231208,3
2022,11,25,6,35,臺中市,大里區,0,1,0,7,1,5,30,3,2,1,5,4,5,7,4,4,5,5,5,2,16,6,3,10,1,1,C03,7,5,1,9,2,11,,6,6,1,11,8,C03,120.699527,24.084376,2
2022,11,25,6,39,臺中市,西屯區,0,0,0,8,,,50,,,,,,,,,,,,,,,23,,,,,C03,,,1,,2,,,23,,1,22,,C03,120.65526,24.168728,3
2022,11,25,6,43,臺中市,北屯區,0,1,0,8,1,5,50,14,9,1,5,4,5,7,4,4,1,4,5,2,17,23,2,8,1,1,C03,7,9,1,10,9,15,,23,23,1,21,8,C03,120.707373,24.196428,2
2022,11,25,6,48,臺中市,龍井區,0,2,0,8,1,5,50,4,1,1,5,4,5,7,1,1,10,5,5,2,16,8,2,9,1,1,C03,7,5,1,10,2,12,,8,8,1,12,8,C03,120.546326,24.195434,2
2022,11,25,6,51,臺中市,豐原區,0,1,0,7,1,5,50,4,1,1,5,4,5,7,4,4,10,5,5,2,17,42,3,10,3,4,B03,7,9,1,8,2,7,,42,42,1,22,8,B03,120.741494,24.263368,2
2022,11,25,6,53,臺中市,清水區,0,1,0,7,1,5,50,14,9,1,5,4,5,7,3,1,1,4,4,1,16,6,3,10,1,1,B03,7,6,1,8,2,8,,6,6,1,5,1,B03,120.559373,24.268898,2
2022,11,25,7,0,臺中市,大安區,0,0,0,8,,,50,,,,,,,,,,,,,,,19,,,,,B03,,,1,,2,,,19,,1,21,,B03,120.5841,24.35152,3
2022,11,25,7,0,臺中市,豐原區,0,0,0,8,,,50,,,,,,,,,,,,,,,16,,,,,B12,,,1,,2,,,16,,1,21,,B12,120.732842,24.246659,3
2022,11,25,7,1,臺中市,大里區,0,2,0,8,1,5,50,5,1,1,5,4,5,7,1,1,10,5,5,2,16,6,2,9,1,1,C03,7,5,1,10,2,11,,6,6,1,22,1,C03,120.715726,24.099169,2
2022,11,25,7,10,臺中市,豐原區,0,0,0,,,,30,,,,,,,,,,,,,,,12,,,,,B03,,,1,,1,,,12,,1,22,,B03,120.70697,24.253977,3
2022,11,25,7,13,臺中市,霧峰區,0,0,0,8,,,50,,,,,,,,,,,,,,,23,,,,,B03,,,1,,2,,,23,23,1,4,,B03,120.694743,24.051668,3
2022,11,25,7,13,臺中市,梧棲區,0,1,0,7,1,5,40,14,8,1,4,4,5,7,4,4,1,4,4,2,18,23,2,9,1,1,C03,7,9,1,10,2,14,,23,23,1,12,8,C03,120.522607,24.224231,2
2022,11,25,7,15,臺中市,東區,0,0,0,8,,,50,,,,,,,,,,,,,,,23,,,,,B03,,,1,,2,,,23,,1,22,,B03,120.710311,24.139838,3
2022,11,25,7,17,臺中市,北區,0,0,0,8,,,50,,,,,,,,,,,,,,,16,,,,,B03,,,1,,1,,,16,,1,22,,B03,120.663109,24.161601,3
2022,11,25,7,20,臺中市,霧峰區,0,2,0,8,1,5,60,14,7,1,5,4,5,7,4,4,1,4,4,1,12,16,2,9,1,1,C03,7,9,1,10,2,12,,16,16,1,22,1,C03,120.696945,24.027223,2
2022,11,25,7,24,臺中市,龍井區,0,2,0,7,1,5,50,14,9,1,5,4,5,7,4,4,9,5,4,1,16,26,2,9,1,1,C03,7,9,1,10,2,11,,23,26,1,12,1,C03,120.523156,24.197661,2
2022,11,25,7,25,臺中市,大甲區,0,0,0,,,,50,,,,,,,,,,,,,,,23,,,,,B03,,,1,,1,,,23,23,1,22,,B03,120.627396,24.345781,3
2022,11,25,7,27,臺中市,南屯區,0,2,0,8,1,5,40,14,8,1,5,4,5,7,2,1,1,4,3,2,13,23,2,9,1,4,C03,7,9,4,8,2,11,,23,23,1,22,8,C03,120.615032,24.147662,2
2022,11,25,7,35,臺中市,大雅區,0,1,0,7,1,5,30,14,9,1,5,4,5,7,4,4,10,5,5,1,16,19,3,10,1,1,B12,7,1,1,8,2,1,,19,19,1,22,8,B12,120.656323,24.212486,2
2022,11,25,7,35,臺中市,西區,0,0,0,8,,,50,,,,,,,,,,,,,,,23,,,,,B03,,,1,,1,,,23,,1,21,,B03,120.659687,24.157317,3
2022,11,25,7,37,臺中市,南區,0,2,0,8,1,5,50,4,1,1,5,4,5,7,1,1,10,5,5,2,13,23,2,9,1,1,C03,7,9,1,10,2,11,,23,23,1,21,8,C03,120.677324,24.130531,2
2022,11,25,7,38,臺中市,神岡區,0,0,0,8,,,50,,,,,,,,,,,,,,,23,,,,,B03,,,1,,2,,,23,,1,22,,B03,120.696641,24.248505,3
2022,11,25,7,39,臺中市,烏日區,0,0,0,8,1,5,50,14,9,1,5,4,5,7,4,4,5,5,5,1,12,17,3,10,3,4,C03,7,9,1,10,11,13,,17,17,1,21,9,C03,120.63539,24.108294,3
2022,11,25,7,40,臺中市,南區,0,1,0,8,1,5,50,4,1,1,5,4,5,7,1,1,10,5,5,2,17,7,3,10,1,1,B01,7,8,1,4,2,3,,7,7,1,22,8,B01,120.665804,24.12349,2
2022,11,25,7,40,臺中市,大里區,0,0,0,8,,,50,,,,,,,,,,,,,,,19,,,,,B03,,,1,,1,,,19,,1,22,,B03,120.689759,24.10093,3
2022,11,25,7,40,臺中市,后里區,0,1,0,8,1,5,50,4,1,1,5,4,5,7,1,1,10,5,5,2,16,26,2,9,1,1,C03,7,9,1,10,2,12,,26,26,1,22,8,C03,120.713046,24.305201,2
2022,11,25,7,41,臺中市,沙鹿區,0,1,0,8,1,5,50,3,2,1,5,4,5,7,4,4,8,3,4,1,17,23,3,10,3,4,B03,7,5,1,8,2,4,,23,23,1,22,8,B03,120.568016,24.256686,2
2022,11,25,7,42,臺中市,南屯區,0,0,0,8,,,40,,,,,,,,,,,,,,,23,,,,,B03,,,1,8,1,,,23,23,1,12,,B03,120.631833,24.158269,3
2022,11,25,7,45,臺中市,北屯區,0,0,0,8,,,50,,,,,,,,,,,,,,,16,,,,,C03,,,1,,1,,,16,,1,22,,C03,120.72384,24.181376,3
2022,11,25,7,45,臺中市,西屯區,0,0,0,8,,,50,,,,,,,,,,,,,,,16,,,,,C03,,,1,,1,,,16,,1,22,,C03,120.611258,24.194279,3
2022,11,25,7,45,臺中市,神岡區,0,0,0,8,,,60,,,,,,,,,,,,,,,26,,,,,C03,,,1,,1,,,26,,1,22,,C03,120.697496,24.234241,3
2022,11,25,7,47,臺中市,西屯區,0,0,0,8,,,50,,,,,,,,,,,,,,,23,,,,,B03,,,1,,1,,,23,23,1,22,,B03,120.628826,24.203281,3
2022,11,25,7,49,臺中市,北區,0,0,0,8,,,50,,,,,,,,,,,,,,,19,,,,,B03,,,1,,2,,,19,,1,22,,B03,120.68138,24.154309,3
2022,11,25,7,49,臺中市,北區,0,0,0,7,1,5,50,3,2,1,5,4,5,7,4,4,4,1,5,2,13,23,,,,,B03,,,1,,2,,,23,,1,22,,B03,120.691461,24.156137,3
2022,11,25,7,53,臺中市,大里區,0,1,0,8,1,5,50,14,9,1,5,4,5,7,4,4,5,4,4,1,13,23,2,9,1,1,B03,7,9,1,8,2,1,,23,23,1,5,8,B03,120.669871,24.097054,2
2022,11,25,7,54,臺中市,西屯區,0,1,0,8,1,5,50,14,7,1,5,4,5,7,4,4,3,2,4,2,16,26,2,9,1,1,C03,7,7,1,10,2,14,,26,26,1,4,8,C03,120.653073,24.204251,2
2022,11,25,7,56,臺中市,西屯區,0,0,0,8,,,80,,,,,,,,,,,,,,,16,,,,,C02,,,1,,2,,,16,,1,22,,C02,120.632245,24.170616,3
2022,11,25,7,59,臺中市,北屯區,0,0,0,8,,,40,,,,,,,,,,,,,,,16,,,,,C03,,,1,,2,,,16,,1,22,,C03,120.66946,24.192865,3
2022,11,25,8,1,臺中市,潭子區,0,0,0,8,,,60,,,,,,,,,,,,,,,23,,,,,B12,,,1,,11,,,23,,1,22,,B12,120.705598,24.201028,3
2022,11,25,8,1,臺中市,東勢區,0,1,0,8,1,5,50,14,9,1,5,4,5,7,4,4,5,5,5,1,1,23,3,10,3,4,B03,7,3,6,18,2,2,,23,23,1,22,8,B03,120.830361,24.250346,2
2022,11,25,8,5,臺中市,西屯區,0,0,0,8,,,80,,,,,,,,,,,,,,,23,,,,,B03,,,1,,1,,,23,,1,22,,B03,120.645253,24.195245,3
2022,11,25,8,10,臺中市,潭子區,0,1,0,8,1,5,60,14,8,1,5,4,5,7,4,4,1,3,4,1,17,7,3,10,1,1,B03,7,8,1,8,2,5,,7,7,1,22,8,B03,120.703182,24.198645,2
2022,11,25,8,14,臺中市,北區,0,0,0,7,1,5,50,15,9,1,5,4,4,6,4,4,10,5,5,2,12,23,,,,,B03,,,1,,2,,,23,,1,22,,B03,120.683326,24.155043,3
2022,11,25,8,14,臺中市,石岡區,0,0,0,,,,50,,,,,,,,,,,,,,,12,,,,,B12,,,1,,2,,,12,,1,22,,B12,120.782426,24.276016,3
2022,11,25,8,17,臺中市,沙鹿區,0,1,0,7,1,5,50,4,1,1,5,4,5,7,1,1,10,5,5,2,16,19,2,9,1,1,C03,7,1,1,10,2,12,,19,19,1,22,9,C03,120.574062,24.229745,2
2022,11,25,8,17,臺中市,神岡區,0,0,0,8,,,30,,,,,,,,,,,,,,,23,,,,,B03,,,1,,2,,,23,,1,22,,B03,120.71135,24.259615,3
2022,11,25,8,20,臺中市,南屯區,0,0,0,8,,,30,,,,,,,,,,,,,,,23,,,,,B03,,,1,,2,,,23,,1,22,,B03,120.625024,24.14515,3