年,月,日,時,分,縣市,區,死,受傷,2-30,天候,光線,道路類別,速限,道路型態,事故位置,路面鋪裝,路面狀態,路面缺陷,障礙物,視距,號誌種類,號誌動作,分向設施,快車道或一般車道間,快慢車道間,路面邊線,事故類型及型態,主要肇因,受傷程度,主要傷處,保護裝備,行動電話,當事者區分,車輛用途,當事者行動狀態,駕駛資格情形,駕駛執照種類,飲酒情形,車輛撞擊部位最初,車輛撞擊部位其他,肇事因素個別,肇事因素主要,肇事逃逸,職業,旅次目的,車種,GPS緯度,GPS經度,事故類別
2022,11,25,18,50,臺中市,沙鹿區,0,0,0,8,,,60,,,,,,,,,,,,,,,26,,,,,B03,,,1,,2,,,26,26,1,4,,B03,120.569563,24.237414,3
2022,11,25,18,51,臺中市,太平區,0,0,0,8,,,80,,,,,,,,,,,,,,,23,,,,,B03,,,1,,1,,,23,,1,22,,B03,120.712858,24.145821,3
2022,11,25,18,52,臺中市,霧峰區,0,1,0,8,3,5,60,14,8,1,5,4,5,7,4,4,1,4,4,1,16,6,3,10,3,4,B01,7,8,1,8,2,6,,6,6,1,10,8,B01,120.695846,24.0543,2
2022,11,25,18,53,臺中市,西屯區,0,0,0,8,,,80,,,,,,,,,,,,,,,16,,,,,B03,,,1,,1,,,16,,1,22,,B03,120.634625,24.178713,3
2022,11,25,18,55,臺中市,西屯區,0,1,0,8,1,5,40,4,1,1,5,4,5,7,1,1,10,5,5,2,17,43,3,10,3,4,C03,7,9,1,10,2,11,,43,43,1,22,8,C03,120.638821,24.159556,2
2022,11,25,18,57,臺中市,大里區,0,2,0,8,3,5,50,3,1,1,5,4,5,7,4,4,10,5,5,2,16,8,3,10,3,4,B03,7,5,1,8,2,1,,8,8,1,22,8,B03,120.679171,24.079163,2
2022,11,25,18,58,臺中市,太平區,0,1,0,8,3,5,50,14,9,1,5,4,5,7,4,4,3,4,5,1,16,1,3,10,1,1,C03,7,4,1,10,2,12,,1,1,1,21,8,C03,120.725113,24.153762,2
2022,11,25,18,59,臺中市,北區,0,1,0,8,3,5,50,4,2,1,5,4,5,7,1,1,5,4,4,1,17,44,2,9,3,4,C03,7,9,1,10,2,14,,23,44,1,22,9,C03,120.678273,24.171302,2
2022,11,25,19,0,臺中市,北區,0,3,0,8,3,5,30,4,1,1,5,4,5,7,4,4,5,5,5,2,16,6,2,9,1,1,C03,7,9,1,10,1,11,,6,6,1,21,8,C03,120.679252,24.162576,2
2022,11,25,19,0,臺中市,北屯區,0,1,0,8,2,5,50,4,1,1,5,4,5,7,1,1,10,5,5,2,16,6,3,10,1,1,B03,7,5,1,8,2,1,,6,6,1,4,8,B03,120.6904,24.1854,2
2022,11,25,19,3,臺中市,烏日區,0,2,0,8,3,5,50,4,1,1,5,4,5,7,2,1,10,5,5,2,16,6,2,8,1,1,C03,7,5,1,10,2,12,,6,6,1,21,8,C03,120.62734,24.10404,2
2022,11,25,19,13,臺中市,北屯區,0,1,0,8,3,5,50,3,18,1,5,4,5,7,4,4,10,5,5,2,3,15,3,10,1,1,B03,7,9,1,8,2,1,,15,15,1,5,8,B03,120.725268,24.169386,2
2022,11,25,19,14,臺中市,北屯區,0,0,0,6,,,30,,,,,,,,,,,,,,,7,,,,,A12,,8,1,6,1,5,,7,7,1,21,8,A12,120.664921,24.200797,3
2022,11,25,19,15,臺中市,南區,0,2,0,8,3,5,50,4,1,1,5,4,5,7,2,1,10,5,5,2,16,7,2,8,1,1,C03,7,8,1,10,2,12,,7,7,1,22,8,C03,120.684599,24.131119,2
2022,11,25,19,18,臺中市,大里區,0,0,0,8,,,50,,,,,,,,,,,,,,,22,,,,,B03,,,1,,2,,,22,,1,22,,B03,120.695252,24.111222,3
2022,11,25,19,22,臺中市,烏日區,0,0,0,8,,,40,,,,,,,,,,,,,,,16,,,,,B03,,,1,,2,,,16,,1,21,,B03,120.615405,24.10624,3
2022,11,25,19,23,臺中市,大里區,0,1,0,8,3,5,50,4,1,1,5,4,5,7,3,1,10,5,5,1,16,6,3,10,1,1,B03,7,5,1,8,2,8,,6,6,1,5,8,B03,120.689503,24.10019,2
2022,11,25,19,24,臺中市,大里區,0,0,0,8,,,50,,,,,,,,,,,,,,,23,,,,,B03,,,1,,2,,,23,,1,22,,B03,120.689371,24.117093,3
2022,11,25,19,26,臺中市,西屯區,0,0,0,8,,,30,,,,,,,,,,,,,,,23,,,,,B03,,,1,,1,,,23,,1,22,,B03,120.665224,24.176385,3
2022,11,25,19,30,臺中市,大雅區,0,0,0,8,,,30,,,,,,,,,,,,,,,12,,,,,A12,,,1,,2,,,12,,1,22,,A12,120.662522,24.245744,3
2022,11,25,19,30,臺中市,西屯區,0,1,0,8,1,5,50,4,1,1,5,4,5,7,1,1,10,5,5,2,17,43,2,9,1,1,C03,7,6,1,10,2,15,,43,43,1,22,8,C03,120.647384,24.159428,2
2022,11,25,19,38,臺中市,潭子區,0,0,0,8,,,60,,,,,,,,,,,,,,,7,,,,,A42,,,1,,2,,,7,,1,22,,A42,120.705213,24.20878,3
2022,11,25,19,38,臺中市,西屯區,0,2,0,8,3,5,30,4,1,1,5,4,5,7,4,4,10,5,5,2,16,6,2,9,1,1,C03,7,9,1,10,2,12,,6,6,1,22,8,C03,120.641392,24.172097,2
2022,11,25,19,38,臺中市,大里區,0,2,0,8,3,5,50,4,1,1,5,4,5,7,1,1,10,5,5,1,16,8,2,9,1,1,C03,7,5,1,10,2,12,,8,8,1,5,8,C03,120.681063,24.1149,2
2022,11,25,19,39,臺中市,西區,0,0,0,8,,,50,,,,,,,,,,,,,,,12,,,,,B03,,,1,,1,,,12,,1,22,,B03,120.656727,24.155259,3
2022,11,25,19,46,臺中市,東區,0,0,0,,,,50,,,,,,,,,,,,,,,23,,,,,B03,,,1,,2,,,23,,1,22,,B03,120.703258,24.135131,3
2022,11,25,19,46,臺中市,南區,0,0,0,6,,,50,,,,,,,,,,,,,,,12,,,,,B02,,,1,,2,,,12,,1,5,,B02,120.658408,24.12758,3
2022,11,25,19,48,臺中市,后里區,0,1,0,8,3,5,40,4,1,1,5,4,5,7,1,1,10,5,5,2,15,25,3,10,1,1,F03,7,9,8,20,2,16,,25,25,1,4,5,F03,120.72225,24.30797,2
2022,11,25,19,49,臺中市,北屯區,0,0,0,8,,,40,,,,,,,,,,,,,,,24,,,,,B12,,,1,,1,,,24,,1,21,,B12,120.721103,24.17507,3
2022,11,25,19,50,臺中市,沙鹿區,0,0,0,8,,,40,,,,,,,,,,,,,,,16,,,,,B02,,,1,,1,,,16,,1,10,,B02,120.573405,24.262361,3
2022,11,25,19,58,臺中市,北區,0,1,0,8,3,5,50,4,1,1,5,4,5,7,3,1,5,4,5,2,15,6,3,10,3,4,B03,7,9,1,8,2,1,,6,6,1,22,9,B03,120.697326,24.159886,2
2022,11,25,19,58,臺中市,大里區,0,2,0,8,3,5,50,4,1,1,5,4,5,7,1,1,10,5,5,2,16,6,3,10,1,1,B03,7,6,1,8,2,5,,6,6,1,21,7,B03,120.679275,24.115088,2
2022,11,25,20,0,臺中市,東區,0,0,0,,,,,,,,,,,,,,,,,,,67,,,,,,,,,,,,,67,,1,,,,120.692355,24.144196,3
2022,11,25,20,2,臺中市,南屯區,0,2,0,8,3,5,50,14,9,1,5,4,5,7,4,4,5,5,5,2,16,26,3,10,1,1,C03,7,11,1,10,2,14,,26,26,1,18,5,C03,120.612213,24.138563,2
2022,11,25,20,10,臺中市,南區,0,2,0,7,3,5,50,4,1,1,5,4,5,7,1,1,9,4,4,2,12,9,3,10,1,1,C03,7,9,1,10,2,11,14,23,9,1,5,1,C03,120.681736,24.133894,2
2022,11,25,20,15,臺中市,清水區,0,1,0,8,1,5,60,14,9,1,5,4,5,7,1,1,1,4,5,1,13,23,3,10,1,1,A12,7,9,1,3,2,1,,23,23,1,22,8,A12,120.565016,24.271033,2
2022,11,25,20,15,臺中市,沙鹿區,0,0,0,8,,,50,,,,,,,,,,,,,,,23,,,,,B03,,,1,,1,,,23,,1,3,,B03,120.563077,24.222932,3
2022,11,25,20,20,臺中市,西屯區,0,0,0,8,,,50,,,,,,,,,,,,,,,23,,,,,B03,,,1,,11,,,23,,1,22,,B03,120.614123,24.183851,3
2022,11,25,20,28,臺中市,北屯區,0,1,0,8,3,5,50,4,1,1,5,4,5,7,1,1,10,5,5,2,16,6,3,10,1,1,B03,7,5,1,8,2,1,,6,6,1,21,8,B03,120.690931,24.172518,2
2022,11,25,20,29,臺中市,沙鹿區,0,1,0,8,3,5,50,4,1,1,5,4,5,7,4,4,10,5,5,2,16,6,3,10,1,1,B03,7,5,1,8,2,8,,6,6,1,5,9,B03,120.56849,24.25472,2
2022,11,25,20,30,臺中市,大雅區,0,2,0,8,4,5,50,14,9,1,5,4,5,7,4,4,9,5,5,2,17,26,2,9,1,1,C03,7,9,1,10,2,15,,26,26,1,22,9,C03,120.647763,24.21535,2
2022,11,25,20,34,臺中市,梧棲區,0,3,0,8,3,5,50,4,1,1,5,4,5,7,1,1,10,5,5,2,15,25,2,9,1,1,C03,7,9,3,18,2,12,,25,25,1,9,8,C03,120.537104,24.242361,2
2022,11,25,20,38,臺中市,大里區,0,1,0,8,3,5,50,3,1,1,5,4,5,7,4,4,10,5,5,1,12,23,2,9,1,1,C03,7,6,1,10,2,14,,23,23,1,5,8,C03,120.687605,24.094875,2
2022,11,25,20,40,臺中市,北屯區,0,0,0,8,,,50,,,,,,,,,,,,,,,42,,,,,B03,,,1,,2,,,42,42,1,5,,B03,120.694058,24.164538,3
2022,11,25,20,45,臺中市,烏日區,0,0,0,6,,,50,,,,,,,,,,,,,,,12,,,,,B03,,,1,,2,,,12,,1,21,,B03,120.626959,24.105882,3
2022,11,25,20,59,臺中市,北屯區,0,0,0,6,,,50,,,,,,,,,,,,,,,23,,,,,C03,,9,1,10,1,11,,23,23,1,21,8,C03,120.713705,24.161381,3
2022,11,25,21,4,臺中市,西區,0,0,0,,,,50,,,,,,,,,,,,,,,23,,,,,C03,,,1,,1,,,23,,1,5,,C03,120.656348,24.134357,3
2022,11,25,21,4,臺中市,太平區,0,2,0,7,3,5,50,4,1,1,5,4,5,7,4,4,10,5,5,2,16,23,2,9,1,1,C03,7,9,1,10,2,11,14,23,23,1,22,8,C03,120.73549,24.133597,2
2022,11,25,21,5,臺中市,北區,0,0,0,,,,50,,,,,,,,,,,,,,,23,,,,,B03,,,1,,2,,,23,,1,22,,B03,120.68616,24.146227,3
2022,11,25,21,8,臺中市,大甲區,0,0,0,8,,,50,,,,,,,,,,,,,,,6,,,,,C03,,,1,,3,,,6,,1,21,,C03,120.626219,24.344423,3
2022,11,25,21,11,臺中市,大肚區,0,0,0,8,,,70,,,,,,,,,,,,,,,23,,,,,B03,,,1,,2,,,23,,1,5,,B03,120.54848,24.143521,3
2022,11,25,21,15,臺中市,南區,0,1,0,6,3,5,50,4,1,1,4,4,5,7,1,1,9,4,5,2,11,10,3,10,1,1,B03,7,11,1,8,9,2,,10,10,2,5,1,B03,120.683821,24.130298,2
2022,11,25,21,15,臺中市,南屯區,0,0,0,,,,50,,,,,,,,,,,,,,,23,,,,,B03,,,1,,1,,,23,,1,4,,B03,120.646263,24.12878,3
2022,11,25,21,15,臺中市,清水區,0,1,0,8,3,5,50,14,9,1,5,4,5,7,4,4,5,5,5,1,17,10,3,10,1,1,B03,7,11,6,8,2,4,,10,10,1,22,8,B03,120.596913,24.301996,2
2022,11,25,21,19,臺中市,南區,0,1,0,6,3,5,50,4,1,1,4,4,5,7,1,1,10,5,5,2,18,25,2,9,1,1,C03,7,9,1,10,2,12,,44,25,1,22,9,C03,120.657281,24.113111,2
2022,11,25,21,20,臺中市,南區,0,0,0,,,,,,,,,,,,,,,,,,,43,,,,,B03,,,1,,2,,,43,,1,22,,B03,120.669984,24.12246,3
2022,11,25,21,20,臺中市,北屯區,0,2,0,8,3,5,50,4,1,1,4,4,5,7,1,1,10,5,5,2,13,13,2,9,1,1,C03,7,9,1,10,2,11,,13,13,1,5,8,C03,120.7045,24.1864,2
2022,11,25,21,30,臺中市,清水區,0,1,0,8,3,5,50,4,1,1,5,4,5,7,3,1,8,3,4,1,16,6,3,10,1,1,B03,7,9,1,8,2,8,,6,6,1,21,8,B03,120.567592,24.272506,2
2022,11,25,21,35,臺中市,大肚區,0,1,0,8,3,5,50,3,2,1,5,4,5,7,4,4,5,5,5,2,29,23,2,9,3,4,C03,7,5,1,10,2,15,,23,23,1,22,9,C03,120.571097,24.153118,2
2022,11,25,21,38,臺中市,南區,0,0,0,8,,,50,,,,,,,,,,,,,,,23,,,,,C03,,,1,,2,,,23,,1,4,,C03,120.684258,24.120255,3
2022,11,25,21,42,臺中市,西區,0,1,0,7,3,5,50,4,1,1,5,4,5,7,1,1,10,5,5,2,12,6,2,9,1,1,C03,7,6,1,10,1,12,,6,6,1,22,9,C03,120.679146,24.138606,2
2022,11,25,21,49,臺中市,烏日區,0,0,0,8,,,50,,,,,,,,,,,,,,,7,,,,,B03,,,1,,2,,,7,,1,21,,B03,120.629843,24.109189,3
2022,11,25,21,55,臺中市,北區,0,1,0,6,3,5,50,14,9,1,3,4,5,7,4,4,1,4,5,2,17,38,3,10,1,1,B03,7,14,1,7,2,5,,38,38,1,5,8,B03,120.691543,24.155741,2
2022,11,25,22,0,臺中市,大雅區,0,0,0,6,,,50,,,,,,,,,,,,,,,23,,,,,C03,,,1,,2,,,23,,1,22,,C03,120.648923,24.21804,3
2022,11,25,22,0,臺中市,西區,0,0,0,,,,50,,,,,,,,,,,,,,,16,,,,,B03,,,1,,1,,,16,,1,21,,B03,120.67553,24.133457,3
2022,11,25,22,4,臺中市,中區,0,3,0,8,3,5,40,4,1,1,5,4,5,7,1,1,10,5,5,2,15,25,2,8,3,4,C03,7,9,1,10,2,11,,25,25,1,21,8,C03,120.678815,24.147178,2
2022,11,25,22,6,臺中市,西屯區,0,1,0,6,3,5,40,4,1,1,4,4,5,7,1,1,1,2,4,2,18,43,2,9,3,4,C03,7,9,1,10,2,14,,43,43,1,22,8,C03,120.636551,24.155773,2
2022,11,25,22,10,臺中市,西屯區,0,1,0,6,3,5,50,4,2,1,4,4,5,7,2,1,8,3,5,1,3,23,3,10,1,1,B03,7,5,6,8,2,1,,23,23,1,22,8,B03,120.642361,24.181598,2
2022,11,25,22,18,臺中市,南區,0,4,0,8,3,5,50,14,9,1,5,4,3,7,4,4,5,5,5,2,2,23,2,9,1,1,C03,7,9,1,10,2,11,,23,23,1,22,8,C03,120.673866,24.124302,2
2022,11,25,22,23,臺中市,太平區,0,0,0,8,,,30,,,,,,,,,,,,,,,16,,,,,C03,,,1,,2,11,,16,16,1,22,,C03,120.735062,24.143219,3
2022,11,25,22,29,臺中市,南屯區,0,1,0,6,3,5,40,14,8,1,4,4,5,7,4,4,1,4,1,2,17,17,2,9,1,1,C03,7,7,1,10,2,11,,17,17,1,4,8,C03,120.615059,24.148226,2
2022,11,25,22,31,臺中市,大雅區,0,0,0,8,,,50,,,,,,,,,,,,,,,23,,,,,B03,,,1,,2,,,23,,1,22,,B03,120.649839,24.21297,3
2022,11,25,22,33,臺中市,北屯區,0,1,0,6,3,5,50,4,1,1,4,4,5,7,1,1,10,5,5,1,18,23,2,9,1,1,C03,7,9,1,10,2,12,,23,23,1,21,8,C03,120.704411,24.18493,2
2022,11,25,22,35,臺中市,西屯區,0,1,0,6,3,5,50,4,1,1,4,4,5,7,2,1,10,5,5,2,17,43,2,9,1,1,C03,7,9,1,10,2,12,,43,43,1,22,8,C03,120.642598,24.172738,2
2022,11,25,22,40,臺中市,南屯區,0,1,0,8,1,5,50,14,9,1,5,4,5,7,4,4,5,4,5,2,13,23,2,9,3,4,C03,7,9,1,10,2,15,,23,23,1,22,8,C03,120.648186,24.123016,2
2022,11,25,22,44,臺中市,潭子區,0,1,0,6,3,5,50,5,1,1,4,4,5,7,1,1,10,5,5,2,17,23,3,10,1,1,B03,7,9,1,8,2,1,,23,16,1,22,8,B03,120.705675,24.21819,2
2022,11,25,22,48,臺中市,西屯區,0,1,0,6,3,5,50,3,2,1,4,4,5,7,2,1,1,3,1,1,17,6,3,10,1,1,B03,7,6,1,8,2,2,,6,6,1,22,8,B03,120.615369,24.183119,2
2022,11,25,22,59,臺中市,龍井區,0,1,0,8,3,5,50,3,9,1,5,4,5,7,4,4,5,5,5,1,16,23,2,9,1,1,C03,7,5,1,10,2,11,,23,23,1,2,1,C03,120.595494,24.186738,2
2022,11,25,23,0,臺中市,潭子區,0,1,0,6,3,5,60,5,2,1,4,4,5,7,2,1,3,4,4,1,17,44,3,10,1,1,B03,7,5,1,8,2,15,,25,44,1,22,8,B03,120.705811,24.217663,2
2022,11,25,23,11,臺中市,南區,0,2,0,7,3,5,50,4,2,1,5,4,5,7,1,1,9,4,4,2,16,25,2,7,1,1,F01,7,9,8,20,2,16,,25,25,1,5,1,F01,120.662644,24.127327,2
2022,11,25,23,25,臺中市,大里區,0,0,0,8,,,50,,,,,,,,,,,,,,,23,,,,,B03,,,1,,2,,,23,,1,10,,B03,120.679339,24.115,3
2022,11,25,23,45,臺中市,西區,0,0,0,7,3,5,50,4,1,1,4,4,5,7,1,1,10,5,5,2,12,7,,,,,B03,,,1,,1,,,7,,1,22,,B03,120.664208,24.154416,3
2022,11,25,23,46,臺中市,南區,0,0,0,,,,50,,,,,,,,,,,,,,,23,,,,,C03,,,1,,2,,,23,,1,22,,C03,120.674401,24.12432,3
2022,11,26,0,12,臺中市,豐原區,0,1,0,7,3,5,50,4,2,1,4,4,5,7,2,1,1,4,4,1,17,23,2,9,3,4,C03,7,9,2,18,9,11,,23,23,1,22,8,C03,120.735821,24.260659,2
2022,11,26,0,30,臺中市,南屯區,0,1,0,8,3,5,50,4,1,1,5,4,5,7,3,1,5,5,5,2,16,6,3,10,3,4,B03,7,9,1,8,2,4,,6,6,1,22,8,B03,120.648286,24.132038,2
2022,11,26,0,40,臺中市,西屯區,0,1,0,6,3,5,50,4,1,1,4,4,5,7,3,1,5,4,5,1,17,6,3,10,1,1,B03,7,9,1,8,1,7,,6,6,1,1,9,B03,120.63393,24.167203,2
2022,11,26,1,18,臺中市,西區,0,0,0,8,,,40,,,,,,,,,,,,,,,6,,,,,B03,,,1,,1,,,6,,1,21,,B03,120.661587,24.155869,3
2022,11,26,1,48,臺中市,南屯區,0,0,0,8,,,50,,,,,,,,,,,,,,,6,,,,,B03,,,1,,1,,,6,,1,4,,B03,120.637284,24.136787,3
2022,11,26,3,0,臺中市,北屯區,0,3,0,8,3,5,50,3,1,1,5,4,5,7,2,1,10,5,5,2,16,25,2,9,1,1,C03,7,1,3,18,2,14,,25,25,1,21,8,C03,120.665923,24.182621,2
2022,11,26,5,3,臺中市,豐原區,0,0,0,6,,,50,,,,,,,,,,,,,,,16,,,,,B03,,,1,,2,,,16,,1,22,,B03,120.725708,24.277394,3
2022,11,26,5,5,臺中市,大里區,0,1,0,7,2,5,50,3,1,1,5,4,5,7,1,1,10,5,5,2,16,25,3,10,1,1,C03,7,9,1,10,2,11,,25,25,1,5,8,C03,120.690348,24.123375,2
2022,11,26,6,0,臺中市,龍井區,0,1,0,6,2,5,50,4,9,1,4,4,5,7,4,4,10,5,5,1,2,23,3,10,1,1,B03,7,6,1,3,2,1,,23,23,1,2,1,B03,120.574816,24.183844,2
2022,11,26,6,0,臺中市,梧棲區,0,0,0,8,,,40,,,,,,,,,,,,,,,23,,,,,C03,,,1,,2,,,23,,1,22,,C03,120.534543,24.25041,3
2022,11,26,6,43,臺中市,東區,0,1,0,7,2,5,40,4,2,1,5,4,5,7,2,1,3,2,4,2,13,23,2,3,3,4,C03,7,9,1,10,2,11,,23,23,1,5,8,C03,120.67323,24.127465,2
2022,11,26,6,50,臺中市,沙鹿區,0,0,0,6,,,40,,,,,,,,,,,,,,,44,,,,,A05,,,1,,1,,,44,,1,10,,A05,120.571899,24.233757,3
2022,11,26,6,54,臺中市,東區,0,1,0,8,1,5,50,14,9,1,5,4,5,7,4,4,10,4,5,2,9,23,3,10,3,4,B03,7,9,1,8,2,2,,23,23,1,21,8,B03,120.688952,24.138577,2
2022,11,26,6,58,臺中市,梧棲區,0,0,0,8,,,70,,,,,,,,,,,,,,,23,,,,,B03,,,1,,1,,,23,,1,9,,B03,120.557068,24.242581,3
2022,11,26,7,9,臺中市,大雅區,0,0,0,8,,,50,,,,,,,,,,,,,,,6,,,,,B03,,,1,,2,,,6,,1,22,,B03,120.647168,24.218118,3
2022,11,26,7,14,臺中市,后里區,0,0,0,8,1,5,50,4,1,1,5,4,5,7,4,4,5,5,5,1,20,42,3,10,1,1,B03,7,6,1,8,1,2,,42,42,1,21,8,B03,120.709358,24.313836,3
2022,11,26,7,15,臺中市,北屯區,0,1,0,8,1,5,50,14,22,1,5,4,5,7,1,1,1,4,5,2,16,23,3,10,1,1,B01,7,8,1,4,2,5,,23,23,1,22,8,B01,120.698241,24.172787,2
2022,11,26,7,27,臺中市,大里區,0,1,0,8,1,5,50,14,7,1,5,4,5,7,4,4,5,4,4,1,16,26,3,10,1,1,B03,7,11,1,8,2,4,,26,26,1,5,8,B03,120.692455,24.11852,2
2022,11,26,7,30,臺中市,東區,0,1,0,8,1,5,50,14,7,1,5,4,5,7,4,4,5,5,4,2,12,23,3,10,1,1,B03,7,9,1,8,3,2,,23,23,1,21,8,B03,120.695185,24.138981,2
2022,11,26,7,35,臺中市,烏日區,0,0,0,8,1,5,30,3,1,1,5,4,5,7,4,4,10,5,5,2,20,17,3,10,3,4,B03,7,6,1,8,2,2,,17,17,1,21,9,B03,120.619818,24.104369,3
2022,11,26,7,54,臺中市,神岡區,0,1,0,8,1,5,30,14,9,1,5,4,5,7,4,4,10,5,5,2,10,5,3,10,3,4,F03,7,9,8,20,2,16,,5,5,1,22,9,F03,120.698823,24.247364,2
2022,11,26,8,7,臺中市,清水區,0,1,0,8,1,5,50,4,1,1,5,4,5,7,1,1,10,5,5,2,16,6,3,10,1,1,B03,7,5,1,8,2,6,,6,6,1,21,8,B03,120.574806,24.267533,2
2022,11,26,8,22,臺中市,南區,0,0,0,,,,50,,,,,,,,,,,,,,,10,,,,,B03,,,1,,2,,,10,10,1,21,,B03,120.660102,24.124382,3
2022,11,26,8,25,臺中市,大雅區,0,1,0,8,1,5,50,4,1,1,5,4,5,7,1,1,5,4,5,1,16,6,3,10,1,1,B03,7,5,1,8,2,8,,6,6,1,22,9,B03,120.645243,24.225623,2
2022,11,26,8,27,臺中市,霧峰區,0,2,0,8,1,5,30,3,2,1,5,4,5,7,4,4,10,5,5,2,12,23,3,10,1,1,B03,7,9,1,8,2,8,,23,23,1,22,9,B03,120.714497,24.076084,2
2022,11,26,8,30,臺中市,清水區,0,0,0,8,,,40,,,,,,,,,,,,,,,12,,,,,B03,,,1,,1,,,12,,1,22,,B03,120.570736,24.277479,3
2022,11,26,8,35,臺中市,東區,0,2,0,8,1,5,30,3,1,1,5,4,5,7,4,4,10,5,5,2,16,6,2,8,1,1,C03,7,1,1,10,2,14,,6,6,1,22,8,C03,120.695763,24.144689,2
2022,11,26,8,43,臺中市,大甲區,0,1,0,7,1,5,50,5,1,1,5,4,5,7,1,1,10,5,5,2,16,6,2,9,1,1,C03,7,9,1,10,2,11,,44,6,1,2,8,C03,120.629511,24.345139,2
2022,11,26,8,45,臺中市,潭子區,0,1,0,8,1,5,50,11,9,1,5,4,5,7,4,4,5,4,5,1,18,43,2,9,1,1,C03,7,9,1,10,2,12,,43,43,1,22,8,C03,120.723437,24.19401,2
2022,11,26,8,50,臺中市,龍井區,0,0,0,8,,,40,,,,,,,,,,,,,,,16,,,,,C03,,,1,,2,,,16,,1,21,,C03,120.585621,24.186158,3
2022,11,26,8,52,臺中市,大里區,0,1,0,8,1,5,50,3,1,1,5,4,5,7,4,4,5,4,5,1,12,23,3,10,1,1,C03,7,9,1,10,2,12,,23,23,1,22,8,C03,120.699508,24.110029,2
2022,11,26,9,0,臺中市,神岡區,0,1,0,8,1,5,50,14,9,1,5,4,5,7,4,4,7,5,5,1,2,17,3,10,1,1,C03,7,9,1,10,2,12,,17,17,1,22,8,C03,120.706823,24.26056,2
2022,11,26,9,1,臺中市,豐原區,0,2,0,8,1,5,50,14,7,1,5,4,5,7,4,4,9,5,4,2,16,6,2,7,3,1,F01,7,5,8,20,2,16,,6,6,1,15,8,F01,120.727006,24.245173,2
2022,11,26,9,9,臺中市,北屯區,0,0,0,8,,,50,,,,,,,,,,,,,,,16,,,,,B03,,,1,,1,,,16,,1,22,,B03,120.737276,24.17845,3
2022,11,26,9,10,臺中市,西屯區,0,0,0,,,,50,,,,,,,,,,,,,,,16,,,,,C03,,,1,,1,,,16,,1,22,,C03,120.617561,24.188315,3
2022,11,26,9,14,臺中市,神岡區,0,1,0,8,1,5,50,4,1,1,5,4,5,7,1,1,5,4,4,2,16,25,2,8,3,4,C03,7,6,1,10,2,14,,25,25,1,22,9,C03,120.655619,24.255462,2
2022,11,26,9,15,臺中市,中區,0,0,0,,,,50,,,,,,,,,,,,,,,26,,,,,B03,,,1,,9,,,26,,1,5,,B03,120.684456,24.142287,3
2022,11,26,9,17,臺中市,潭子區,0,0,0,8,,,50,,,,,,,,,,,,,,,23,,,,,B03,,,1,,9,,,23,,1,22,,B03,120.693891,24.21818,3
2022,11,26,9,20,臺中市,后里區,0,0,0,8,,,30,,,,,,,,,,,,,,,23,,,,,B12,,,1,,1,,,23,,1,22,,B12,120.730179,24.333165,3
2022,11,26,9,29,臺中市,太平區,0,1,0,8,1,5,50,4,9,1,5,4,5,7,4,4,5,5,4,1,12,1,3,10,1,1,B03,7,4,1,8,2,2,,1,1,1,20,8,B03,120.726064,24.149853,2
2022,11,26,9,40,臺中市,后里區,0,0,0,8,,,30,,,,,,,,,,,,,,,23,,,,,B03,,,1,,2,,,23,,1,22,,B03,120.719073,24.310707,3
2022,11,26,9,50,臺中市,北屯區,0,0,0,8,,,50,,,,,,,,,,,,,,,10,,,,,C03,,,1,,9,,,10,,1,5,,C03,120.706373,24.169598,3
2022,11,26,9,50,臺中市,沙鹿區,0,0,0,8,,,50,,,,,,,,,,,,,,,16,,,,,C03,,,1,,1,,,16,,1,22,,C03,120.567207,24.208705,3
2022,11,26,9,55,臺中市,太平區,0,1,0,8,1,5,50,14,9,1,5,4,5,7,1,1,5,5,5,1,16,19,2,9,1,4,C03,7,1,1,10,2,11,,19,19,1,19,7,C03,120.721336,24.120027,2
2022,11,26,9,58,臺中市,南屯區,0,0,0,8,,,50,,,,,,,,,,,,,,,19,,,,,B03,,,1,,2,,,19,,1,5,,B03,120.64164,24.141598,3
2022,11,26,9,58,臺中市,東勢區,0,2,0,8,1,5,50,4,1,1,5,4,5,5,4,4,10,5,5,2,17,6,2,8,1,1,C03,7,5,1,10,2,11,,6,6,1,22,8,C03,120.831057,24.249265,2
2022,11,26,10,0,臺中市,新社區,0,0,0,8,,,30,,,,,,,,,,,,,,,6,,,,,B03,,,1,,1,,,6,,1,7,,B03,120.81061,24.21312,3
2022,11,26,10,4,臺中市,北屯區,0,1,0,8,1,5,50,14,9,1,5,4,5,7,4,4,5,4,5,2,17,40,2,8,1,1,C03,7,9,6,18,2,14,,44,40,1,9,8,C03,120.734415,24.177144,2
2022,11,26,10,5,臺中市,西區,0,0,0,,,,50,,,,,,,,,,,,,,,17,,,,,B03,,,1,,1,,,17,,1,21,,B03,120.655144,24.148294,3