年,月,日,時,分,縣市,區,死,受傷,2-30,天候,光線,道路類別,速限,道路型態,事故位置,路面鋪裝,路面狀態,路面缺陷,障礙物,視距,號誌種類,號誌動作,分向設施,快車道或一般車道間,快慢車道間,路面邊線,事故類型及型態,主要肇因,受傷程度,主要傷處,保護裝備,行動電話,當事者區分,車輛用途,當事者行動狀態,駕駛資格情形,駕駛執照種類,飲酒情形,車輛撞擊部位最初,車輛撞擊部位其他,肇事因素個別,肇事因素主要,肇事逃逸,職業,旅次目的,車種,GPS緯度,GPS經度,事故類別
2022,11,26,15,50,臺中市,新社區,0,1,0,8,1,5,50,4,9,1,5,4,5,7,4,4,10,5,5,1,15,6,3,10,3,4,B03,7,9,1,8,2,4,,23,6,1,22,8,B03,120.804938,24.219299,2
2022,11,26,15,52,臺中市,大里區,0,0,0,8,,,50,,,,,,,,,,,,,,,17,,,,,B03,,,1,,1,,,17,,1,5,,B03,120.691875,24.101044,3
2022,11,26,15,57,臺中市,豐原區,0,1,0,8,1,5,50,14,7,1,5,4,5,7,2,1,3,4,4,1,17,23,2,9,3,4,C03,7,9,1,10,2,11,,23,17,1,22,8,C03,120.719552,24.236914,2
2022,11,26,15,58,臺中市,石岡區,0,1,0,8,1,5,70,3,9,1,5,4,5,7,2,1,1,5,5,1,17,25,3,10,3,4,B03,7,9,1,8,2,5,,25,25,1,22,8,B03,120.81647,24.260138,2
2022,11,26,15,58,臺中市,東勢區,0,0,0,8,,,60,,,,,,,,,,,,,,,23,,,,,B03,,,1,,2,,,23,,1,22,,B03,120.83323,24.244396,3
2022,11,26,16,5,臺中市,西屯區,0,0,0,8,,,50,,,,,,,,,,,,,,,23,,,,,C03,,,1,,1,,,23,,1,22,,C03,120.640597,24.165047,3
2022,11,26,16,7,臺中市,西屯區,0,1,0,8,1,5,50,3,9,1,5,4,5,7,1,1,1,4,5,2,18,42,2,1,3,4,C03,7,9,1,10,2,12,,42,42,1,22,8,C03,120.65183,24.18555,2
2022,11,26,16,7,臺中市,大肚區,0,1,0,8,1,5,50,14,9,1,5,4,5,7,4,4,5,5,5,1,17,40,3,10,3,4,B03,7,14,1,8,2,4,,40,40,1,22,9,B03,120.579428,24.169748,2
2022,11,26,16,10,臺中市,西屯區,0,0,0,8,,,50,,,,,,,,,,,,,,,23,,,,,B01,,,1,,2,,,23,,1,22,,B01,120.634356,24.167531,3
2022,11,26,16,15,臺中市,烏日區,0,1,0,8,1,5,50,4,1,1,5,4,5,7,2,1,5,5,4,2,12,6,3,10,3,4,B03,7,6,1,8,2,2,,6,6,1,21,9,B03,120.607602,24.11217,2
2022,11,26,16,17,臺中市,大雅區,0,2,0,8,1,5,30,3,1,1,5,4,5,7,4,4,10,5,5,2,16,6,3,10,1,1,B03,7,6,1,8,2,4,,6,6,1,22,9,B03,120.659797,24.207608,2
2022,11,26,16,20,臺中市,北屯區,0,0,0,8,,,50,,,,,,,,,,,,,,,23,,,,,B12,,,1,,1,,,23,,1,21,,B12,120.686755,24.194175,3
2022,11,26,16,26,臺中市,南屯區,0,0,0,8,,,50,,,,,,,,,,,,,,,12,,,,,B03,,,1,,2,,,12,,1,5,,B03,120.652553,24.140243,3
2022,11,26,16,26,臺中市,北屯區,0,1,0,8,1,5,50,4,1,1,5,4,5,7,1,1,10,5,5,2,3,15,3,10,1,1,F01,7,9,8,20,1,16,,15,15,1,22,8,F01,120.683491,24.17371,2
2022,11,26,16,26,臺中市,豐原區,0,1,0,8,1,5,50,14,9,1,5,4,5,7,4,4,1,5,5,1,20,23,2,9,1,1,C03,7,9,1,10,2,11,,23,23,1,22,5,C03,120.735661,24.261363,2
2022,11,26,16,32,臺中市,大里區,0,1,0,8,1,5,50,4,1,1,5,4,5,7,1,1,10,5,5,2,13,16,3,10,1,1,B03,7,6,1,8,2,7,,44,16,1,22,8,B03,120.709059,24.082369,2
2022,11,26,16,38,臺中市,南區,0,1,0,8,1,5,50,4,1,1,5,4,5,7,2,1,10,5,5,2,16,42,2,9,1,1,C03,7,5,1,10,2,14,,42,42,1,21,8,C03,120.678708,24.13264,2
2022,11,26,16,39,臺中市,西屯區,0,0,0,8,,,30,,,,,,,,,,,,,,,12,,,,,B03,,,1,,1,,,12,,1,22,,B03,120.659525,24.162329,3
2022,11,26,16,40,臺中市,南區,0,0,0,8,,,50,,,,,,,,,,,,,,,12,,,,,B03,,,1,,2,,,12,,1,22,,B03,120.649333,24.116745,3
2022,11,26,16,40,臺中市,北屯區,0,0,0,8,,,1,,,,,,,,,,,,,,,23,,,,,F01,,,8,,1,,,23,23,1,14,,F01,120.661694,24.189312,3
2022,11,26,16,42,臺中市,潭子區,0,0,0,8,,,50,,,,,,,,,,,,,,,23,,,,,B03,,,1,,2,,,44,23,1,22,,B03,120.680025,24.216031,3
2022,11,26,16,43,臺中市,南屯區,0,0,0,8,,,50,,,,,,,,,,,,,,,6,,,,,B03,,,1,,1,,,6,,1,22,,B03,120.640798,24.151404,3
2022,11,26,16,46,臺中市,大里區,0,0,0,8,,,50,,,,,,,,,,,,,,,3,,,,,B03,,,1,,1,,,3,3,1,22,,B03,120.689574,24.106329,3
2022,11,26,16,50,臺中市,東區,0,0,0,8,,,50,,,,,,,,,,,,,,,23,,,,,B03,,,1,,2,,,23,,1,5,,B03,120.690352,24.126401,3
2022,11,26,16,50,臺中市,大甲區,0,1,0,8,3,5,30,3,1,1,5,4,5,7,4,4,10,5,5,2,26,22,2,9,1,1,B12,7,9,1,8,2,1,,22,22,1,20,8,B12,120.629273,24.411749,2
2022,11,26,16,54,臺中市,豐原區,0,1,0,8,2,5,50,5,1,1,5,4,5,7,1,1,10,5,5,2,17,6,2,9,1,1,F03,7,6,8,20,2,16,,6,6,1,20,8,F03,120.715394,24.248234,2
2022,11,26,16,55,臺中市,西屯區,0,0,0,8,,,60,,,,,,,,,,,,,,,7,,,,,B03,,,1,,11,,,7,,1,20,,B03,120.653258,24.160817,3
2022,11,26,16,59,臺中市,太平區,0,1,0,8,2,5,50,4,1,1,5,4,5,7,1,1,10,5,5,2,16,9,3,10,3,4,B03,7,6,1,8,2,2,,9,9,1,9,8,B03,120.718694,24.148878,2
2022,11,26,17,9,臺中市,梧棲區,0,0,0,8,,,50,,,,,,,,,,,,,,,12,,,,,B03,,,1,,1,,,12,,1,12,,B03,120.536746,24.260458,3
2022,11,26,17,13,臺中市,大雅區,0,1,0,8,1,5,50,3,1,1,5,4,5,7,3,1,10,4,5,1,13,23,3,10,1,1,B03,7,6,1,8,2,1,,23,16,1,22,9,B03,120.644474,24.229064,2
2022,11,26,17,15,臺中市,神岡區,0,2,0,8,1,5,50,14,9,1,5,4,5,7,4,4,5,5,5,1,16,11,2,9,1,1,C03,7,11,6,10,2,14,,11,11,1,22,8,C03,120.695296,24.247207,2
2022,11,26,17,20,臺中市,沙鹿區,0,1,0,8,3,5,50,14,7,1,5,4,5,7,3,1,5,5,4,2,13,16,2,3,1,1,C03,7,9,1,10,2,11,,16,16,1,9,4,C03,120.573699,24.22931,2
2022,11,26,17,27,臺中市,大里區,0,1,0,8,1,5,50,4,2,1,5,4,5,7,4,4,10,5,5,1,18,44,2,9,1,1,C03,7,1,1,10,9,14,,44,44,1,5,8,C03,120.688476,24.110208,2
2022,11,26,17,28,臺中市,中區,0,3,0,8,3,5,50,4,1,1,5,4,5,7,1,1,10,5,5,2,17,6,3,10,1,1,B03,7,5,1,8,2,2,,6,6,1,21,8,B03,120.678039,24.140989,2
2022,11,26,17,29,臺中市,西屯區,0,0,0,8,,,50,,,,,,,,,,,,,,,23,,,,,B03,,,1,,1,,,23,,1,4,,B03,120.627924,24.161911,3
2022,11,26,17,29,臺中市,西屯區,0,1,0,8,3,5,60,4,1,1,5,4,5,7,1,1,10,5,5,2,17,26,3,10,3,4,B02,7,6,1,8,2,15,,26,26,1,22,8,B02,120.633548,24.161655,2
2022,11,26,17,30,臺中市,西屯區,0,1,0,8,3,5,50,3,2,1,5,4,5,7,4,4,8,3,4,1,13,23,2,9,1,1,C03,7,9,1,10,2,11,,23,23,1,22,8,C03,120.663141,24.165723,2
2022,11,26,17,33,臺中市,西屯區,0,1,0,8,3,5,50,3,1,1,5,4,5,7,4,4,5,3,4,2,13,23,2,9,1,1,C03,7,9,1,10,2,11,,23,23,1,22,9,C03,120.662974,24.165821,2
2022,11,26,17,35,臺中市,東區,0,2,0,8,3,5,50,3,2,1,5,4,5,7,4,4,10,5,5,2,18,23,2,9,1,1,C03,7,9,1,10,2,14,,23,23,1,5,8,C03,120.701012,24.13647,2
2022,11,26,17,39,臺中市,西屯區,0,0,0,8,,,50,,,,,,,,,,,,,,,23,,,,,B03,,,1,,1,,,23,,1,22,,B03,120.638985,24.180042,3
2022,11,26,17,41,臺中市,潭子區,0,0,0,8,,,80,,,,,,,,,,,,,,,23,,,,,B03,,,1,,2,,,23,,1,22,,B03,120.699661,24.201438,3
2022,11,26,17,42,臺中市,大雅區,0,1,0,8,3,5,40,14,8,1,5,4,5,7,4,4,1,4,4,1,16,23,2,9,1,1,C03,7,9,1,10,2,12,,23,23,1,22,9,C03,120.657403,24.21982,2
2022,11,26,17,43,臺中市,大里區,0,1,0,8,3,5,40,4,2,1,5,4,5,7,1,1,1,5,1,1,13,23,3,10,1,1,B03,7,9,1,8,2,1,,23,23,1,22,9,B03,120.696813,24.110966,2
2022,11,26,17,46,臺中市,烏日區,0,1,0,8,4,5,50,4,1,1,5,4,5,7,2,1,2,4,4,1,16,10,3,10,3,4,B03,7,11,1,8,2,1,,10,10,1,21,9,B03,120.625741,24.110485,2
2022,11,26,17,50,臺中市,南屯區,0,1,0,8,3,5,50,4,1,1,5,4,5,7,1,1,10,5,5,2,9,23,2,9,1,1,C03,7,9,1,10,2,12,,23,23,1,4,8,C03,120.648729,24.149941,2
2022,11,26,17,50,臺中市,西屯區,0,1,0,8,1,5,40,3,1,1,5,4,5,7,2,1,10,5,5,2,16,23,2,9,3,4,C03,7,9,1,10,1,11,,23,23,1,22,8,C03,120.662788,24.163933,2
2022,11,26,17,56,臺中市,西屯區,0,0,0,8,,,50,,,,,,,,,,,,,,,42,,,,,B03,,,1,,1,,,42,,1,22,,B03,120.644986,24.180481,3
2022,11,26,17,58,臺中市,清水區,0,0,0,8,3,5,50,14,9,1,5,4,5,7,4,4,5,5,5,2,12,23,,,,,B03,,,1,,1,,,23,,1,5,,B03,120.574044,24.27399,3
2022,11,26,18,0,臺中市,西區,0,0,0,8,,,50,,,,,,,,,,,,,,,8,,,,,B03,,,1,,1,,,8,,1,21,,B03,120.673517,24.147762,3
2022,11,26,18,0,臺中市,西屯區,0,0,0,8,,,50,,,,,,,,,,,,,,,43,,,,,B03,,,1,,1,,,43,,1,4,,B03,120.623153,24.184538,3
2022,11,26,18,5,臺中市,豐原區,0,0,0,8,,,50,,,,,,,,,,,,,,,16,,,,,B03,,,1,,2,,,16,,1,22,,B03,120.701301,24.246715,3
2022,11,26,18,6,臺中市,大里區,0,0,0,8,,,50,,,,,,,,,,,,,,,16,,,,,B03,,,1,,1,,,16,,1,5,,B03,120.688326,24.102481,3
2022,11,26,18,7,臺中市,南屯區,0,0,0,8,,,40,,,,,,,,,,,,,,,25,,,,,B03,,,1,,1,,,25,,1,22,,B03,120.623783,24.152398,3
2022,11,26,18,13,臺中市,清水區,0,0,0,8,,,50,,,,,,,,,,,,,,,12,,,,,B03,,,1,,1,,,12,,1,21,,B03,120.564102,24.277218,3
2022,11,26,18,15,臺中市,西區,0,1,0,8,3,5,50,4,1,1,5,4,5,7,1,1,10,5,5,2,17,23,2,9,1,1,C03,7,9,3,18,2,11,,23,23,1,22,9,C03,120.667101,24.132158,2
2022,11,26,18,15,臺中市,烏日區,0,0,0,8,3,5,50,4,1,1,5,4,5,7,4,4,10,5,5,2,13,23,,,,,B03,,,1,,2,,,23,,1,22,,B03,120.628876,24.101973,3
2022,11,26,18,15,臺中市,梧棲區,0,2,0,8,3,5,50,3,1,1,5,4,5,7,4,4,10,5,5,2,16,23,2,9,3,4,C03,7,5,1,10,2,14,,8,23,1,22,8,C03,120.534665,24.234249,2
2022,11,26,18,20,臺中市,大里區,0,0,0,8,,,25,,,,,,,,,,,,,,,23,,,,,B03,,,1,,1,,,23,,1,22,,B03,120.697123,24.111295,3
2022,11,26,18,24,臺中市,西屯區,0,0,0,8,,,40,,,,,,,,,,,,,,,26,,,,,B03,,,1,,2,,,26,,1,22,,B03,120.635879,24.181852,3
2022,11,26,18,29,臺中市,西屯區,0,0,0,8,,,50,,,,,,,,,,,,,,,44,,,,,B03,,,1,,2,,,44,,1,4,,B03,120.64133,24.173196,3
2022,11,26,18,33,臺中市,東勢區,0,0,0,,,,50,,,,,,,,,,,,,,,12,,,,,B03,,,1,,1,,,12,,1,22,,B03,120.830663,24.252756,3
2022,11,26,18,46,臺中市,大里區,0,0,0,8,,,50,,,,,,,,,,,,,,,12,,,,,B03,,,1,,1,,,12,,1,22,,B03,120.68523,24.115325,3
2022,11,26,18,50,臺中市,北區,0,1,0,8,3,5,50,4,1,1,5,4,5,7,2,1,3,2,4,1,16,8,3,10,3,4,C03,7,9,6,10,2,12,,23,8,1,22,9,C03,120.676567,24.160407,2
2022,11,26,18,55,臺中市,大里區,0,2,0,8,3,5,50,4,1,1,5,4,5,7,1,1,10,5,5,1,16,25,3,10,1,1,B02,7,5,1,8,2,8,,25,25,1,5,8,B02,120.688915,24.119673,2
2022,11,26,18,57,臺中市,東區,0,2,0,8,3,5,50,4,1,1,5,4,5,7,4,4,5,5,5,2,15,6,2,9,1,1,C03,5,9,1,9,2,14,,6,6,1,3,5,C03,120.706007,24.141072,2
2022,11,26,19,7,臺中市,北屯區,0,0,0,8,3,5,50,4,1,1,5,4,5,7,2,1,10,5,5,2,16,7,,,,,B03,,,1,,1,,,7,,1,21,,B03,120.697991,24.170305,3
2022,11,26,19,11,臺中市,沙鹿區,0,1,0,8,3,5,50,14,9,1,5,4,5,7,4,4,5,5,5,1,17,10,3,10,1,1,B03,7,11,1,8,2,1,,10,10,1,21,8,B03,120.550479,24.23211,2
2022,11,26,19,11,臺中市,豐原區,0,1,0,7,3,5,50,3,1,1,5,4,5,7,3,1,10,5,5,2,16,6,3,10,1,1,B03,7,5,1,8,2,5,,6,6,1,22,8,B03,120.708936,24.251138,2
2022,11,26,19,15,臺中市,北區,0,2,0,8,3,5,50,14,9,1,5,4,5,7,4,4,5,5,5,2,10,4,2,8,1,1,C03,7,10,1,10,2,11,,4,4,1,10,4,C03,120.680374,24.171684,2
2022,11,26,19,17,臺中市,西屯區,0,0,0,8,,,50,,,,,,,,,,,,,,,7,,,,,C03,,,1,,1,,,7,,1,22,,C03,120.64651,24.175144,3
2022,11,26,19,24,臺中市,北區,0,0,0,8,3,5,50,3,2,1,5,4,5,7,4,4,9,5,5,2,12,23,3,10,1,1,B03,7,9,1,8,1,12,,23,23,1,5,5,B03,120.69057,24.16016,3
2022,11,26,19,24,臺中市,南區,0,1,0,8,3,5,50,4,18,1,5,4,5,7,1,1,9,4,5,2,2,15,3,10,1,1,B03,7,5,1,8,2,8,,15,15,1,5,1,B03,120.663681,24.11345,2
2022,11,26,19,25,臺中市,烏日區,0,1,0,7,3,5,40,10,16,1,5,4,5,7,4,4,1,5,5,2,12,23,2,9,1,1,C03,7,9,1,10,2,12,,23,23,1,21,8,C03,120.641933,24.115256,2
2022,11,26,19,34,臺中市,豐原區,0,0,0,8,,,50,,,,,,,,,,,,,,,7,,,,,C03,,,1,,2,,,7,,1,21,,C03,120.718026,24.25463,3
2022,11,26,19,35,臺中市,沙鹿區,0,1,0,8,3,5,50,4,1,1,5,4,5,7,4,4,10,5,5,2,15,6,3,10,1,1,B03,7,9,1,8,2,4,,6,6,1,20,5,B03,120.562592,24.252002,2
2022,11,26,19,35,臺中市,豐原區,0,0,0,8,,,50,,,,,,,,,,,,,,,12,,,,,B03,,,1,,2,,,12,12,1,22,,B03,120.730109,24.250483,3
2022,11,26,19,40,臺中市,北屯區,0,0,0,8,,,50,,,,,,,,,,,,,,,6,,,,,B03,,,1,,2,,,6,6,1,5,,B03,120.672288,24.187823,3
2022,11,26,19,50,臺中市,北屯區,0,2,0,8,1,5,50,4,1,1,5,4,5,7,1,1,10,5,5,2,17,43,2,9,1,1,C03,7,11,1,10,2,14,,43,43,1,21,8,C03,120.690468,24.17256,2
2022,11,26,19,53,臺中市,北屯區,0,2,0,8,3,5,50,14,7,1,5,4,5,7,4,4,4,3,4,1,16,10,3,10,1,1,C03,7,11,1,10,2,11,,10,10,1,21,8,C03,120.687162,24.16899,2
2022,11,26,19,54,臺中市,北屯區,0,2,0,8,2,5,50,4,1,1,5,4,5,7,1,1,10,5,5,2,16,6,2,9,1,1,C03,7,5,1,10,2,12,,6,6,1,20,8,C03,120.711,24.1801,2
2022,11,26,19,59,臺中市,南區,0,0,0,,,,50,,,,,,,,,,,,,,,23,,,,,B03,,,1,,2,,,23,,1,22,,B03,120.67936,24.12321,3
2022,11,26,20,0,臺中市,潭子區,0,0,0,8,,,50,,,,,,,,,,,,,,,12,,,,,B03,,,1,,9,,,12,,1,22,,B03,120.700726,24.214584,3
2022,11,26,20,14,臺中市,北區,0,0,0,,,,50,,,,,,,,,,,,,,,23,,,,,C03,,,1,,2,,,23,,1,22,,C03,120.68616,24.146227,3
2022,11,26,20,24,臺中市,北屯區,0,2,0,8,3,5,50,3,1,1,5,4,5,7,4,4,5,4,5,2,12,26,2,8,1,1,C03,7,5,1,10,2,14,,26,26,1,21,8,C03,120.670478,24.188901,2
2022,11,26,20,25,臺中市,霧峰區,0,0,0,8,,,50,,,,,,,,,,,,,,,26,,,,,C03,,,1,,1,,,26,,1,22,,C03,120.699431,24.071946,4
2022,11,26,20,25,臺中市,烏日區,0,0,0,8,,,30,,,,,,,,,,,,,,,42,,,,,B03,,,1,,2,,,42,,1,21,,B03,120.616493,24.11303,3
2022,11,26,20,43,臺中市,東區,0,1,0,8,3,5,50,4,1,1,5,4,5,7,2,1,10,5,5,2,16,6,3,10,1,1,B03,7,5,1,8,2,5,,6,6,1,22,8,B03,120.700027,24.142749,2
2022,11,26,20,47,臺中市,西屯區,0,2,0,8,3,5,50,5,2,1,5,4,5,7,2,1,8,3,5,1,17,6,2,9,1,1,C03,7,11,1,10,2,13,,6,6,1,22,8,C03,120.643643,24.165818,2
2022,11,26,20,50,臺中市,大里區,0,0,0,8,,,50,,,,,,,,,,,,,,,6,,,,,F03,,,8,,9,,,6,,1,22,,F03,120.683817,24.110261,3
2022,11,26,20,53,臺中市,梧棲區,0,1,0,8,4,5,50,14,9,1,5,4,5,7,4,4,9,5,5,1,16,6,3,10,1,1,B03,7,5,1,8,2,2,,6,6,1,12,8,B03,120.543932,24.22687,2
2022,11,26,20,56,臺中市,西屯區,0,0,0,8,,,50,,,,,,,,,,,,,,,42,,,,,B03,,,1,,1,,,42,,1,22,,B03,120.628867,24.162746,3
2022,11,26,21,2,臺中市,烏日區,0,2,0,7,3,5,30,14,9,1,5,4,5,7,4,4,10,5,5,1,11,5,2,9,1,1,C03,7,9,1,10,2,14,,5,5,1,21,8,C03,120.640714,24.099768,2
2022,11,26,21,11,臺中市,太平區,0,2,0,8,1,5,50,4,1,1,5,4,5,7,1,1,10,5,5,2,17,25,2,9,1,1,C03,7,9,1,10,2,12,,25,25,1,19,8,C03,120.715628,24.135997,2
2022,11,26,21,16,臺中市,南屯區,0,0,0,8,,,1,,,,,,,,,,,,,,,12,,,,,B12,,,1,,1,,,12,,1,4,,B12,120.643784,24.147963,3
2022,11,26,21,18,臺中市,神岡區,0,2,0,8,1,5,50,4,1,1,5,4,5,7,1,1,5,4,4,2,16,26,2,9,1,1,F02,7,5,8,20,2,16,,26,26,1,22,8,F02,120.699575,24.26398,2
2022,11,26,21,28,臺中市,潭子區,0,0,0,8,,,50,,,,,,,,,,,,,,,23,,,,,B12,,,1,,9,,,23,,1,22,,B12,120.699704,24.194435,3
2022,11,26,21,42,臺中市,東區,0,2,0,8,3,5,50,3,2,1,5,4,5,7,1,1,5,4,5,2,12,42,2,9,1,4,C03,7,9,1,10,2,12,,42,42,1,21,8,C03,120.705766,24.134014,2
2022,11,26,21,45,臺中市,西屯區,0,0,0,8,,,50,,,,,,,,,,,,,,,43,,,,,B03,,,1,,2,,,43,,1,22,,B03,120.658724,24.191881,3
2022,11,26,22,13,臺中市,北屯區,0,1,0,8,3,5,50,11,9,1,5,4,5,7,4,4,1,4,5,2,23,23,2,9,1,1,C03,7,15,1,10,2,11,,23,23,1,18,8,C03,120.784954,24.204231,2
2022,11,26,22,14,臺中市,東區,0,1,0,8,3,5,50,4,1,1,5,4,5,7,2,1,10,5,5,2,17,6,3,10,3,4,B03,7,6,1,8,2,15,,6,6,1,5,8,B03,120.692176,24.14784,2
2022,11,26,22,19,臺中市,中區,0,1,0,8,3,5,30,4,1,1,5,4,5,7,4,4,10,5,5,2,15,6,3,10,3,4,C03,7,9,1,10,2,15,,6,6,1,21,8,C03,120.680896,24.144625,2
2022,11,26,22,19,臺中市,大里區,0,1,0,8,3,5,50,4,1,1,5,4,5,7,1,1,10,5,5,2,29,23,2,9,1,1,C03,7,9,1,10,2,11,,23,23,1,5,8,C03,120.688111,24.083142,2
2022,11,26,22,39,臺中市,北區,0,0,0,8,,,50,,,,,,,,,,,,,,,12,,,,,B03,,,1,,11,,,12,,1,22,,B03,120.680137,24.165392,3
2022,11,26,22,53,臺中市,大里區,0,1,0,8,1,5,50,14,7,1,5,4,5,7,4,4,9,5,4,1,13,23,2,9,1,1,C03,7,9,1,10,2,11,,23,23,1,5,8,C03,120.692488,24.120797,2
2022,11,26,22,57,臺中市,北屯區,0,0,0,8,,,50,,,,,,,,,,,,,,,26,,,,,B03,,,1,,1,,,26,,1,21,,B03,120.690976,24.171323,3
2022,11,26,23,23,臺中市,神岡區,0,1,0,8,1,5,50,4,2,1,5,4,5,7,3,1,5,4,4,2,19,23,2,9,1,1,C03,7,9,2,18,2,11,,23,23,1,22,8,C03,120.68076,24.247709,2
2022,11,26,23,45,臺中市,潭子區,0,1,0,8,3,8,30,11,9,1,5,4,5,7,4,4,10,5,5,1,29,43,2,9,1,1,C03,7,9,2,18,2,14,,43,43,1,22,8,C03,120.7114,24.189966,2
2022,11,27,0,5,臺中市,大雅區,0,1,0,8,3,5,50,4,9,1,5,4,5,7,4,4,5,5,5,1,16,6,3,10,1,1,B03,7,6,1,8,2,8,,6,6,1,22,9,B03,120.625081,24.236282,2
2022,11,27,0,17,臺中市,太平區,0,1,0,8,3,5,50,5,1,1,5,4,5,7,1,1,10,5,5,2,16,26,2,9,3,4,C03,7,5,1,10,2,11,,26,26,1,5,8,C03,120.724783,24.149633,2
2022,11,27,0,47,臺中市,霧峰區,0,0,0,8,3,5,50,4,2,1,5,4,5,7,1,1,10,5,5,1,16,23,,,,,B03,,,1,,2,,,23,,1,12,,B03,120.707635,24.076537,3
2022,11,27,0,49,臺中市,北屯區,0,2,0,8,3,5,50,4,1,1,5,4,5,7,3,1,10,5,5,2,15,6,2,9,1,1,B01,7,9,1,4,2,2,,6,6,1,10,8,B01,120.704388,24.186486,2
2022,11,27,1,24,臺中市,南區,0,0,0,,,,,,,,,,,,,,,,,,,67,,,,,,,,,,,,,67,,1,,,,120.669979,24.111741,3
2022,11,27,1,24,臺中市,南區,0,0,0,8,,,40,,,,,,,,,,,,,,,12,,,,,B12,,,1,,2,,,12,,1,22,,B12,120.669979,24.111741,3
2022,11,27,2,23,臺中市,沙鹿區,0,0,0,8,,,60,,,,,,,,,,,,,,,23,,,,,B03,,,1,,2,,,23,,1,21,,B03,120.580758,24.201702,3
2022,11,27,3,11,臺中市,龍井區,0,0,0,8,,,30,,,,,,,,,,,,,,,23,,,,,B03,,,1,,11,,,23,,1,2,,B03,120.591289,24.182866,3
2022,11,27,3,19,臺中市,豐原區,0,3,0,8,3,5,50,4,1,1,5,4,5,7,1,1,10,5,5,2,17,25,2,9,1,1,B03,7,5,2,18,2,5,,25,25,1,22,8,B03,120.699207,24.248976,2
2022,11,27,5,24,臺中市,大雅區,0,1,0,8,3,5,50,4,1,1,5,4,5,7,3,1,10,5,5,2,16,6,3,10,1,1,B03,7,5,1,8,2,1,,6,6,1,22,9,B03,120.657043,24.225176,2
2022,11,27,5,43,臺中市,霧峰區,0,0,0,8,,,50,,,,,,,,,,,,,,,23,,,,,B12,,,1,,2,,,23,,1,12,,B12,120.691478,24.057773,3
2022,11,27,5,52,臺中市,東區,0,1,0,8,2,5,50,14,9,1,5,4,5,7,4,4,10,4,5,2,29,43,2,8,3,4,C03,7,15,1,10,2,14,,43,43,1,5,8,C03,120.705515,24.137628,2
2022,11,27,5,55,臺中市,中區,0,0,0,8,2,5,50,14,9,1,5,4,5,7,4,4,5,4,5,2,17,42,3,10,3,4,B03,7,15,1,2,5,1,,42,42,1,21,8,B03,120.68187,24.140023,3
2022,11,27,7,5,臺中市,東區,0,3,0,8,1,5,25,14,8,1,5,4,5,7,4,4,5,4,4,2,12,44,2,9,1,1,F01,7,6,8,20,2,16,,44,44,1,22,8,F01,120.699985,24.142136,2
2022,11,27,7,9,臺中市,豐原區,0,1,0,8,1,5,30,3,1,1,5,4,5,7,4,4,10,5,5,2,16,6,3,10,3,4,B12,7,6,1,8,2,6,,6,6,1,21,8,B12,120.747835,24.254726,2
2022,11,27,7,16,臺中市,龍井區,0,0,0,8,,,30,,,,,,,,,,,,,,,6,,,,,B03,,,1,,2,,,6,,1,12,,B03,120.51696,24.1977,4
2022,11,27,7,20,臺中市,大雅區,0,1,0,8,1,5,30,4,1,1,5,4,5,7,1,1,10,5,5,1,17,6,3,10,1,1,B03,7,5,1,8,2,6,,6,6,1,22,9,B03,120.65144,24.256268,2
2022,11,27,7,40,臺中市,中區,0,3,0,8,1,5,50,5,1,1,5,4,5,7,2,1,10,5,5,2,17,25,2,7,1,1,B03,7,9,1,8,2,1,,25,25,1,22,9,B03,120.681796,24.144577,2
2022,11,27,7,45,臺中市,大甲區,0,0,0,8,,,30,,,,,,,,,,,,,,,12,,,,,B03,,,1,,2,,,12,,1,5,,B03,120.630423,24.344663,3
2022,11,27,8,9,臺中市,大里區,0,0,0,8,1,5,50,4,2,1,5,4,5,7,1,1,5,2,4,2,17,23,,,,,B03,,,1,,2,,,23,,1,22,,B03,120.68914,24.119365,3
2022,11,27,8,10,臺中市,清水區,0,0,0,8,,,30,,,,,,,,,,,,,,,12,,,,,B03,,,1,,2,,,12,,1,5,,B03,120.558031,24.265911,3
2022,11,27,8,12,臺中市,潭子區,0,0,0,8,,,50,,,,,,,,,,,,,,,42,,,,,B12,,,1,,2,,,42,,1,22,,B12,120.700696,24.213443,3
2022,11,27,8,35,臺中市,太平區,0,1,0,8,1,5,50,4,1,1,5,4,5,7,2,1,10,5,5,2,16,6,3,10,1,1,C03,7,5,1,10,2,11,,6,6,1,22,8,C03,120.720769,24.130604,2
2022,11,27,8,42,臺中市,大里區,0,1,0,8,1,5,30,4,1,1,5,4,5,7,3,1,10,5,5,2,15,6,2,9,1,1,C03,7,9,1,10,2,14,,6,6,1,22,9,C03,120.676565,24.101915,2
2022,11,27,8,47,臺中市,大里區,0,2,0,8,1,5,50,5,1,1,5,4,5,7,1,1,5,4,4,2,3,15,2,9,1,1,C03,7,9,1,10,2,12,,15,15,1,22,9,C03,120.701158,24.096159,2