年,月,日,時,分,縣市,區,死,受傷,2-30,天候,光線,道路類別,速限,道路型態,事故位置,路面鋪裝,路面狀態,路面缺陷,障礙物,視距,號誌種類,號誌動作,分向設施,快車道或一般車道間,快慢車道間,路面邊線,事故類型及型態,主要肇因,受傷程度,主要傷處,保護裝備,行動電話,當事者區分,車輛用途,當事者行動狀態,駕駛資格情形,駕駛執照種類,飲酒情形,車輛撞擊部位最初,車輛撞擊部位其他,肇事因素個別,肇事因素主要,肇事逃逸,職業,旅次目的,車種,GPS緯度,GPS經度,事故類別
2022,11,27,9,20,臺中市,大里區,0,0,0,8,,,30,,,,,,,,,,,,,,,23,,,,,B03,,,1,,2,,,23,,1,4,,B03,120.704427,24.082182,3
2022,11,27,9,28,臺中市,后里區,0,1,0,8,1,5,50,4,2,1,5,4,5,7,1,1,1,3,4,1,16,6,3,10,1,1,B03,7,5,1,8,2,5,,6,6,1,4,8,B03,120.722104,24.30439,2
2022,11,27,9,30,臺中市,烏日區,0,0,0,8,1,5,50,14,9,1,5,4,5,7,1,1,1,2,5,2,12,17,,,,,B03,,,1,,2,,,17,,1,22,,B03,120.599642,24.110249,3
2022,11,27,9,32,臺中市,大甲區,0,0,0,8,,,50,,,,,,,,,,,,,,,6,,,,,C03,,,1,,2,,,6,,1,9,,C03,120.621313,24.347212,3
2022,11,27,9,40,臺中市,后里區,0,1,0,8,1,5,50,4,1,1,5,4,5,7,1,1,10,5,5,2,16,8,3,10,1,1,B01,7,5,1,4,2,5,,8,8,1,10,4,B01,120.722511,24.308918,2
2022,11,27,10,0,臺中市,大里區,0,1,0,8,1,5,50,14,9,1,5,4,5,7,4,4,5,4,5,1,18,44,2,9,1,1,C03,7,9,4,11,2,14,,44,44,1,22,8,C03,120.673298,24.114923,2
2022,11,27,10,9,臺中市,大里區,0,0,0,8,1,5,30,14,9,1,5,4,5,7,4,4,10,5,5,2,11,23,,,,,C03,,,1,,2,,,23,,1,22,,C03,120.685446,24.112815,3
2022,11,27,10,11,臺中市,烏日區,0,1,0,8,1,5,50,7,9,1,5,4,5,7,4,4,5,5,4,2,18,42,2,9,1,1,C03,7,9,1,10,2,12,,42,23,1,21,9,C03,120.62542,24.108596,2
2022,11,27,10,12,臺中市,潭子區,0,1,0,8,1,5,60,3,2,1,5,4,5,7,1,1,1,4,4,1,17,7,3,10,1,1,B03,7,8,1,8,2,2,,7,7,1,22,8,B03,120.70392,24.202416,2
2022,11,27,10,12,臺中市,太平區,0,1,0,8,1,5,50,3,1,1,5,4,5,7,4,4,5,5,5,2,16,6,3,10,1,1,B12,7,5,1,8,2,7,,6,6,1,21,8,B12,120.722438,24.149329,2
2022,11,27,10,16,臺中市,太平區,0,1,0,8,1,5,50,3,1,1,5,4,5,7,4,4,5,5,5,2,18,23,2,9,1,1,C03,7,9,1,10,2,14,,23,23,1,21,8,C03,120.704441,24.155001,2
2022,11,27,10,18,臺中市,大甲區,0,1,0,8,1,5,70,3,1,1,5,4,5,7,1,1,10,5,5,2,16,6,3,10,1,1,B03,7,6,1,8,2,8,,6,6,1,20,8,B03,120.651106,24.388351,2
2022,11,27,10,27,臺中市,東勢區,0,0,0,8,,,30,,,,,,,,,,,,,,,23,,,,,B03,,,1,,1,,,23,,1,21,,B03,120.842223,24.252357,3
2022,11,27,10,29,臺中市,北屯區,0,0,0,8,,,50,,,,,,,,,,,,,,,23,,,,,B03,,,1,,1,,,23,,1,21,,B03,120.679126,24.173649,3
2022,11,27,10,30,臺中市,清水區,0,1,0,8,1,5,40,4,1,1,5,4,5,7,1,1,10,5,5,2,16,42,3,10,1,1,C03,7,6,1,10,2,12,,42,42,1,19,5,C03,120.572486,24.274707,2
2022,11,27,10,37,臺中市,清水區,0,2,0,8,1,5,50,3,1,1,5,4,5,7,4,4,8,3,4,1,16,9,2,9,1,1,C03,7,6,1,10,2,12,,9,9,1,21,8,C03,120.595293,24.3006,2
2022,11,27,10,41,臺中市,東區,0,0,0,,,,50,,,,,,,,,,,,,,,23,,,,,B03,,,1,,2,,,23,,1,5,,B03,120.698063,24.142776,3
2022,11,27,10,51,臺中市,北屯區,0,0,0,8,,,50,,,,,,,,,,,,,,,9,,,,,B03,,,1,,1,,,9,9,1,22,,B03,120.697826,24.163321,3
2022,11,27,10,52,臺中市,大里區,0,2,0,8,1,5,50,14,9,1,5,4,5,7,3,1,1,4,5,1,13,23,2,8,1,1,C03,7,9,1,10,2,11,,23,23,1,22,9,C03,120.680072,24.10718,2
2022,11,27,11,1,臺中市,霧峰區,0,1,0,8,1,5,50,14,8,1,5,4,5,7,4,4,5,5,4,1,13,23,2,8,1,1,C03,7,9,1,10,2,11,,23,23,1,22,8,C03,120.69914,24.067029,2
2022,11,27,11,4,臺中市,北區,0,0,0,8,,,50,,,,,,,,,,,,,,,23,,,,,C03,,,1,,1,,,23,,1,5,,C03,120.67655,24.150247,3
2022,11,27,11,30,臺中市,豐原區,0,1,0,8,1,5,50,3,1,1,5,4,5,7,1,1,5,5,5,2,18,42,2,9,1,1,C03,7,9,1,10,2,12,,42,42,1,9,8,C03,120.719591,24.260166,2
2022,11,27,11,34,臺中市,北區,0,2,0,8,1,5,50,5,1,1,5,4,5,7,2,1,10,5,5,2,16,25,2,9,1,1,C03,7,6,1,10,3,11,,25,25,1,22,8,C03,120.675288,24.15606,2
2022,11,27,11,36,臺中市,西區,0,2,0,8,1,5,50,4,2,1,5,4,5,7,1,1,1,4,4,2,13,16,2,9,1,1,C03,7,9,1,10,1,12,,16,16,1,5,8,C03,120.662743,24.161205,2
2022,11,27,11,37,臺中市,豐原區,0,0,0,8,,,50,,,,,,,,,,,,,,,17,,,,,B03,,,1,,2,,,17,17,1,22,,B03,120.729378,24.251973,3
2022,11,27,11,39,臺中市,烏日區,0,1,0,8,1,5,50,14,9,1,5,4,5,7,4,4,1,4,5,1,17,43,2,9,1,1,C03,7,9,1,10,2,13,,43,43,1,22,8,C03,120.633446,24.105802,2
2022,11,27,11,39,臺中市,后里區,0,1,0,8,1,5,50,4,1,1,5,4,5,7,3,1,10,5,5,2,15,25,3,10,1,1,B03,7,9,1,8,2,4,,25,25,1,4,5,B03,120.711073,24.30611,2
2022,11,27,11,49,臺中市,北屯區,0,2,0,8,1,5,30,4,1,1,5,4,5,7,4,4,10,5,5,2,15,6,2,9,1,1,C03,7,9,4,8,2,14,,6,6,1,22,8,C03,120.670884,24.177296,2
2022,11,27,11,50,臺中市,潭子區,0,0,0,8,,,50,,,,,,,,,,,,,,,26,,,,,B03,,,1,,2,,,26,,1,22,,B03,120.700821,24.21643,3
2022,11,27,11,50,臺中市,烏日區,0,0,0,8,,,50,,,,,,,,,,,,,,,23,,,,,B12,,,1,,2,,,23,,1,21,,B12,120.60066,24.112316,3
2022,11,27,11,58,臺中市,潭子區,0,0,0,8,,,50,,,,,,,,,,,,,,,23,,,,,B03,,,1,,2,,,23,,1,22,,B03,120.704647,24.195442,3
2022,11,27,12,0,臺中市,南區,0,3,0,8,1,5,50,3,1,1,5,4,5,7,4,4,10,5,5,2,16,6,2,8,1,1,C03,7,5,1,10,2,14,,6,6,1,5,8,C03,120.66382,24.115277,2
2022,11,27,12,0,臺中市,龍井區,0,0,0,8,,,60,,,,,,,,,,,,,,,8,,,,,B03,,,1,,2,,,8,,1,22,,B03,120.587624,24.185457,3
2022,11,27,12,4,臺中市,豐原區,0,2,0,8,1,5,50,14,8,1,5,4,5,7,4,4,5,4,4,2,17,42,2,9,1,1,C03,7,9,1,10,2,13,,42,42,1,22,8,C03,120.726247,24.252144,2
2022,11,27,12,15,臺中市,北區,0,0,0,8,,,50,,,,,,,,,,,,,,,42,,,,,C03,,,1,,11,,,42,,1,22,,C03,120.678502,24.168581,3
2022,11,27,12,21,臺中市,龍井區,0,2,0,8,1,5,50,3,9,1,5,4,5,7,4,4,9,4,5,1,12,6,2,9,1,1,C03,7,9,1,10,2,14,,23,6,1,22,8,C03,120.585135,24.184913,2
2022,11,27,12,22,臺中市,大里區,0,1,0,8,1,5,50,4,1,1,5,4,5,7,1,1,1,2,5,1,16,26,3,10,1,1,B03,7,6,1,8,2,5,,26,26,1,22,9,B03,120.687891,24.094591,2
2022,11,27,12,22,臺中市,梧棲區,0,0,0,8,,,50,,,,,,,,,,,,,,,23,,,,,B03,,,1,,2,,,23,,1,22,,B03,120.532211,24.258687,3
2022,11,27,12,23,臺中市,北屯區,0,1,0,8,1,5,50,4,1,1,5,4,5,7,4,4,10,5,5,2,15,6,3,10,1,1,C03,7,9,1,9,2,12,,6,6,1,21,8,C03,120.702967,24.178229,2
2022,11,27,12,26,臺中市,豐原區,0,1,0,8,1,5,50,4,1,1,5,4,5,7,1,1,5,5,5,2,16,6,2,9,1,1,C03,7,5,1,10,2,14,,6,6,1,16,8,C03,120.730465,24.248738,2
2022,11,27,12,30,臺中市,沙鹿區,0,2,0,8,1,5,30,4,1,1,5,4,5,7,4,4,10,5,5,2,15,6,2,9,2,1,C03,7,9,4,8,2,14,,6,6,1,22,9,C03,120.573405,24.242565,2
2022,11,27,12,30,臺中市,豐原區,0,0,0,8,,,50,,,,,,,,,,,,,,,12,,,,,B03,,,1,,2,,,12,,1,21,,B03,120.741988,24.255805,3
2022,11,27,12,31,臺中市,北區,0,0,0,8,,,50,,,,,,,,,,,,,,,23,,,,,B03,,,1,,1,,,23,,1,22,,B03,120.667743,24.154727,3
2022,11,27,12,34,臺中市,東區,0,0,0,8,,,50,,,,,,,,,,,,,,,43,,,,,C03,,,7,,11,,,43,,1,22,,C03,120.710322,24.139319,3
2022,11,27,12,40,臺中市,北區,0,0,0,8,,,50,,,,,,,,,,,,,,,23,,,,,F03,,,8,,2,,,23,,1,22,,F03,120.686516,24.145377,3
2022,11,27,12,40,臺中市,南屯區,0,0,0,,,,50,,,,,,,,,,,,,,,19,,,,,B03,,,1,,1,,,19,,1,4,,B03,120.637569,24.142949,3
2022,11,27,12,49,臺中市,東區,0,0,0,,,,50,,,,,,,,,,,,,,,7,,,,,B12,,,1,,2,,,7,,1,21,,B12,120.710322,24.139319,3
2022,11,27,12,59,臺中市,西區,0,1,0,8,1,5,50,3,1,1,5,4,5,7,4,4,10,5,5,2,16,42,3,10,1,1,B03,7,6,1,8,1,5,,42,42,1,22,9,B03,120.659687,24.157317,2
2022,11,27,12,59,臺中市,新社區,0,1,0,8,1,5,40,16,9,1,5,4,5,7,4,4,5,5,5,1,13,23,3,10,1,1,B03,7,6,1,8,2,5,,23,23,1,21,8,B03,120.825221,24.168116,2
2022,11,27,13,0,臺中市,南屯區,0,0,0,8,,,50,,,,,,,,,,,,,,,42,,,,,B03,,,1,,2,,,42,,1,22,,B03,120.625956,24.112958,3
2022,11,27,13,5,臺中市,東區,0,1,0,8,1,5,50,4,1,1,5,4,5,7,1,1,10,5,5,2,17,6,3,10,1,1,B03,7,5,1,8,2,5,,6,6,1,22,8,B03,120.689699,24.1328,2
2022,11,27,13,9,臺中市,東區,0,0,0,,,,50,,,,,,,,,,,,,,,12,,,,,B03,,,1,,2,,,12,,1,5,,B03,120.699087,24.140877,3
2022,11,27,13,17,臺中市,北區,0,2,0,8,1,5,50,4,1,1,5,4,5,7,1,1,10,5,5,1,17,23,2,9,1,1,C04,7,9,1,10,2,12,,23,23,1,5,8,C04,120.689705,24.157641,2
2022,11,27,13,40,臺中市,北屯區,0,1,0,8,1,5,50,14,9,1,5,4,5,7,4,4,5,5,5,2,16,40,3,10,1,1,B03,7,13,1,7,2,2,,40,40,1,22,8,B03,120.699331,24.170944,2
2022,11,27,13,40,臺中市,沙鹿區,0,1,0,8,1,5,50,14,7,1,5,4,5,7,4,4,1,4,4,2,17,42,3,10,1,1,B03,7,9,1,8,2,5,,44,42,1,20,8,B03,120.566627,24.230369,2
2022,11,27,13,55,臺中市,東區,0,0,0,8,,,50,,,,,,,,,,,,,,,67,,,,,,,,,,,,,67,,1,,,,120.705186,24.141703,3
2022,11,27,13,57,臺中市,豐原區,0,1,0,8,1,5,50,4,1,1,5,4,5,7,1,1,4,1,5,1,12,42,2,9,1,1,C03,7,9,1,10,2,14,,42,42,1,21,8,C03,120.7252,24.234603,2
2022,11,27,14,0,臺中市,太平區,0,0,0,8,,,80,,,,,,,,,,,,,,,6,,,,,B12,,,1,,2,,,6,,1,22,,B12,120.713858,24.147729,3
2022,11,27,14,20,臺中市,烏日區,0,0,0,8,1,5,50,14,9,1,5,4,5,7,4,4,10,4,5,1,16,19,,,,,B01,,,1,,2,,,19,,1,4,,B01,120.616684,24.113986,3
2022,11,27,14,21,臺中市,南屯區,0,0,0,,,,50,,,,,,,,,,,,,,,17,,,,,B03,,,1,,1,,,17,17,1,22,,B03,120.622715,24.141966,3
2022,11,27,14,25,臺中市,南屯區,0,1,0,8,1,5,50,14,8,1,5,4,5,7,4,4,1,4,1,2,21,23,2,9,3,4,C03,7,9,6,18,2,11,,23,23,1,22,9,C03,120.601113,24.153783,2
2022,11,27,14,26,臺中市,烏日區,0,2,0,8,1,5,50,14,7,1,5,4,5,7,4,4,1,4,4,2,13,23,2,8,3,4,B03,7,14,1,8,2,1,,23,23,1,21,9,B03,120.620033,24.110851,2
2022,11,27,14,30,臺中市,東區,0,2,0,8,1,5,50,4,1,1,5,4,5,7,4,4,10,5,5,2,15,6,2,9,1,1,F03,7,9,8,20,2,16,,6,6,1,5,8,F03,120.691668,24.132822,2
2022,11,27,14,31,臺中市,新社區,0,0,0,,,,50,,,,,,,,,,,,,,,17,,,,,B12,,,1,,2,,,17,,1,7,,B12,120.79467,24.20531,3
2022,11,27,14,33,臺中市,烏日區,0,1,0,8,1,5,50,4,1,1,5,4,5,7,2,1,1,4,4,1,16,6,3,10,3,4,B12,7,6,1,2,2,2,,6,6,1,21,9,B12,120.614085,24.106776,2
2022,11,27,14,36,臺中市,豐原區,0,0,0,8,,,50,,,,,,,,,,,,,,,12,,,,,A02,,,1,,1,,,12,,1,10,,A02,120.724318,24.254635,3
2022,11,27,14,43,臺中市,東區,0,1,0,8,1,5,50,4,1,1,5,4,5,7,1,1,10,5,5,2,16,6,3,10,1,1,B03,7,5,1,8,2,1,,6,6,1,22,8,B03,120.696951,24.142767,2
2022,11,27,14,43,臺中市,東勢區,0,0,0,,,,60,,,,,,,,,,,,,,,23,,,,,B03,,,1,,1,,,23,,1,22,,B03,120.832278,24.246425,3
2022,11,27,14,44,臺中市,南屯區,0,0,0,8,,,60,,,,,,,,,,,,,,,42,,,,,B03,,,1,,1,,,42,,1,22,,B03,120.632836,24.124395,3
2022,11,27,14,48,臺中市,太平區,0,0,0,8,,,80,,,,,,,,,,,,,,,23,,,,,B03,,,1,,1,,,23,,1,21,,B03,120.710725,24.141557,3
2022,11,27,15,0,臺中市,南屯區,0,0,0,8,,,30,,,,,,,,,,,,,,,6,,,,,B03,,,1,,2,,,6,6,1,22,,B03,120.608852,24.133898,3
2022,11,27,15,10,臺中市,大里區,0,0,0,8,,,50,,,,,,,,,,,,,,,18,,,,,B12,,,1,,2,,,18,18,1,5,,B12,120.692566,24.120795,3
2022,11,27,15,19,臺中市,大雅區,0,3,0,8,1,5,30,14,9,1,5,4,5,7,4,4,10,5,5,2,16,19,2,8,1,1,C03,7,1,1,10,2,11,,19,19,1,22,9,C03,120.670662,24.236568,2
2022,11,27,15,20,臺中市,南區,0,1,0,8,1,5,50,4,1,1,5,4,5,7,1,1,10,5,5,2,16,6,3,10,1,1,B01,7,5,1,4,2,1,,6,6,1,22,8,B01,120.648843,24.119279,2
2022,11,27,15,20,臺中市,梧棲區,0,0,0,8,,,50,,,,,,,,,,,,,,,23,,,,,B03,,,1,,2,,,23,,1,12,,B03,120.539671,24.257738,3
2022,11,27,15,22,臺中市,南屯區,0,0,0,,,,50,,,,,,,,,,,,,,,8,,,,,B03,,,1,,1,,,8,,1,22,,B03,120.623141,24.145201,3
2022,11,27,15,28,臺中市,太平區,0,0,0,8,,,80,,,,,,,,,,,,,,,16,,,,,B03,,,1,,1,,,16,,1,9,,B03,120.71529,24.151753,3
2022,11,27,15,42,臺中市,南屯區,0,3,0,8,1,5,50,14,9,1,5,4,5,7,4,4,3,4,5,2,17,1,2,9,1,1,C03,7,4,3,18,11,12,,1,1,1,22,8,C03,120.615331,24.147793,2
2022,11,27,15,45,臺中市,西屯區,0,0,0,8,,,40,,,,,,,,,,,,,,,23,,,,,B03,,,1,,1,,,23,,1,22,,B03,120.643816,24.19471,3
2022,11,27,15,47,臺中市,神岡區,0,0,0,8,,,50,,,,,,,,,,,,,,,26,,,,,B03,,,1,,2,,,26,,1,22,,B03,120.695965,24.248389,3
2022,11,27,16,6,臺中市,北區,0,2,0,8,1,5,40,4,2,1,5,4,5,7,1,1,1,4,1,2,12,1,3,10,1,1,C03,7,9,1,10,2,14,,1,1,1,5,5,C03,120.664406,24.154677,2
2022,11,27,16,6,臺中市,豐原區,0,0,0,8,,,50,,,,,,,,,,,,,,,23,,,,,B03,,,1,,2,,,23,23,1,21,,B03,120.758768,24.276374,3
2022,11,27,16,10,臺中市,西區,0,1,0,8,1,5,50,4,1,1,5,4,5,7,1,1,10,5,5,2,16,6,3,10,1,1,B03,7,6,1,8,2,5,,6,6,1,5,8,B03,120.656756,24.147768,2
2022,11,27,16,15,臺中市,太平區,0,2,0,8,1,5,50,3,1,1,5,4,5,7,2,1,10,5,5,2,16,6,3,10,1,1,B03,7,5,1,8,2,5,,6,6,1,22,8,B03,120.712791,24.149771,2
2022,11,27,16,31,臺中市,南區,0,2,0,8,1,5,50,14,8,1,5,4,5,7,4,4,9,4,5,2,12,23,2,9,1,1,C03,7,9,1,10,2,11,14,23,23,1,5,1,C03,120.661021,24.117001,2
2022,11,27,16,37,臺中市,東區,0,1,0,8,1,5,50,3,1,1,5,4,5,7,4,4,1,4,4,2,16,6,3,10,1,1,B03,7,6,1,10,2,2,,6,6,1,22,8,B03,120.694016,24.147897,2
2022,11,27,16,40,臺中市,豐原區,0,0,0,8,,,50,,,,,,,,,,,,,,,16,,,,,C03,,,1,,2,,,16,,1,22,,C03,120.716599,24.251784,3
2022,11,27,16,43,臺中市,梧棲區,0,0,0,8,,,50,,,,,,,,,,,,,,,6,,,,,C03,,,1,,1,,,6,,1,2,,C03,120.535718,24.244472,3
2022,11,27,16,47,臺中市,外埔區,0,0,0,8,,,30,,,,,,,,,,,,,,,23,,,,,C03,,,1,,2,,,23,,1,22,,C03,120.647033,24.310208,3
2022,11,27,16,56,臺中市,北屯區,0,6,0,8,2,5,50,4,1,1,5,4,5,7,3,1,10,5,5,2,16,6,2,9,1,1,B02,7,9,1,8,2,8,,6,6,1,21,8,B02,120.67818,24.189599,2
2022,11,27,16,59,臺中市,南區,0,1,0,8,1,5,50,4,1,1,5,4,5,7,1,1,10,5,5,2,17,42,2,7,1,1,C03,7,5,1,10,2,12,,42,42,1,22,8,C03,120.684769,24.130826,2
2022,11,27,17,8,臺中市,南屯區,0,0,0,8,,,50,,,,,,,,,,,,,,,26,,,,,B03,,,1,,1,,,26,26,1,22,,B03,120.623405,24.149363,3
2022,11,27,17,12,臺中市,沙鹿區,0,1,0,8,3,5,50,14,9,1,5,4,5,7,4,4,5,5,5,2,17,12,3,10,1,1,B03,7,2,1,8,2,7,,12,12,1,21,8,B03,120.563945,24.248606,2
2022,11,27,17,18,臺中市,潭子區,0,1,0,8,2,5,50,3,1,1,5,4,5,7,1,1,10,5,5,2,17,6,3,10,1,1,B03,7,5,1,8,2,8,,6,6,1,22,8,B03,120.674811,24.203118,2
2022,11,27,17,20,臺中市,北屯區,0,0,0,8,,,50,,,,,,,,,,,,,,,23,,,,,B12,,,1,,1,,,23,,1,9,,B12,120.7252,24.172,3
2022,11,27,17,20,臺中市,沙鹿區,0,1,0,8,2,5,50,3,1,1,5,4,5,7,4,4,10,5,5,2,17,23,3,10,1,1,B01,7,5,1,4,2,8,,23,23,1,10,4,B01,120.605242,24.2445,2
2022,11,27,17,21,臺中市,太平區,0,0,0,8,2,5,30,3,1,1,5,4,5,7,4,4,10,5,5,2,11,23,3,10,1,1,B03,7,9,1,10,2,4,,23,23,1,22,5,B03,120.761117,24.103638,3
2022,11,27,17,23,臺中市,太平區,0,0,0,8,,,40,,,,,,,,,,,,,,,19,,,,,B03,,,1,,2,,,19,,1,9,,B03,120.699796,24.150535,3
2022,11,27,17,27,臺中市,龍井區,0,1,0,8,1,5,50,14,9,1,5,4,5,7,4,4,9,5,5,1,16,10,3,10,1,1,B03,7,11,1,8,2,5,,10,10,1,5,8,B03,120.523391,24.205613,2
2022,11,27,17,30,臺中市,烏日區,0,0,0,8,3,5,30,4,1,1,5,4,5,7,4,4,9,4,4,2,16,6,,,,,B03,,,1,,2,,,6,,1,22,,B03,120.608073,24.117734,3
2022,11,27,17,35,臺中市,東區,0,0,0,8,,,50,,,,,,,,,,,,,,,19,,,,,B03,,,1,,2,,,19,,1,22,,B03,120.690023,24.131535,3
2022,11,27,17,37,臺中市,西屯區,0,0,0,8,,,50,,,,,,,,,,,,,,,23,,,,,B03,,,1,,1,,,23,,1,22,,B03,120.63866,24.158383,3
2022,11,27,17,45,臺中市,大肚區,0,0,0,8,,,50,,,,,,,,,,,,,,,23,,,,,B03,,,1,,2,,,23,,1,18,,B03,120.543613,24.159842,3
2022,11,27,17,47,臺中市,神岡區,0,1,0,8,4,5,50,4,1,1,5,4,5,7,1,1,5,4,4,2,15,25,2,9,1,4,C03,7,9,1,10,2,12,,25,25,1,22,9,C03,120.655619,24.255462,2
2022,11,27,17,48,臺中市,大里區,0,0,0,8,,,50,,,,,,,,,,,,,,,23,,,,,B03,,,1,,2,,,23,,1,22,,B03,120.72743,24.092102,3
2022,11,27,17,53,臺中市,清水區,0,0,0,8,,,50,,,,,,,,,,,,,,,23,,,,,B12,,,1,,2,,,23,,1,21,,B12,120.55722,24.266539,3
2022,11,27,18,0,臺中市,東區,0,1,0,8,4,5,50,14,8,1,5,4,5,7,2,1,5,5,4,2,13,23,2,5,1,1,C03,7,14,1,10,2,13,,44,23,1,22,8,C03,120.704649,24.144508,2
2022,11,27,18,0,臺中市,烏日區,0,1,0,8,3,5,50,4,1,1,5,4,5,7,2,1,5,4,5,1,16,6,3,10,1,1,B03,7,5,1,8,2,2,,6,6,1,21,8,B03,120.635862,24.047642,2
2022,11,27,18,4,臺中市,大里區,0,0,0,8,,,80,,,,,,,,,,,,,,,23,,,,,B12,,,1,,2,,,23,,1,22,,B12,120.690704,24.098029,3
2022,11,27,18,9,臺中市,東區,0,0,0,8,,,50,,,,,,,,,,,,,,,23,,,,,B12,,,1,,2,,,23,,1,2,,B12,120.694446,24.147706,3
2022,11,27,18,16,臺中市,東區,0,1,0,8,1,5,50,4,1,1,5,4,5,7,1,1,9,4,5,2,18,43,3,10,1,1,B03,7,5,1,8,2,15,,43,43,1,5,1,B03,120.707729,24.148791,2
2022,11,27,18,25,臺中市,烏日區,0,0,0,8,,,50,,,,,,,,,,,,,,,12,,,,,B03,,,1,,2,,,12,,1,21,,B03,120.627828,24.103464,3
2022,11,27,18,30,臺中市,南屯區,0,0,0,8,,,50,,,,,,,,,,,,,,,18,,,,,B03,,,1,,1,,,18,,1,22,,B03,120.6532,24.130076,3
2022,11,27,18,39,臺中市,北區,0,1,0,8,3,5,50,4,1,1,5,4,5,7,1,1,5,4,4,2,16,1,2,9,1,1,C04,7,9,1,10,2,12,,1,1,1,22,8,C04,120.676727,24.169947,2
2022,11,27,18,51,臺中市,神岡區,0,1,0,8,1,5,50,4,1,1,5,4,5,7,2,1,1,4,4,1,16,23,2,9,1,1,F03,7,9,8,20,2,16,,23,23,1,22,8,F03,120.68688,24.246985,2
2022,11,27,19,3,臺中市,大里區,0,1,0,8,3,5,50,4,9,1,5,4,5,7,1,1,5,5,5,1,17,40,3,10,1,1,B03,7,13,1,8,2,4,,40,40,1,5,8,B03,120.685158,24.102228,2
2022,11,27,19,4,臺中市,豐原區,0,1,0,8,1,5,50,3,1,1,5,4,5,7,1,1,3,5,4,1,3,23,3,10,1,1,B03,7,9,1,8,2,1,,23,23,1,22,8,B03,120.739238,24.262484,2
2022,11,27,19,10,臺中市,龍井區,0,0,0,8,,,30,,,,,,,,,,,,,,,12,,,,,B03,,,1,,2,,,12,,1,22,,B03,120.586831,24.18186,3
2022,11,27,19,20,臺中市,大里區,0,1,0,8,3,5,60,14,7,1,5,4,5,7,4,4,1,4,4,2,13,16,2,9,1,1,C03,7,9,1,10,2,11,,16,16,1,22,9,C03,120.666428,24.105685,2
2022,11,27,19,35,臺中市,大肚區,0,0,0,8,,,30,,,,,,,,,,,,,,,12,,,,,B03,,,1,,2,,,12,,1,22,,B03,120.57621,24.163438,3
2022,11,27,19,40,臺中市,潭子區,0,1,0,8,3,5,50,5,2,1,5,4,5,7,1,1,1,3,4,1,29,23,2,9,1,1,C03,7,9,1,10,2,14,,23,23,1,22,8,C03,120.697634,24.216572,2
2022,11,27,19,41,臺中市,北屯區,0,0,0,6,,,40,,,,,,,,,,,,,,,12,,,,,B03,,2,1,,2,3,,12,12,1,23,8,B03,120.713407,24.176991,3
2022,11,27,19,45,臺中市,北屯區,0,1,0,8,2,5,50,14,7,1,5,4,5,7,4,4,9,5,4,2,11,23,3,10,1,1,B03,7,9,1,8,2,8,,23,23,1,4,8,B03,120.6829,24.171,2
2022,11,27,19,49,臺中市,南區,0,0,0,8,,,50,,,,,,,,,,,,,,,23,,,,,B03,,,1,,2,,,23,,1,19,,B03,120.668281,24.114981,3
2022,11,27,19,55,臺中市,南屯區,0,0,0,,,,50,,,,,,,,,,,,,,,23,,,,,B03,,,1,,1,,,23,,1,22,,B03,120.626167,24.148616,3
2022,11,27,19,55,臺中市,新社區,0,0,0,8,,,50,,,,,,,,,,,,,,,12,,,,,B03,,,1,,2,,,12,,1,22,,B03,120.794437,24.207262,3
2022,11,27,20,0,臺中市,西區,0,0,0,,,,50,,,,,,,,,,,,,,,7,,,,,B03,,,1,,2,,,7,7,1,21,,B03,120.667813,24.130694,3
2022,11,27,20,0,臺中市,大里區,0,0,0,8,,,60,,,,,,,,,,,,,,,42,,,,,B03,,,1,,1,,,42,,1,5,,B03,120.691373,24.100711,3
2022,11,27,20,9,臺中市,沙鹿區,0,2,0,8,3,5,50,3,1,1,5,4,5,7,4,4,10,5,5,2,17,6,2,9,1,1,C03,7,9,4,8,2,11,,23,6,1,21,8,C03,120.564962,24.210568,2
2022,11,27,20,20,臺中市,南屯區,0,0,0,,,,50,,,,,,,,,,,,,,,10,,,,,B03,,,1,,2,,,10,,1,22,,B03,120.610495,24.145202,3
2022,11,27,20,25,臺中市,南區,0,0,0,8,,,50,,,,,,,,,,,,,,,23,,,,,C03,,,1,,2,,,23,,1,22,,C03,120.666222,24.122936,3
2022,11,27,20,39,臺中市,梧棲區,0,2,0,8,4,5,40,4,1,1,5,4,5,7,1,1,10,5,5,2,12,13,2,8,1,1,C03,7,9,1,10,2,11,,13,13,1,12,8,C03,120.55217,24.244353,2
2022,11,27,20,44,臺中市,北屯區,0,0,0,8,,,50,,,,,,,,,,,,,,,4,,,,,B03,,,1,,9,,,4,4,1,5,,B03,120.662656,24.197613,3
2022,11,27,20,45,臺中市,烏日區,0,2,0,8,3,5,50,3,2,1,5,4,5,7,4,4,5,5,4,2,13,23,2,9,1,1,C03,7,9,1,10,2,11,,23,23,1,21,8,C03,120.607059,24.123094,2
2022,11,27,20,52,臺中市,西屯區,0,1,0,8,3,5,40,3,1,1,5,4,5,7,4,4,10,5,5,2,12,10,3,10,3,4,B03,7,11,1,8,2,4,,10,10,1,22,8,B03,120.641366,24.176868,2