年,月,日,時,分,縣市,區,死,受傷,2-30,天候,光線,道路類別,速限,道路型態,事故位置,路面鋪裝,路面狀態,路面缺陷,障礙物,視距,號誌種類,號誌動作,分向設施,快車道或一般車道間,快慢車道間,路面邊線,事故類型及型態,主要肇因,受傷程度,主要傷處,保護裝備,行動電話,當事者區分,車輛用途,當事者行動狀態,駕駛資格情形,駕駛執照種類,飲酒情形,車輛撞擊部位最初,車輛撞擊部位其他,肇事因素個別,肇事因素主要,肇事逃逸,職業,旅次目的,車種,GPS緯度,GPS經度,事故類別
2022,11,27,20,56,臺中市,大里區,0,0,0,8,,,50,,,,,,,,,,,,,,,6,,,,,C03,,,1,,2,,,6,,1,22,,C03,120.703183,24.090089,3
2022,11,27,21,1,臺中市,南屯區,0,0,0,,,,50,,,,,,,,,,,,,,,12,,,,,B03,,,1,,1,,,12,,1,22,,B03,120.651347,24.149131,3
2022,11,27,21,4,臺中市,大雅區,0,0,0,8,,,50,,,,,,,,,,,,,,,43,,,,,,,,,,,,,43,,1,,,,120.649345,24.216116,3
2022,11,27,21,8,臺中市,烏日區,0,1,0,8,3,5,50,14,7,1,5,4,5,7,4,4,1,4,4,2,13,16,2,3,1,1,B03,7,9,1,8,2,1,,16,16,1,21,8,B03,120.632742,24.110091,2
2022,11,27,21,9,臺中市,后里區,0,0,0,8,3,5,50,14,7,1,5,4,5,7,4,4,5,5,4,1,17,23,3,10,1,1,F03,7,9,8,20,7,16,,23,23,1,21,8,F03,120.714124,24.306184,3
2022,11,27,21,11,臺中市,中區,0,2,0,8,3,5,50,11,9,1,5,4,5,7,4,4,9,4,5,2,10,42,2,9,1,1,C03,7,15,1,10,2,11,,42,42,1,4,7,C03,120.677033,24.143804,2
2022,11,27,21,53,臺中市,北區,0,2,0,8,1,5,50,3,1,1,5,4,5,7,1,1,2,4,4,2,13,26,3,10,1,1,C03,7,5,1,10,2,13,,26,26,1,5,5,C03,120.685093,24.157602,2
2022,11,27,22,0,臺中市,北區,0,3,0,8,1,5,50,5,1,1,5,4,5,7,4,4,5,5,5,2,16,6,2,9,1,1,C03,7,5,1,10,2,12,,6,6,1,22,8,C03,120.698403,24.155601,2
2022,11,27,22,3,臺中市,北區,0,0,0,8,,,50,,,,,,,,,,,,,,,23,,,,,C03,,,1,,2,,,23,,1,5,,C03,120.685427,24.157833,3
2022,11,27,22,11,臺中市,南屯區,0,0,0,,,,50,,,,,,,,,,,,,,,23,,,,,B03,,,1,,2,,,23,,1,22,,B03,120.634368,24.145704,3
2022,11,27,22,12,臺中市,大里區,0,2,0,8,3,5,50,14,11,1,5,4,5,7,4,4,1,4,1,1,12,22,2,9,1,1,C03,7,9,1,10,2,11,,22,22,1,22,5,C03,120.688708,24.093653,2
2022,11,27,22,25,臺中市,西屯區,0,0,0,8,,,50,,,,,,,,,,,,,,,23,,,,,B12,,,1,,1,,,23,,1,22,,B12,120.658541,24.176098,3
2022,11,27,22,30,臺中市,北區,0,1,0,8,3,5,40,14,7,1,5,4,5,7,4,4,5,5,4,2,16,19,3,10,1,1,B03,7,1,3,18,2,8,,19,19,1,21,8,B03,120.678193,24.148837,2
2022,11,27,22,44,臺中市,大雅區,0,0,0,8,,,50,,,,,,,,,,,,,,,25,,,,,B03,,,1,,2,,,25,,1,22,,B03,120.64425,24.22711,3
2022,11,27,22,51,臺中市,北區,0,0,0,8,,,50,,,,,,,,,,,,,,,12,,,,,C03,,,1,,2,,,12,,1,5,,C03,120.666111,24.161339,3
2022,11,27,23,1,臺中市,烏日區,0,1,0,8,3,5,50,3,1,1,5,4,5,7,4,4,10,5,5,2,16,6,3,10,1,1,C03,7,5,1,10,2,14,,6,6,1,21,1,C03,120.650525,24.067156,2
2022,11,27,23,35,臺中市,南區,0,1,0,8,3,5,50,14,9,1,5,4,5,7,1,1,10,5,5,2,13,16,2,9,1,1,C03,7,9,1,10,2,11,,16,16,1,18,8,C03,120.679016,24.119033,2
2022,11,27,23,44,臺中市,西區,0,1,0,8,3,5,40,3,1,1,5,4,5,7,4,4,3,5,3,2,17,9,3,10,1,1,B03,7,6,3,18,2,2,,9,9,1,4,8,B03,120.668546,24.15183,2
2022,11,28,0,41,臺中市,沙鹿區,0,0,0,8,,,30,,,,,,,,,,,,,,,12,,,,,B03,,,1,,2,,,12,12,1,4,,B03,120.597348,24.233633,3
2022,11,28,3,32,臺中市,西區,0,0,0,8,3,5,50,11,7,1,5,4,5,7,4,4,1,4,4,2,23,43,,,,,B03,,,1,,2,,,43,,1,3,,B03,120.662243,24.161155,3
2022,11,28,5,33,臺中市,北區,0,1,0,8,3,5,50,3,1,1,5,4,5,7,1,1,1,4,5,2,15,25,3,10,1,1,B03,7,9,1,8,2,1,,25,25,1,21,8,B03,120.686281,24.144579,2
2022,11,28,6,10,臺中市,北屯區,0,1,0,8,3,5,50,14,9,1,5,4,5,7,4,4,5,4,5,2,27,66,,,,,,,,,,,,,66,66,1,,,,120.711551,24.172272,2
2022,11,28,6,18,臺中市,梧棲區,0,2,0,8,1,5,50,14,9,1,5,4,5,7,4,4,5,5,5,2,14,12,3,10,1,1,B03,7,2,1,8,2,6,,12,12,1,3,8,B03,120.533333,24.244079,2
2022,11,28,6,38,臺中市,豐原區,0,0,0,8,,,30,,,,,,,,,,,,,,,17,,,,,A05,,,1,,2,,,17,,1,5,,A05,120.724133,24.240846,3
2022,11,28,6,59,臺中市,梧棲區,0,1,0,8,1,5,50,14,13,1,5,4,5,7,4,4,4,4,5,1,16,23,2,9,1,1,C03,7,9,1,10,2,12,,23,23,1,20,8,C03,120.5334,24.254719,2
2022,11,28,7,3,臺中市,北屯區,0,0,0,8,,,40,,,,,,,,,,,,,,,16,,,,,A11,,,1,,2,,,16,,1,4,,A11,120.666333,24.186016,3
2022,11,28,7,9,臺中市,大雅區,0,0,0,,,,50,,,,,,,,,,,,,,,7,,,,,B03,,,1,,2,,,7,,1,22,,B03,120.637932,24.233738,3
2022,11,28,7,11,臺中市,大甲區,0,1,0,8,1,5,50,3,1,1,5,4,5,7,4,4,10,5,5,2,16,6,3,10,1,1,B03,7,5,1,8,2,5,,6,6,1,21,1,B03,120.62117,24.35356,2
2022,11,28,7,20,臺中市,清水區,0,0,0,8,,,30,,,,,,,,,,,,,,,12,,,,,B03,,,1,,2,,,12,,1,21,,B03,120.563162,24.304624,3
2022,11,28,7,20,臺中市,后里區,0,2,0,8,1,5,50,14,9,1,5,4,5,7,4,4,9,5,5,1,16,19,2,9,1,1,C03,7,1,1,10,2,11,,19,19,1,21,1,C03,120.712034,24.307815,2
2022,11,28,7,20,臺中市,豐原區,0,0,0,8,,,50,,,,,,,,,,,,,,,16,,,,,B03,,,1,,2,,,16,,1,21,,B03,120.72173,24.236571,3
2022,11,28,7,21,臺中市,后里區,0,1,0,8,1,5,50,5,2,1,5,4,5,7,1,1,4,3,4,1,16,44,3,10,1,1,B03,7,9,1,8,2,5,,44,44,1,4,8,B03,120.6855,24.314944,2
2022,11,28,7,21,臺中市,石岡區,0,0,0,8,,,50,,,,,,,,,,,,,,,23,,,,,B03,,,1,,1,,,23,,1,20,,B03,120.762868,24.277024,3
2022,11,28,7,23,臺中市,大里區,0,1,0,8,1,5,30,4,1,1,5,4,5,7,4,4,10,5,5,2,15,6,3,10,1,1,C03,7,1,1,10,2,11,,6,6,2,22,8,C03,120.703288,24.092156,2
2022,11,28,7,23,臺中市,大里區,0,1,0,8,1,5,25,8,7,1,5,4,5,7,4,4,1,4,4,1,13,23,2,9,1,1,C03,7,9,3,18,2,11,,23,23,1,21,1,C03,120.698848,24.110375,2
2022,11,28,7,24,臺中市,北區,0,1,0,8,1,5,50,4,1,1,5,4,5,7,4,4,10,5,5,2,16,6,2,9,3,4,C03,7,5,1,10,2,14,,6,6,1,5,8,C03,120.671739,24.168767,2
2022,11,28,7,25,臺中市,大里區,0,1,0,8,1,5,50,4,1,1,5,4,5,7,1,1,1,2,4,1,15,25,3,10,1,1,B03,7,9,1,8,2,2,,25,25,1,22,9,B03,120.67514,24.103085,2
2022,11,28,7,26,臺中市,潭子區,0,0,0,8,,,60,,,,,,,,,,,,,,,23,,,,,C03,,,1,,2,,,23,,1,22,,C03,120.708055,24.227679,3
2022,11,28,7,28,臺中市,潭子區,0,1,0,8,1,5,30,11,9,1,5,4,5,1,4,4,10,5,5,1,17,21,3,10,1,1,C03,7,9,1,10,4,11,,21,21,1,22,9,C03,120.711768,24.193014,2
2022,11,28,7,28,臺中市,大里區,0,0,0,8,,,80,,,,,,,,,,,,,,,16,,,,,B03,,,1,,2,,,16,,1,10,,B03,120.700472,24.119607,3
2022,11,28,7,30,臺中市,大雅區,0,0,0,8,,,50,,,,,,,,,,,,,,,1,,,,,C03,,,1,,2,,,1,,1,22,,C03,120.651138,24.228768,3
2022,11,28,7,30,臺中市,東區,0,0,0,,,,80,,,,,,,,,,,,,,,16,,,,,B03,,,1,,1,,,16,,1,22,,B03,120.708419,24.134347,3
2022,11,28,7,30,臺中市,北屯區,0,2,0,8,1,5,50,4,1,1,5,4,5,7,1,1,10,5,5,2,16,19,2,9,1,1,C03,7,1,1,10,2,11,,19,19,1,22,8,C03,120.675001,24.177149,2
2022,11,28,7,30,臺中市,北屯區,0,1,0,8,1,5,50,14,9,1,5,4,5,7,4,4,1,4,5,2,18,42,2,9,1,1,C03,7,9,1,10,2,14,,42,42,1,22,8,C03,120.659388,24.20107,2
2022,11,28,7,30,臺中市,烏日區,0,1,0,8,1,5,50,4,1,1,5,4,5,7,1,1,1,4,4,1,13,23,2,9,1,1,C03,7,9,1,10,2,11,,23,23,1,22,8,C03,120.607048,24.108443,2
2022,11,28,7,30,臺中市,大肚區,0,1,0,8,1,5,60,14,7,1,5,4,5,7,4,4,10,4,4,1,16,11,2,9,1,1,C03,7,11,1,10,2,14,,11,7,1,19,8,C03,120.542728,24.165449,2
2022,11,28,7,34,臺中市,大雅區,0,0,0,8,,,50,,,,,,,,,,,,,,,7,,,,,B03,,,1,,2,,,7,,1,22,,B03,120.629575,24.241426,3
2022,11,28,7,34,臺中市,南屯區,0,0,0,8,,,50,,,,,,,,,,,,,,,16,,,,,C02,,,1,,1,,,16,,1,22,,C02,120.633829,24.143004,3
2022,11,28,7,34,臺中市,豐原區,0,0,0,8,,,30,,,,,,,,,,,,,,,6,,,,,C03,,,1,,2,,,6,,1,22,,C03,120.729525,24.234174,3
2022,11,28,7,35,臺中市,西屯區,0,0,0,8,,,1,,,,,,,,,,,,,,,12,,,,,B03,,,1,,1,,,12,,1,22,,B03,120.644205,24.168929,3
2022,11,28,7,38,臺中市,南屯區,0,0,0,,,,50,,,,,,,,,,,,,,,17,,,,,B03,,,1,,2,,,17,,1,4,,B03,120.637453,24.151051,3
2022,11,28,7,38,臺中市,大里區,0,2,0,8,1,5,50,14,9,1,5,4,5,7,4,4,9,5,5,2,16,19,2,9,1,1,C03,7,1,1,10,2,14,,19,19,1,22,9,C03,120.701749,24.082195,2
2022,11,28,7,40,臺中市,霧峰區,0,0,0,8,,,40,,,,,,,,,,,,,,,9,,,,,A05,,,1,,2,,,9,,1,10,,A05,120.694288,24.066038,3
2022,11,28,7,44,臺中市,豐原區,0,0,0,8,1,2,50,14,9,1,5,4,5,7,4,4,1,4,5,1,16,44,3,10,3,4,C03,7,9,1,10,9,11,14,44,44,2,7,1,C03,120.744373,24.264436,3
2022,11,28,7,45,臺中市,東區,0,1,0,8,1,5,50,4,1,1,5,4,5,7,1,1,10,5,5,2,16,23,3,10,1,1,C03,7,9,1,10,11,12,,23,23,1,22,8,C03,120.701456,24.138879,2
2022,11,28,7,48,臺中市,潭子區,0,0,0,8,,,50,,,,,,,,,,,,,,,23,,,,,B03,,,1,,2,,,23,,1,22,,B03,120.711159,24.231566,3
2022,11,28,7,49,臺中市,南屯區,0,0,0,8,,,50,,,,,,,,,,,,,,,42,,,,,B02,,,1,,2,,,42,42,1,22,,B02,120.622368,24.150071,3
2022,11,28,7,51,臺中市,大雅區,0,1,0,8,1,5,50,3,1,1,5,4,5,7,4,4,10,5,5,2,16,6,2,9,1,1,C03,7,6,1,10,2,12,,6,6,1,22,9,C03,120.636201,24.238594,2
2022,11,28,7,51,臺中市,南屯區,0,0,0,8,,,80,,,,,,,,,,,,,,,41,,,,,B03,,,1,,1,,,41,41,1,22,,B03,120.620178,24.123151,3
2022,11,28,7,51,臺中市,太平區,0,0,0,8,,,80,,,,,,,,,,,,,,,7,,,,,B03,,,1,,1,,,7,,1,22,,B03,120.715748,24.152367,3
2022,11,28,7,52,臺中市,東區,0,0,0,,,,50,,,,,,,,,,,,,,,23,,,,,B03,,,3,,9,,,23,,1,5,,B03,120.700841,24.135534,3
2022,11,28,7,54,臺中市,神岡區,0,2,0,8,1,5,50,14,20,1,5,4,5,7,4,4,5,4,4,2,9,42,2,9,1,1,C03,7,15,1,10,2,11,,42,42,1,22,8,C03,120.684797,24.244417,2
2022,11,28,7,55,臺中市,西區,0,1,0,8,1,5,50,4,1,1,5,4,5,7,2,1,10,5,5,2,15,25,3,10,1,1,B03,7,9,1,8,2,1,,25,25,1,22,8,B03,120.669403,24.138808,2
2022,11,28,7,55,臺中市,外埔區,0,1,0,8,1,5,50,3,1,1,5,4,5,7,4,4,10,5,5,2,16,9,3,10,1,1,B12,7,6,1,8,2,2,,9,9,1,21,1,B12,120.691336,24.345384,2
2022,11,28,7,56,臺中市,大雅區,0,2,0,8,1,5,50,4,1,1,5,4,5,7,1,1,10,5,5,2,17,1,2,8,1,1,C03,7,4,1,10,2,12,,1,1,1,22,8,C03,120.641328,24.228317,2
2022,11,28,7,58,臺中市,潭子區,0,0,0,8,,,30,,,,,,,,,,,,,,,23,,,,,B03,,,1,,2,,,23,,1,22,,B03,120.692396,24.219042,3
2022,11,28,8,10,臺中市,大雅區,0,0,0,8,,,30,,,,,,,,,,,,,,,6,,,,,B03,,,1,,2,,,6,,1,22,,B03,120.674965,24.227019,3
2022,11,28,8,10,臺中市,西區,0,1,0,8,1,5,50,4,1,1,5,4,5,7,4,4,10,5,5,2,15,6,3,10,1,1,B02,7,9,1,8,2,5,,6,6,1,22,9,B02,120.661999,24.157211,2
2022,11,28,8,12,臺中市,南屯區,0,0,0,,,,50,,,,,,,,,,,,,,,44,,,,,C03,,,1,,1,,,44,,1,4,,C03,120.653056,24.136372,3
2022,11,28,8,13,臺中市,北屯區,0,1,0,8,1,5,50,4,1,1,5,4,5,7,2,1,10,5,5,2,18,23,2,9,1,1,C03,7,9,1,10,2,12,,23,23,1,5,1,C03,120.70009,24.164621,2
2022,11,28,8,13,臺中市,北屯區,0,0,0,8,,,50,,,,,,,,,,,,,,,23,,,,,B12,,,1,,1,,,23,,1,21,,B12,120.662181,24.1893,3
2022,11,28,8,14,臺中市,豐原區,0,1,0,8,1,5,30,11,9,1,5,4,5,7,4,4,10,5,5,2,18,16,2,9,1,1,C03,7,9,1,10,2,14,,16,16,1,21,8,C03,120.726009,24.229156,2
2022,11,28,8,15,臺中市,北屯區,0,2,0,7,1,5,30,4,2,1,5,4,5,7,1,1,10,5,5,2,16,6,2,9,1,1,C03,7,5,1,10,2,12,,6,6,1,22,8,C03,120.722556,24.176713,2
2022,11,28,8,19,臺中市,潭子區,0,0,0,8,,,50,,,,,,,,,,,,,,,23,,,,,B03,,,1,,2,,,23,,1,22,,B03,120.696634,24.195475,3
2022,11,28,8,20,臺中市,潭子區,0,1,0,8,1,5,50,4,2,1,5,4,5,7,1,1,1,4,4,1,12,16,2,8,1,1,C03,7,9,1,10,2,12,,16,16,1,22,9,C03,120.688471,24.21602,2
2022,11,28,8,20,臺中市,大里區,0,1,0,8,1,5,50,4,2,1,5,4,5,7,1,1,1,4,5,1,16,23,2,9,1,1,C03,7,9,1,10,2,11,,23,23,1,22,1,C03,120.682366,24.100668,2
2022,11,28,8,20,臺中市,龍井區,0,2,0,8,1,5,70,3,1,1,5,4,5,7,1,1,10,5,5,2,16,25,2,5,1,1,C03,7,9,3,18,2,12,,25,25,1,5,1,C03,120.543787,24.180843,2
2022,11,28,8,21,臺中市,潭子區,0,1,0,8,1,5,60,14,8,1,5,4,5,7,4,4,1,4,4,1,12,6,3,10,1,1,B03,7,9,1,8,2,6,,6,6,1,22,9,B03,120.710251,24.235856,2
2022,11,28,8,23,臺中市,大甲區,0,1,0,8,1,5,50,4,1,1,5,4,5,7,4,4,10,5,5,2,15,6,3,10,1,1,B03,7,9,1,8,2,5,1,6,6,1,21,1,B03,120.644,24.40545,2
2022,11,28,8,25,臺中市,北區,0,0,0,8,,,50,,,,,,,,,,,,,,,23,,,,,C03,,,1,,2,,,23,,1,5,,C03,120.685291,24.165795,3
2022,11,28,8,25,臺中市,大里區,0,1,0,8,1,5,50,14,9,1,5,4,5,7,4,4,5,5,5,2,16,26,2,9,1,1,C03,7,5,1,10,2,12,,26,26,1,22,9,C03,120.693355,24.121076,2
2022,11,28,8,27,臺中市,梧棲區,0,0,0,8,,,50,,,,,,,,,,,,,,,18,,,,,B03,,,1,,1,,,18,,1,5,,B03,120.531228,24.254175,4
2022,11,28,8,33,臺中市,南屯區,0,0,0,8,1,5,30,3,2,1,5,4,5,7,4,4,10,5,5,2,13,23,3,10,1,1,B03,7,9,1,8,1,1,,23,23,1,22,8,B03,120.617233,24.153535,3
2022,11,28,8,35,臺中市,后里區,0,0,0,8,,,50,,,,,,,,,,,,,,,60,,,,,H01,,,8,,10,,,60,60,1,22,,H01,120.706587,24.311492,3
2022,11,28,8,39,臺中市,大雅區,0,2,0,8,1,5,50,4,1,1,5,4,5,7,1,1,10,5,5,2,15,43,2,9,1,1,C03,7,9,1,10,2,12,,43,43,1,22,8,C03,120.648788,24.229369,2
2022,11,28,8,40,臺中市,西屯區,0,1,0,8,1,5,40,3,1,1,5,4,5,7,2,1,10,5,5,2,16,6,3,10,1,1,B03,7,6,1,8,2,5,,6,6,1,22,8,B03,120.615262,24.183329,2
2022,11,28,8,41,臺中市,南屯區,0,1,0,8,1,5,50,4,1,1,5,4,5,7,2,1,5,4,4,2,16,9,3,10,1,4,C03,7,6,1,10,2,12,,9,9,1,22,8,C03,120.634752,24.153877,2
2022,11,28,8,48,臺中市,新社區,0,0,0,8,,,30,,,,,,,,,,,,,,,5,,,,,B03,,,1,,2,,,5,,1,21,,B03,120.796166,24.218786,3
2022,11,28,8,50,臺中市,神岡區,0,2,0,8,1,5,50,4,1,1,5,4,5,7,1,1,5,5,4,2,15,25,2,9,1,1,F03,7,9,8,20,2,16,,25,25,1,21,8,F03,120.655423,24.255523,2
2022,11,28,8,51,臺中市,西區,0,1,0,8,1,5,50,4,2,1,5,4,5,7,2,1,5,4,4,2,13,23,2,9,1,1,C03,7,9,1,10,2,11,,23,23,1,22,8,C03,120.672938,24.135716,2
2022,11,28,8,52,臺中市,南屯區,0,0,0,8,,,50,,,,,,,,,,,,,,,16,,,,,B03,,,1,,1,,,16,,1,22,,B03,120.6335,24.145018,3
2022,11,28,8,52,臺中市,大里區,0,0,0,8,,,30,,,,,,,,,,,,,,,16,,,,,C03,,,1,,2,,,16,,1,22,,C03,120.684273,24.087688,3
2022,11,28,8,56,臺中市,北屯區,0,0,0,8,,,50,,,,,,,,,,,,,,,6,,,,,B03,,,1,,1,,,6,,1,22,,B03,120.719577,24.172632,3
2022,11,28,8,56,臺中市,梧棲區,0,0,0,8,,,50,,,,,,,,,,,,,,,6,,,,,B03,,,1,,2,,,6,,1,5,,B03,120.532791,24.256213,3
2022,11,28,8,57,臺中市,烏日區,0,1,0,8,1,5,50,4,1,1,5,4,5,7,3,1,5,5,5,1,16,6,3,10,1,1,D03,7,9,1,14,2,7,,6,6,1,21,8,D03,120.628378,24.110074,2
2022,11,28,9,2,臺中市,潭子區,0,1,0,8,1,5,60,3,1,1,5,4,5,7,4,4,10,5,5,2,17,6,3,10,1,1,B03,7,5,1,8,2,5,,6,6,1,22,8,B03,120.703453,24.199817,2
2022,11,28,9,2,臺中市,梧棲區,0,0,0,8,,,50,,,,,,,,,,,,,,,23,,,,,B12,,,1,,2,,,23,,1,12,,B12,120.52798,24.240341,3
2022,11,28,9,7,臺中市,北區,0,0,0,8,,,50,,,,,,,,,,,,,,,19,,,,,C03,,,1,,2,,,19,,1,22,,C03,120.694405,24.160033,3
2022,11,28,9,8,臺中市,西屯區,0,0,0,8,,,50,,,,,,,,,,,,,,,19,,,,,C03,,,1,,2,,,19,,1,22,,C03,120.650283,24.177931,3
2022,11,28,9,8,臺中市,豐原區,0,1,0,8,1,5,60,14,8,1,5,4,5,6,4,4,1,4,4,1,12,7,3,10,1,1,B03,7,8,1,8,2,5,,7,7,1,22,8,B03,120.714535,24.236838,2
2022,11,28,9,12,臺中市,潭子區,0,0,0,8,,,50,,,,,,,,,,,,,,,6,,,,,B03,,,1,,2,,,6,,1,22,,B03,120.677266,24.205466,3
2022,11,28,9,13,臺中市,東區,0,1,0,8,1,5,50,4,1,1,5,4,5,7,2,1,10,5,5,2,17,42,2,9,1,1,C03,7,9,1,10,2,14,11,42,42,1,18,8,C03,120.697003,24.138851,2
2022,11,28,9,15,臺中市,南屯區,0,2,0,8,1,5,50,4,1,1,5,4,5,7,2,1,5,5,4,2,15,25,2,9,1,1,C04,7,9,1,11,2,11,,25,25,1,22,8,C04,120.64829,24.132036,2
2022,11,28,9,15,臺中市,南屯區,0,1,0,8,1,5,50,4,2,1,5,4,5,7,1,1,5,4,4,2,17,23,2,9,3,4,C03,7,9,1,10,2,15,,23,23,1,4,9,C03,120.634119,24.158159,2
2022,11,28,9,15,臺中市,新社區,0,1,0,8,1,5,50,14,9,1,5,4,5,7,4,4,5,5,5,2,13,23,2,9,1,4,C03,7,9,1,10,2,11,,23,23,1,22,8,C03,120.862343,24.156155,2
2022,11,28,9,17,臺中市,清水區,0,1,0,8,1,5,50,14,9,1,5,4,5,7,4,4,9,5,5,2,11,5,2,8,1,1,C03,7,4,1,10,2,14,,5,6,1,21,8,C03,120.57582,24.305277,2
2022,11,28,9,18,臺中市,南區,0,1,0,8,1,5,50,3,1,1,5,4,5,7,4,4,10,5,5,2,17,19,3,10,1,1,B03,7,1,1,8,2,1,,19,19,1,22,8,B03,120.673875,24.129605,2
2022,11,28,9,20,臺中市,北屯區,0,3,0,8,1,5,50,14,9,1,5,4,5,7,4,4,10,2,5,2,13,23,2,9,1,1,C03,7,9,1,10,2,11,,23,23,1,21,8,C03,120.686239,24.183616,2
2022,11,28,9,24,臺中市,豐原區,0,0,0,8,,,60,,,,,,,,,,,,,,,17,,,,,C03,,,1,,2,,,17,,1,21,,C03,120.72173,24.236571,3
2022,11,28,9,25,臺中市,大里區,0,1,0,8,1,5,50,3,1,1,5,4,5,7,4,4,10,5,5,2,16,6,3,10,1,1,B03,7,5,1,8,2,4,,6,6,1,5,5,B03,120.680331,24.100416,2
2022,11,28,9,30,臺中市,西區,0,1,0,8,1,5,50,3,1,1,5,4,5,7,4,4,10,5,5,2,16,6,3,10,1,1,B01,7,5,1,4,2,2,,6,6,1,22,9,B01,120.668831,24.139268,2
2022,11,28,9,31,臺中市,大里區,0,1,0,8,1,5,60,4,1,1,5,4,5,7,1,1,10,5,5,2,16,23,3,10,1,1,B03,7,1,1,8,2,8,,23,23,1,22,9,B03,120.671721,24.102341,2
2022,11,28,9,32,臺中市,大里區,0,1,0,8,1,5,30,4,1,1,5,4,5,7,4,4,10,5,5,2,17,17,3,10,1,1,B03,7,9,1,8,2,15,,17,17,1,5,5,B03,120.701841,24.09678,2
2022,11,28,9,34,臺中市,豐原區,0,1,0,8,1,5,50,3,1,1,5,4,5,7,1,1,5,2,5,1,11,19,3,10,1,1,B03,7,1,1,1,2,5,,19,19,1,22,8,B03,120.721538,24.239364,2
2022,11,28,9,36,臺中市,大雅區,0,2,0,8,1,5,30,3,1,1,5,4,5,7,3,1,10,5,5,2,17,6,2,8,1,1,F03,7,5,8,20,2,16,,6,6,1,22,8,F03,120.65039,24.229161,2
2022,11,28,9,43,臺中市,大甲區,0,1,0,8,1,5,70,14,8,1,5,4,5,7,4,4,1,4,4,1,18,42,2,9,1,1,C03,7,9,3,18,2,14,,42,42,1,20,8,C03,120.60558,24.31776,2
2022,11,28,9,44,臺中市,大雅區,0,0,0,8,,,30,,,,,,,,,,,,,,,6,,,,,A12,,,1,,2,,,6,,1,22,,A12,120.639601,24.214664,3
2022,11,28,9,50,臺中市,沙鹿區,0,1,0,8,1,5,40,11,8,1,5,4,5,7,4,4,10,5,5,2,18,42,2,9,1,1,C03,7,9,1,10,2,12,,42,42,1,5,8,C03,120.590967,24.252351,2
2022,11,28,9,52,臺中市,豐原區,0,1,0,8,1,5,50,3,2,1,5,4,5,7,1,1,5,2,5,1,18,42,2,9,1,1,C03,7,9,1,10,2,13,,42,42,1,22,8,C03,120.721154,24.269873,2
2022,11,28,9,53,臺中市,南屯區,0,0,0,8,,,50,,,,,,,,,,,,,,,16,,,,,B03,,,1,,1,,,16,,1,22,,B03,120.625524,24.148475,3
2022,11,28,10,10,臺中市,神岡區,0,0,0,8,,,30,,,,,,,,,,,,,,,23,,,,,B12,,,1,,1,,,23,,1,22,,B12,120.681348,24.271208,3
2022,11,28,10,15,臺中市,中區,0,0,0,,,,50,,,,,,,,,,,,,,,23,,,,,B12,,,1,,1,,,23,,1,5,,B12,120.679913,24.137942,3
2022,11,28,10,15,臺中市,霧峰區,0,0,0,8,1,5,60,14,7,1,5,4,5,7,4,4,1,4,4,2,12,7,,,,,B03,,,1,,2,,,7,,1,22,,B03,120.697171,24.070831,3
2022,11,28,10,18,臺中市,大雅區,0,0,0,8,,,50,,,,,,,,,,,,,,,16,,,,,B12,,,1,,2,,,16,,1,22,,B12,120.662798,24.20154,4
2022,11,28,10,20,臺中市,南區,0,1,0,8,1,5,50,14,7,1,5,4,5,7,4,4,1,4,4,2,12,42,2,9,1,1,C03,7,9,3,18,2,14,,42,42,1,22,8,C03,120.667857,24.128531,2
2022,11,28,10,21,臺中市,西區,0,1,0,8,1,5,50,3,1,1,5,4,5,7,4,4,10,5,5,2,16,19,2,9,1,1,C03,7,1,1,10,2,11,,19,19,1,5,8,C03,120.66308,24.133846,2
2022,11,28,10,22,臺中市,東區,0,0,0,,,,50,,,,,,,,,,,,,,,23,,,,,B03,,,3,18,2,,,23,16,1,5,,B03,120.698904,24.130561,3
2022,11,28,10,22,臺中市,南屯區,0,0,0,,,,50,,,,,,,,,,,,,,,7,,,,,B03,,,1,,1,,,7,,1,4,,B03,120.646903,24.125169,3
2022,11,28,10,26,臺中市,太平區,0,1,0,8,1,5,50,4,1,1,5,4,5,7,1,1,10,5,5,2,16,23,2,9,1,1,C03,7,9,1,10,2,11,,23,23,1,22,5,C03,120.70841,24.1284,2
2022,11,28,10,34,臺中市,大肚區,0,2,0,8,1,5,70,3,1,1,5,4,5,7,1,1,10,5,5,2,15,25,2,9,1,1,C03,7,9,1,10,2,11,,25,25,1,21,8,C03,120.548242,24.153971,2
2022,11,28,10,36,臺中市,烏日區,0,0,0,8,1,5,30,14,9,1,5,4,5,7,4,4,10,5,5,2,25,23,,,,,B12,,,1,,2,,,23,,1,4,,B12,120.647639,24.055009,3
2022,11,28,10,44,臺中市,北屯區,0,1,0,8,1,5,30,4,1,1,5,4,5,7,4,4,10,5,5,2,3,51,2,9,4,5,H01,8,16,8,20,10,16,,51,51,1,22,8,H01,120.683331,24.171695,2