年,月,日,時,分,縣市,區,死,受傷,2-30,天候,光線,道路類別,速限,道路型態,事故位置,路面鋪裝,路面狀態,路面缺陷,障礙物,視距,號誌種類,號誌動作,分向設施,快車道或一般車道間,快慢車道間,路面邊線,事故類型及型態,主要肇因,受傷程度,主要傷處,保護裝備,行動電話,當事者區分,車輛用途,當事者行動狀態,駕駛資格情形,駕駛執照種類,飲酒情形,車輛撞擊部位最初,車輛撞擊部位其他,肇事因素個別,肇事因素主要,肇事逃逸,職業,旅次目的,車種,GPS緯度,GPS經度,事故類別
2022,11,29,9,10,臺中市,北屯區,0,0,0,8,,,50,,,,,,,,,,,,,,,12,,,,,B03,,,1,,1,,,12,,1,22,,B03,120.721315,24.171132,3
2022,11,29,9,14,臺中市,烏日區,0,0,0,8,,,80,,,,,,,,,,,,,,,17,,,,,B02,,,1,,2,,,17,17,1,21,,B02,120.616521,24.107356,3
2022,11,29,9,15,臺中市,西屯區,0,0,0,8,,,50,,,,,,,,,,,,,,,12,,,,,B03,,,1,,1,,,12,,1,22,,B03,120.586293,24.176743,3
2022,11,29,9,17,臺中市,北屯區,0,0,0,8,,,80,,,,,,,,,,,,,,,7,,,,,A12,,,1,,1,,,7,,1,22,,A12,120.68847,24.201012,3
2022,11,29,9,20,臺中市,豐原區,0,0,0,,,,60,,,,,,,,,,,,,,,26,,,,,B12,,,1,,2,,,26,,1,22,,B12,120.71043,24.237253,3
2022,11,29,9,22,臺中市,潭子區,0,0,0,8,,,30,,,,,,,,,,,,,,,6,,,,,B03,,,1,,2,,,6,,1,22,,B03,120.679509,24.205491,3
2022,11,29,9,24,臺中市,西屯區,0,0,0,8,,,1,,,,,,,,,,,,,,,12,,,,,B03,,,1,,1,,,12,12,1,22,,B03,120.635129,24.174776,3
2022,11,29,9,30,臺中市,南屯區,0,0,0,8,,,80,,,,,,,,,,,,,,,16,,,,,B03,,,1,,1,,,16,,1,22,,B03,120.619498,24.11923,3
2022,11,29,9,35,臺中市,太平區,0,1,0,8,1,5,50,3,1,1,5,4,5,7,4,4,10,5,5,1,16,23,3,10,1,1,C03,7,9,1,10,2,11,,23,23,1,18,8,C03,120.715131,24.141542,2
2022,11,29,9,41,臺中市,北屯區,0,0,0,8,,,50,,,,,,,,,,,,,,,42,,,,,B03,,,1,,1,,,42,,1,22,,B03,120.687131,24.167866,3
2022,11,29,9,44,臺中市,東區,0,2,0,8,1,5,50,14,9,1,5,4,5,7,4,4,1,2,5,2,16,7,2,9,1,1,C04,7,7,1,10,2,13,,7,7,1,22,8,C04,120.646085,24.111495,2
2022,11,29,10,4,臺中市,神岡區,0,0,0,8,,,1,,,,,,,,,,,,,,,19,,,,,B12,,,1,,2,,,19,,1,22,,B12,120.693067,24.248284,3
2022,11,29,10,7,臺中市,沙鹿區,0,0,0,8,,,70,,,,,,,,,,,,,,,16,,,,,B03,,,1,,2,,,16,,1,5,,B03,120.605936,24.24752,3
2022,11,29,10,8,臺中市,北屯區,0,0,0,8,,,50,,,,,,,,,,,,,,,16,,,,,B03,,,1,,1,,,16,,1,21,,B03,120.701076,24.180113,3
2022,11,29,10,11,臺中市,北屯區,0,0,0,8,,,50,,,,,,,,,,,,,,,40,,,,,B12,,,1,,1,,,40,,1,4,,B12,120.701066,24.180016,3
2022,11,29,10,13,臺中市,西區,0,0,0,8,,,50,,,,,,,,,,,,,,,16,,,,,B03,,,1,,1,,,16,,1,22,,B03,120.660951,24.159175,3
2022,11,29,10,18,臺中市,霧峰區,0,0,0,8,,,60,,,,,,,,,,,,,,,7,,,,,A41,,,1,,11,,,7,,1,10,,A41,120.695763,24.057771,3
2022,11,29,10,20,臺中市,霧峰區,0,1,0,8,1,5,50,3,1,1,5,4,5,7,4,4,10,5,5,2,16,42,3,10,1,1,B03,7,5,1,8,2,5,,42,42,1,22,8,B03,120.714666,24.07601,2
2022,11,29,10,20,臺中市,烏日區,0,0,0,8,1,5,30,14,9,1,5,4,5,7,4,4,10,5,5,1,26,23,,,,,A11,,,1,,2,,,23,,1,4,,A11,120.636704,24.100791,3
2022,11,29,10,24,臺中市,北屯區,0,0,0,8,,,50,,,,,,,,,,,,,,,17,,,,,B12,,,1,,1,,,17,17,1,22,,B12,120.732346,24.169805,3
2022,11,29,10,30,臺中市,大里區,0,1,0,8,1,5,50,4,1,1,5,4,5,7,1,1,10,5,5,2,15,25,3,10,1,1,B12,7,9,1,8,2,2,,25,25,1,5,5,B12,120.667756,24.096783,2
2022,11,29,10,30,臺中市,梧棲區,0,1,0,8,1,5,50,4,1,1,5,4,5,7,4,4,10,5,5,2,16,6,2,9,1,1,C03,7,5,1,10,2,11,,6,6,1,5,8,C03,120.534306,24.255981,2
2022,11,29,10,31,臺中市,大里區,0,1,0,8,1,5,50,14,7,1,5,4,5,7,4,4,9,5,4,2,16,19,2,9,1,1,C03,7,1,1,10,2,12,,19,19,1,22,9,C03,120.693184,24.107645,2
2022,11,29,10,32,臺中市,潭子區,0,0,0,8,,,50,,,,,,,,,,,,,,,16,,,,,B03,,,1,,2,,,16,,1,22,,B03,120.702037,24.200944,3
2022,11,29,10,43,臺中市,北區,0,1,0,8,1,5,30,14,9,1,5,4,5,7,4,4,10,5,5,2,17,19,3,10,1,1,B03,7,1,1,8,2,5,,19,19,1,21,8,B03,120.695276,24.157984,2
2022,11,29,10,45,臺中市,南屯區,0,0,0,8,1,5,50,14,7,1,5,4,5,7,4,4,1,2,5,2,12,26,3,10,1,1,B03,7,8,1,8,2,2,,26,26,1,20,8,B03,120.626824,24.145269,4
2022,11,29,10,53,臺中市,烏日區,0,0,0,8,,,70,,,,,,,,,,,,,,,23,,,,,B03,,,1,,2,,,23,23,1,22,,B03,120.607003,24.108479,3
2022,11,29,10,58,臺中市,北屯區,0,0,0,8,,,50,,,,,,,,,,,,,,,23,,,,,B02,,,1,,1,,,23,,1,22,,B02,120.669034,24.173506,3
2022,11,29,11,0,臺中市,南屯區,0,2,0,8,1,5,40,4,1,1,5,4,5,7,1,1,10,5,5,2,13,42,2,9,1,1,C03,7,6,1,10,2,14,,42,42,1,22,8,C03,120.643806,24.152424,2
2022,11,29,11,2,臺中市,大里區,0,0,0,8,1,5,50,14,13,1,5,4,5,7,4,4,5,4,5,1,17,18,,,,,B03,,,1,,2,,,18,,1,22,,B03,120.688818,24.104391,3
2022,11,29,11,9,臺中市,北屯區,0,0,0,8,,,50,,,,,,,,,,,,,,,23,,,,,B03,,,1,,1,,,23,,1,4,,B03,120.685915,24.180686,3
2022,11,29,11,10,臺中市,南區,0,2,0,8,1,5,40,15,9,1,5,4,5,7,4,4,10,5,5,2,10,5,2,9,1,1,C03,7,9,1,10,2,11,,5,5,1,22,8,C03,120.653814,24.112048,2
2022,11,29,11,15,臺中市,大雅區,0,0,0,8,,,30,,,,,,,,,,,,,,,23,,,,,A12,,,1,,2,,,23,23,1,22,,A12,120.653367,24.218114,3
2022,11,29,11,15,臺中市,神岡區,0,0,0,8,,,50,,,,,,,,,,,,,,,16,,,,,B03,,,1,,1,,,16,,1,12,,B03,120.682835,24.259577,3
2022,11,29,11,20,臺中市,龍井區,0,0,0,8,,,40,,,,,,,,,,,,,,,42,,,,,A31,,,1,,2,,,42,,1,10,,A31,120.503046,24.210935,3
2022,11,29,11,21,臺中市,大甲區,0,0,0,,,,40,,,,,,,,,,,,,,,23,,,,,A11,,,1,,1,,,23,23,1,22,,A11,120.622166,24.343627,3
2022,11,29,11,23,臺中市,北屯區,0,0,0,8,,,50,,,,,,,,,,,,,,,23,,,,,B03,,,1,,1,,,23,23,1,22,,B03,120.664224,24.184947,3
2022,11,29,11,26,臺中市,梧棲區,0,1,0,8,1,5,50,4,1,1,5,4,5,7,1,1,10,5,5,2,16,6,3,10,1,1,A41,7,5,1,1,2,2,,6,6,1,10,1,A41,120.518116,24.238501,2
2022,11,29,11,27,臺中市,北屯區,0,1,0,8,1,5,50,4,1,1,5,4,5,7,1,1,10,5,5,2,13,16,3,10,1,1,A02,7,9,1,2,2,8,,16,16,1,10,4,A02,120.6927,24.162253,2
2022,11,29,11,30,臺中市,沙鹿區,0,0,0,8,,,40,,,,,,,,,,,,,,,18,,,,,B03,,,1,,2,,,18,,1,9,,B03,120.559834,24.237524,3
2022,11,29,11,33,臺中市,大里區,0,0,0,8,,,60,,,,,,,,,,,,,,,19,,,,,C03,,,1,,2,,,19,,1,5,,C03,120.678,24.103993,3
2022,11,29,11,38,臺中市,西屯區,0,0,0,8,,,50,,,,,,,,,,,,,,,23,,,,,B03,,,1,,1,,,23,,1,22,,B03,120.628961,24.163112,3
2022,11,29,11,38,臺中市,豐原區,0,0,0,8,,,50,,,,,,,,,,,,,,,12,,,,,B12,,,1,,2,,,12,,1,21,,B12,120.720319,24.240488,3
2022,11,29,11,48,臺中市,北區,0,0,0,8,,,50,,,,,,,,,,,,,,,4,,,,,C03,,,1,,2,,,4,,1,21,,C03,120.685023,24.166995,3
2022,11,29,11,50,臺中市,清水區,0,0,0,8,,,40,,,,,,,,,,,,,,,4,,,,,C03,,,1,,2,,,4,,1,22,,C03,120.560338,24.268338,3
2022,11,29,11,50,臺中市,后里區,0,0,0,8,1,5,50,3,1,1,5,4,3,7,3,1,10,5,5,2,14,12,,,,,B12,,,1,,2,,,12,,1,22,,B12,120.694024,24.313576,3
2022,11,29,11,53,臺中市,潭子區,0,1,0,8,1,5,50,4,1,1,5,4,5,7,4,4,5,5,5,2,15,6,3,10,1,1,B02,7,9,1,8,2,5,,6,6,1,22,8,B02,120.674933,24.203995,2
2022,11,29,11,58,臺中市,南屯區,0,0,0,8,,,30,,,,,,,,,,,,,,,23,,,,,C03,,,1,,1,,,23,,1,18,,C03,120.609672,24.137807,3
2022,11,29,12,4,臺中市,南屯區,0,0,0,8,,,50,,,,,,,,,,,,,,,26,,,,,B03,,,1,,2,,,26,,1,22,,B03,120.646821,24.145681,3
2022,11,29,12,5,臺中市,東區,0,2,0,8,1,5,50,14,9,1,5,4,5,7,4,4,5,4,5,2,17,26,2,9,1,1,C04,7,1,6,10,9,14,,26,26,1,22,8,C04,120.689971,24.143038,2
2022,11,29,12,8,臺中市,烏日區,0,0,0,8,1,5,60,14,7,1,5,4,5,7,2,1,1,4,5,1,13,42,3,10,3,4,B03,7,9,1,8,2,1,,42,42,1,21,9,B03,120.621797,24.104949,3
2022,11,29,12,9,臺中市,北屯區,0,1,0,8,1,5,50,5,1,1,5,4,5,7,1,1,5,4,5,2,12,9,3,10,1,1,B03,7,6,1,8,1,2,,9,9,1,22,8,B03,120.73042,24.177167,2
2022,11,29,12,9,臺中市,大甲區,0,0,0,8,,,30,,,,,,,,,,,,,,,12,,,,,B03,,,1,,2,,,12,,1,9,,B03,120.649241,24.387446,3
2022,11,29,12,15,臺中市,南屯區,0,0,0,8,1,5,50,4,1,1,5,4,5,7,2,1,10,5,5,2,16,6,3,10,1,1,B03,7,6,1,8,2,15,,6,6,1,6,3,B03,120.6357,24.148511,4
2022,11,29,12,20,臺中市,北屯區,0,1,0,8,1,5,50,4,1,1,5,4,5,7,1,1,10,5,5,2,16,25,3,10,1,1,B01,7,5,1,4,2,4,,25,25,1,22,8,B01,120.712719,24.176249,2
2022,11,29,12,25,臺中市,清水區,0,0,0,8,,,50,,,,,,,,,,,,,,,26,,,,,B03,,,1,,2,,,26,,1,21,,B03,120.632376,24.292196,3
2022,11,29,12,34,臺中市,北區,0,2,0,8,1,5,50,4,1,1,5,4,5,7,4,4,10,5,5,2,16,6,2,9,3,4,C03,7,5,1,10,2,14,,6,6,1,5,8,C03,120.683148,24.159082,2
2022,11,29,12,57,臺中市,霧峰區,0,1,0,8,1,5,50,4,1,1,5,4,5,7,2,1,10,5,5,2,13,16,2,9,1,1,C03,7,9,1,10,2,11,,16,16,1,18,5,C03,120.697727,24.068889,2
2022,11,29,13,1,臺中市,西屯區,0,0,0,8,,,50,,,,,,,,,,,,,,,43,,,,,B02,,,1,,1,,,43,,1,22,,B02,120.639604,24.165783,3
2022,11,29,13,6,臺中市,南區,0,0,0,,,,50,,,,,,,,,,,,,,,16,,,,,B12,,,1,,2,,,16,,1,5,,B12,120.661694,24.132131,3
2022,11,29,13,9,臺中市,西屯區,0,0,0,8,,,50,,,,,,,,,,,,,,,23,,,,,B03,,,1,,1,,,23,,1,22,,B03,120.655445,24.176193,3
2022,11,29,13,11,臺中市,神岡區,0,1,0,8,1,5,30,14,9,1,5,4,5,7,4,4,10,5,5,2,17,23,2,8,1,2,C03,7,9,3,18,11,12,,23,23,1,22,9,C03,120.677258,24.249758,2
2022,11,29,13,17,臺中市,西屯區,0,0,0,8,,,40,,,,,,,,,,,,,,,26,,,,,B12,,,1,,2,,,26,,1,22,,B12,120.644138,24.20166,3
2022,11,29,13,27,臺中市,大里區,0,2,0,8,1,5,50,4,1,1,5,4,5,7,1,1,10,5,5,2,13,25,2,9,3,4,C03,7,9,1,10,2,11,,25,25,1,21,5,C03,120.697247,24.084177,2
2022,11,29,13,28,臺中市,西屯區,0,0,0,8,,,80,,,,,,,,,,,,,,,30,,,,,A31,,,1,,2,,,30,,1,21,,A31,120.629937,24.16468,3
2022,11,29,13,30,臺中市,北屯區,0,0,0,8,,,50,,,,,,,,,,,,,,,23,,,,,B11,,,1,,1,,,23,,1,21,,B11,120.686892,24.186826,3
2022,11,29,13,30,臺中市,大里區,0,0,0,8,,,50,,,,,,,,,,,,,,,17,,,,,B03,,,1,,2,,,17,17,1,22,,B03,120.707188,24.082366,3
2022,11,29,13,33,臺中市,南屯區,0,1,0,8,1,5,50,5,7,1,5,4,5,7,2,1,5,4,4,2,17,26,3,10,1,1,B03,7,11,1,8,2,5,,26,26,1,22,9,B03,120.633394,24.151092,2
2022,11,29,13,36,臺中市,南屯區,0,0,0,8,,,50,,,,,,,,,,,,,,,42,,,,,B03,,,1,,2,,,42,,1,22,,B03,120.647068,24.125096,3
2022,11,29,13,50,臺中市,北屯區,0,0,0,8,,,50,,,,,,,,,,,,,,,23,,,,,B03,,,1,,2,,,23,,1,4,,B03,120.68953,24.1743,3
2022,11,29,13,50,臺中市,梧棲區,0,0,0,8,,,30,,,,,,,,,,,,,,,17,,,,,B12,,,1,,2,,,17,,1,10,,B12,120.544658,24.233048,3
2022,11,29,13,53,臺中市,西區,0,0,0,8,,,50,,,,,,,,,,,,,,,23,,,,,C03,,,1,,1,,,44,23,1,18,,C03,120.66183,24.151575,3
2022,11,29,13,55,臺中市,東區,0,0,0,8,1,5,50,4,1,1,5,4,5,7,1,1,10,5,5,2,17,10,3,10,1,1,B03,7,11,1,8,2,5,,10,10,1,5,8,B03,120.692618,24.14259,3
2022,11,29,14,0,臺中市,太平區,0,0,0,8,,,50,,,,,,,,,,,,,,,17,,,,,B12,,,1,,1,,,17,,1,22,,B12,120.739656,24.157211,3
2022,11,29,14,6,臺中市,梧棲區,0,0,0,8,,,30,,,,,,,,,,,,,,,17,,,,,B03,,,1,,2,,,17,,1,5,,B03,120.518415,24.23895,3
2022,11,29,14,10,臺中市,太平區,0,0,0,8,,,50,,,,,,,,,,,,,,,12,,,,,A11,,,1,,2,,,12,,1,10,,A11,120.72262,24.149302,3
2022,11,29,14,15,臺中市,西屯區,0,0,0,8,,,70,,,,,,,,,,,,,,,7,,,,,B03,,,1,,1,,,7,,1,22,,B03,120.625086,24.178282,3
2022,11,29,14,20,臺中市,南屯區,0,0,0,8,,,30,,,,,,,,,,,,,,,43,,,,,C03,,,1,,11,,,43,,1,22,,C03,120.647776,24.149441,3
2022,11,29,14,20,臺中市,豐原區,0,0,0,8,,,30,,,,,,,,,,,,,,,12,,,,,B03,,,1,,2,,,12,,1,21,,B03,120.734934,24.246742,3
2022,11,29,14,30,臺中市,大雅區,0,0,0,8,,,30,,,,,,,,,,,,,,,23,,,,,B11,,,1,,2,,,23,,1,22,,B11,120.632088,24.235243,3
2022,11,29,14,54,臺中市,西區,0,0,0,8,,,50,,,,,,,,,,,,,,,26,,,,,B03,,,1,8,1,,,26,26,1,22,,B03,120.668355,24.151018,3
2022,11,29,15,3,臺中市,西屯區,0,0,0,8,,,50,,,,,,,,,,,,,,,23,,,,,B03,,,1,,1,,,23,,1,21,,B03,120.638043,24.172875,3
2022,11,29,15,12,臺中市,北屯區,0,0,0,8,,,50,,,,,,,,,,,,,,,23,,,,,B02,,,1,,2,,,23,,1,21,,B02,120.66949,24.17345,3
2022,11,29,15,15,臺中市,潭子區,0,0,0,8,,,60,,,,,,,,,,,,,,,23,,,,,C03,,,1,,2,,,23,,1,22,,C03,120.705749,24.218166,3
2022,11,29,15,21,臺中市,烏日區,0,0,0,8,1,5,30,14,9,1,5,4,5,7,4,4,10,5,5,2,14,12,,,,,B03,,,1,,2,,,12,,1,22,,B03,120.626737,24.102032,3
2022,11,29,15,35,臺中市,清水區,0,2,0,8,1,5,50,3,2,1,5,4,5,7,4,4,5,5,5,1,16,26,2,8,1,1,C03,7,5,1,10,2,11,,26,26,1,5,5,C03,120.575202,24.28032,2
2022,11,29,15,40,臺中市,大里區,0,2,0,8,3,5,50,4,1,1,5,4,5,7,4,4,10,5,5,2,15,6,2,9,1,1,C03,7,9,1,10,2,11,,6,6,1,3,8,C03,120.688116,24.086029,2
2022,11,29,15,50,臺中市,龍井區,0,0,0,,,,30,,,,,,,,,,,,,,,12,,,,,B12,,,1,,2,,,12,,1,22,,B12,120.590389,24.182322,4
2022,11,29,15,54,臺中市,烏日區,0,1,0,8,1,5,40,14,8,1,5,4,5,7,4,4,5,4,4,1,13,23,2,9,3,4,C03,7,9,1,10,2,11,,23,23,1,21,9,C03,120.631206,24.104986,2
2022,11,29,16,4,臺中市,南屯區,0,0,0,,,,50,,,,,,,,,,,,,,,2,,,,,A41,,,1,,9,,,2,,1,22,,A41,120.623109,24.149804,3
2022,11,29,16,5,臺中市,南屯區,0,0,0,,,,40,,,,,,,,,,,,,,,42,,,,,B03,,,1,,9,,,43,42,1,4,,B03,120.644636,24.150657,3
2022,11,29,16,10,臺中市,北屯區,0,1,0,8,1,5,50,4,1,1,5,4,5,7,4,4,10,5,5,2,15,6,2,9,1,1,C03,7,9,1,10,2,11,,6,6,1,21,8,C03,120.70285,24.179993,2
2022,11,29,16,15,臺中市,西屯區,0,0,0,8,,,50,,,,,,,,,,,,,,,26,,,,,B03,,,1,,2,,,26,,1,22,,B03,120.640517,24.187277,3
2022,11,29,16,16,臺中市,梧棲區,0,1,0,8,1,5,50,4,1,1,5,4,5,7,1,1,10,5,5,2,17,25,3,10,1,1,B12,7,9,1,8,2,15,,25,25,1,3,1,B12,120.52737,24.230442,2
2022,11,29,16,19,臺中市,西屯區,0,0,0,8,,,50,,,,,,,,,,,,,,,6,,,,,B03,,,1,,1,,,6,,1,22,,B03,120.645555,24.172368,3
2022,11,29,16,27,臺中市,南屯區,0,0,0,8,,,50,,,,,,,,,,,,,,,35,,,,,B12,,,1,,2,,,35,35,1,22,,B12,120.638215,24.14717,3
2022,11,29,16,36,臺中市,大里區,0,1,0,8,1,5,60,5,1,1,5,4,5,7,2,1,1,4,4,1,17,26,3,10,1,1,B01,7,6,1,4,2,2,,26,26,1,21,4,B01,120.681285,24.104857,2
2022,11,29,16,37,臺中市,南區,0,0,0,8,1,5,50,14,7,1,5,4,5,7,4,4,1,4,4,2,12,7,3,10,1,1,B03,7,7,1,8,2,8,,7,7,1,5,8,B03,120.654614,24.114133,3
2022,11,29,16,37,臺中市,大里區,0,0,0,8,,,50,,,,,,,,,,,,,,,7,,,,,C03,,,1,,2,,,7,,1,22,,C03,120.695937,24.084277,3
2022,11,29,16,45,臺中市,烏日區,0,0,0,8,3,5,30,4,1,1,5,4,5,7,4,4,10,5,5,2,16,23,,,,,B12,,,1,,2,,,23,,1,22,,B12,120.643866,24.083346,3
2022,11,29,16,48,臺中市,北屯區,0,2,0,8,1,5,50,4,1,1,5,4,5,7,4,4,10,5,5,2,12,1,2,6,1,1,C03,7,9,1,10,2,12,,1,1,1,22,8,C03,120.717505,24.177416,2
2022,11,29,16,49,臺中市,霧峰區,0,1,0,8,2,5,40,3,1,1,5,4,5,7,4,4,10,5,5,2,16,17,2,9,1,1,C03,7,9,1,10,2,14,,17,17,1,3,8,C03,120.716875,24.079227,2
2022,11,29,16,56,臺中市,南屯區,0,1,0,8,1,5,50,4,1,1,5,4,5,7,1,1,5,4,5,2,17,27,3,10,1,1,B03,7,6,1,8,2,2,,27,27,1,22,8,B03,120.653207,24.128614,2
2022,11,29,16,59,臺中市,南屯區,0,1,0,8,3,5,50,4,1,1,5,4,5,7,2,1,10,5,5,2,3,23,3,10,1,1,B03,7,5,1,8,2,1,,23,23,1,5,8,B03,120.636798,24.153605,2
2022,11,29,17,4,臺中市,霧峰區,0,0,0,8,1,5,40,14,7,1,5,4,5,7,4,4,1,4,5,1,16,1,,,,,B03,,,1,,2,,,1,,1,11,,B03,120.662404,24.068512,3
2022,11,29,17,4,臺中市,清水區,0,1,0,8,1,5,60,4,1,1,5,4,5,7,2,1,1,4,4,2,16,19,2,8,1,1,C03,7,1,1,10,2,13,,19,19,1,21,8,C03,120.552883,24.296113,2
2022,11,29,17,6,臺中市,西屯區,0,0,0,8,,,50,,,,,,,,,,,,,,,17,,,,,B03,,,1,,1,,,17,,1,22,,B03,120.640371,24.182612,3
2022,11,29,17,10,臺中市,北區,0,0,0,8,,,50,,,,,,,,,,,,,,,16,,,,,C03,,,1,,1,,,16,,1,22,,C03,120.674507,24.162862,3
2022,11,29,17,13,臺中市,后里區,0,2,0,8,3,5,30,4,1,1,5,4,5,7,4,4,10,5,5,2,15,14,2,9,1,1,F03,7,9,8,20,2,16,,14,14,1,21,8,F03,120.715736,24.308598,2
2022,11,29,17,13,臺中市,神岡區,0,0,0,8,,,50,,,,,,,,,,,,,,,43,,,,,,,,,,,,,43,,2,,,,120.657015,24.264366,3
2022,11,29,17,17,臺中市,南屯區,0,0,0,,,,50,,,,,,,,,,,,,,,16,,,,,B03,,,1,,1,,,16,,1,22,,B03,120.646687,24.148929,3
2022,11,29,17,18,臺中市,北區,0,0,0,8,1,5,50,4,2,1,5,4,5,7,4,4,4,1,5,2,12,23,,,,,B03,,,1,,2,,,23,,1,22,,B03,120.688395,24.155551,3
2022,11,29,17,19,臺中市,大里區,0,0,0,8,,,80,,,,,,,,,,,,,,,7,,,,,B03,,,1,,2,,,7,,1,22,,B03,120.685411,24.092069,3
2022,11,29,17,20,臺中市,霧峰區,0,0,0,8,,,60,,,,,,,,,,,,,,,23,,,,,B12,,,6,,2,,,23,,1,22,,B12,120.694941,24.01889,3
2022,11,29,17,23,臺中市,霧峰區,0,2,0,8,3,5,40,4,1,1,5,4,5,7,1,1,10,5,5,2,16,6,2,1,1,1,C03,7,5,1,10,2,12,,6,6,1,3,8,C03,120.698686,24.064478,2
2022,11,29,17,25,臺中市,北屯區,0,0,0,8,,,50,,,,,,,,,,,,,,,1,,,,,C03,,,1,,1,,,1,,1,21,,C03,120.720514,24.162884,3
2022,11,29,17,30,臺中市,神岡區,0,0,0,8,,,50,,,,,,,,,,,,,,,6,,,,,B03,,,1,,2,,,6,,1,12,,B03,120.688673,24.241353,3
2022,11,29,17,35,臺中市,烏日區,0,0,0,8,3,5,50,4,9,1,5,4,5,7,4,4,5,5,5,1,15,6,3,10,3,4,B03,7,5,1,8,2,5,,6,6,1,21,9,B03,120.645691,24.086118,3
2022,11,29,17,37,臺中市,南區,0,1,0,8,3,5,40,14,9,1,5,4,5,7,4,4,10,5,5,2,11,6,3,10,1,1,B03,7,5,1,8,2,8,,6,6,1,3,5,B03,120.667046,24.115712,2
2022,11,29,17,41,臺中市,南屯區,0,0,0,8,,,50,,,,,,,,,,,,,,,16,,,,,C03,,,1,,1,,,16,,1,22,,C03,120.622971,24.135936,3
2022,11,29,17,41,臺中市,太平區,0,2,0,8,3,5,50,3,1,1,5,4,5,7,4,4,10,5,5,2,16,7,2,9,1,1,C03,7,7,1,10,2,13,,7,7,1,21,8,C03,120.712113,24.149931,2
2022,11,29,17,42,臺中市,西區,0,0,0,8,,,30,,,,,,,,,,,,,,,19,,,,,B03,,,1,,1,,,19,,1,5,,B03,120.660956,24.148509,3
2022,11,29,17,42,臺中市,西區,0,0,0,,,,50,,,,,,,,,,,,,,,23,,,,,B12,,,6,,2,,,23,,1,5,,B12,120.661757,24.149965,3
2022,11,29,17,48,臺中市,太平區,0,0,0,8,,,50,,,,,,,,,,,,,,,6,,,,,B03,,,1,,2,,,6,,1,21,,B03,120.716869,24.131566,3
2022,11,29,17,53,臺中市,霧峰區,0,0,0,8,3,5,50,14,13,1,5,4,5,7,4,4,5,5,4,1,17,18,,,,,C03,,,1,,2,,,18,,1,11,,C03,120.697134,24.064375,3
2022,11,29,17,55,臺中市,東區,0,1,0,8,3,5,50,5,1,1,5,4,5,7,1,1,5,4,5,2,16,13,2,9,1,1,C03,7,9,1,10,2,11,,13,13,1,5,8,C03,120.693452,24.133073,2
2022,11,29,17,55,臺中市,西屯區,0,1,0,8,3,5,80,14,9,1,5,4,5,7,4,4,1,4,5,2,17,16,2,9,3,4,C02,7,9,4,10,2,11,,16,16,1,22,9,C02,120.651581,24.197681,2
2022,11,29,17,56,臺中市,東區,0,0,0,,,,50,,,,,,,,,,,,,,,7,,,,,B03,,,1,,2,,,7,,1,22,,B03,120.694497,24.142466,3
2022,11,29,17,58,臺中市,西區,0,0,0,8,,,50,,,,,,,,,,,,,,,23,,,,,B03,,,1,,2,,,23,,1,4,,B03,120.66168,24.147283,3
2022,11,29,17,58,臺中市,外埔區,0,0,0,8,3,5,50,14,7,1,5,4,5,7,1,1,4,4,4,1,13,23,3,10,1,1,B03,7,14,1,8,1,1,,23,23,1,4,8,B03,120.636367,24.343294,3
2022,11,29,18,0,臺中市,大里區,0,1,0,8,3,5,50,3,1,1,5,4,5,7,4,4,5,4,5,1,12,23,3,10,1,1,B03,7,9,1,8,2,10,,23,23,1,21,8,B03,120.699508,24.110029,2
2022,11,29,18,2,臺中市,南屯區,0,3,0,8,3,5,40,14,8,1,5,4,5,7,4,4,3,5,3,2,17,43,2,9,1,1,C03,7,7,4,8,2,11,,43,43,1,22,8,C03,120.637173,24.119544,2
2022,11,29,18,5,臺中市,西區,0,0,0,8,,,50,,,,,,,,,,,,,,,12,,,,,B03,,,1,,1,,,12,,1,5,,B03,120.678063,24.136759,3
2022,11,29,18,5,臺中市,后里區,0,0,0,8,,,50,,,,,,,,,,,,,,,23,,,,,B12,,,1,,1,,,23,23,1,22,,B12,120.714938,24.315407,3
2022,11,29,18,9,臺中市,西屯區,0,0,0,8,,,30,,,,,,,,,,,,,,,42,,,,,B03,,,1,,1,,,42,,1,22,,B03,120.635565,24.170337,3
2022,11,29,18,20,臺中市,清水區,0,0,0,8,,,30,,,,,,,,,,,,,,,19,,,,,B03,,,1,,2,,,19,,1,21,,B03,120.562819,24.263404,3
2022,11,29,18,26,臺中市,沙鹿區,0,0,0,8,,,60,,,,,,,,,,,,,,,23,,,,,B03,,,1,,2,,,23,,1,5,,B03,120.581421,24.209662,3
2022,11,29,18,28,臺中市,北屯區,0,0,0,6,,,50,,,,,,,,,,,,,,,7,,,,,B03,,7,1,,1,4,,7,7,1,23,8,B03,120.671578,24.192699,3